t,x_gt,y_gt,vx_gt,vy_gt,psi_gt,ax_imu,ay_imu,omega_imu,Bx_gt_nT,By_gt_nT,Bz_gt_nT
0.0,500.0,500.0,1.2217279953283082,1.0471890446942211,0.7086232617860987,0.0003095089885573468,0.0009816036286792605,9.546753024360374e-05,20000.0,-5000.0,65943.98258434632
1.0,501.2217279953283,501.0471890446942,1.2217205521432675,1.0471635254359057,0.7086142307048857,-0.00109662819244264,0.0024638481123575705,7.313320056344979e-05,20000.0,-5000.0,65841.96059568918
2.0,502.44344110428653,502.0943270508718,1.2216982226788673,1.0470869689046651,0.7085871365122449,0.0007508110748244215,-0.0015473892230119344,3.0211219854439137e-05,20000.0,-5000.0,65739.73645654653
3.0,503.66512444068604,503.14136298250355,1.2216610072071603,1.0469593788317582,0.708541976361126,0.0009336723113338584,0.001363615995488585,-4.5113619707885e-05,20000.0,-5000.0,65637.3185936989
4.0,504.88676311870086,504.1882458085353,1.2216089061815865,1.046780761435798,0.7084787455058412,-0.0020889172382810386,-0.00013117508347404737,-0.00013698464522977625,20000.0,-5000.0,65534.71548461969
5.0,506.1083422530492,505.23492450537515,1.22154192023703,1.0465511254222974,0.7083974373010391,-0.0014288930145983357,0.0005833272742743051,-0.00019092929787090958,20000.0,-5000.0,65431.93565562188
6.0,507.3298469591749,506.2813480593799,1.2214600501897053,1.046270481983413,0.7082980432005277,4.3661890363584145e-05,-0.0020200795078212184,5.074937329127343e-05,20000.0,-5000.0,65328.98767998167
7.0,508.5512623534286,507.327465469342,1.221363297037101,1.0459388447973197,0.7081805527555836,-0.0004331345778891976,0.0011699027172943012,-3.2157686909416375e-05,20000.0,-5000.0,65225.880176039675
8.0,509.7725735532491,508.37322574897456,1.2212516619581493,1.045556230027529,0.7080449536128264,-0.00013655112473811567,0.0004100029760746388,-0.00023022366414224033,20000.0,-5000.0,65122.62180528061
9.0,510.9937656773449,509.41857792939703,1.2211251463131134,1.0451226563221212,0.7078912315118536,-0.0010212507668676206,-0.0004995149697801653,-0.00015787589062016578,20000.0,-5000.0,65019.22127039233
10.0,512.2148238458753,510.4634710616188,1.2209837516435016,1.0446381448128932,0.7077193702825063,0.0007658745122163354,0.0001610468466411144,-0.0002179780636385886,20000.0,-5000.0,64915.68731330513
11.0,513.4357331806319,511.5078542190228,1.2208274796722662,1.0441027191142496,0.7075293518415824,0.0006453124062618921,-0.001357101449050526,-0.00033834338249980544,20000.0,-5000.0,64812.028713212276
12.0,514.6564788052199,512.5516764998473,1.220656332303463,1.0435164053220944,0.7073211561894527,-0.00010990204252629098,-0.0012144494928281633,-0.0001953706546780253,20000.0,-5000.0,64708.254284572715
13.0,515.8770458452389,513.594887029667,1.220470311622364,1.0428792320125808,0.7070947614061079,0.0009790463385316343,-0.0011446405249830455,-0.0002867836399829045,20000.0,-5000.0,64604.37287509659
14.0,517.0974194284646,514.6374349638725,1.2202694198957715,1.042191230240519,0.7068501436466468,0.00027795489555451793,-0.0026405183974576984,-0.00037129793740024427,20000.0,-5000.0,64500.39336371533
15.0,518.3175846850304,515.679269490148,1.220053659571363,1.0414524335381543,0.7065872771370105,-0.0011169883468047515,0.00013218392265980817,-0.0004545495385916107,20000.0,-5000.0,64396.32465853635
16.0,519.5375267476073,516.7203398309488,1.2198230332780895,1.0406628779135758,0.7063061341688008,0.00014549910631030723,0.00042452300235534465,-0.0004832903519739977,20000.0,-5000.0,64292.17569478372
17.0,520.7572307515866,517.7605952459752,1.2195775438261762,1.0398226018484138,0.7060066850936012,-0.0012503034854210125,-0.0015951205441224192,-0.00035445689240125446,20000.0,-5000.0,64187.95543272625
18.0,521.9766818352597,518.7999850346456,1.2193171942067238,1.0389316462965894,0.7056888983176384,0.00064594399076967,-0.0005540894126938675,-0.00033747426002354316,20000.0,-5000.0,64083.672855593286
19.0,523.19586514,519.8384585385684,1.2190419875921066,1.0379900546820977,0.7053527402953443,-0.00033456398711229865,-0.0012430892373388092,-0.00045338525946501967,20000.0,-5000.0,63979.33696747955
20.0,524.4147658104439,520.8759651440098,1.2187519273355178,1.036997872896677,0.7049981755228876,-0.0004897703243832012,-0.0006759977729778011,-0.00028347690702466654,20000.0,-5000.0,63874.95679124029
21.0,525.6333689946711,521.9124542843617,1.2184470169713109,1.0359551492979335,0.7046251665312769,-0.0010206039971334937,-0.0017207450104670592,-0.0003903401444919064,20000.0,-5000.0,63770.54136637732
22.0,526.8516598443865,522.9478754426057,1.2181272602147715,1.0348619347067256,0.7042336738790228,0.0009444511895812637,-0.0020373301610327765,-0.0003295598071302334,20000.0,-5000.0,63666.09974691725
23.0,528.0696235151006,523.9821781537752,1.2177926609619476,1.033718282404834,0.7038236561445869,-0.0005027526597761853,-7.452516706302941e-05,-0.00044187562569359757,20000.0,-5000.0,63561.64099928304
24.0,529.2872451663104,525.0153120074153,1.2174432232898766,1.0325242481321766,0.7033950699181317,-0.0008023809253519896,-0.001285631296753467,-0.000535034050976829,20000.0,-5000.0,63457.174200159774
25.0,530.5045099616804,526.0472266500395,1.2170789514563012,1.0312798900843063,0.7029478697932879,-0.0007379592200571831,0.0008338116796571919,-0.0004424471407807942,20000.0,-5000.0,63352.70843435567
26.0,531.721403069223,527.077871787584,1.2166998498998396,1.02998526890957,0.7024820083582504,0.00016716851925328879,-0.0012715517724563453,-0.0006310477768447679,20000.0,-5000.0,63248.2527926596
27.0,532.93790966148,528.1071971878587,1.216305923239645,1.028640447705925,0.7019974361865925,-2.121932537330908e-05,-0.002333150656229919,-0.0004273793152967879,20000.0,-5000.0,63143.81636969595
28.0,534.1540149157023,529.1351526829958,1.2158971762755755,1.0272454920180394,0.7014941018276833,1.3150152548565002e-05,-0.00014378355231883843,-0.0006283989788471143,20000.0,-5000.0,63039.40826177817
29.0,535.3697040140312,530.1616881718948,1.2154736139881948,1.0258004698340528,0.700971951796683,1.7152091764624424e-05,-0.0008138919716046989,-0.0004182634198368554,20000.0,-5000.0,62935.03756476174
30.0,536.5849621436787,531.1867536226639,1.2150352415384305,1.0243054515823928,0.7004309305643764,0.0017818648333123724,-0.0007639213666562676,-0.0005922556046587614,20000.0,-5000.0,62830.713371897975
31.0,537.799774497108,532.2102990750595,1.2145820642676313,1.0227605101280801,0.6998709805462711,-0.0008833104374409385,-0.0003314593632136179,-0.000438313346664068,20000.0,-5000.0,62726.4447716895
32.0,539.014126272214,533.2322746429201,1.2141140876976237,1.0211657207694316,0.6992920420915575,-0.0010081838250308396,-0.002298682018221307,-0.0007270102987955587,20000.0,-5000.0,62622.240845748485
33.0,540.2280026725033,534.2526305165984,1.2136313175307123,1.019521161234195,0.6986940534714888,-0.001336611605180497,-0.001801767369748701,-0.0006911914852346909,20000.0,-5000.0,62518.1106666589
34.0,541.4413889072754,535.2713169653885,1.2131337596491676,1.0178269116758543,0.6980769508677197,0.00013576371010489362,-0.0018973872199769583,-0.0005796800731099174,20000.0,-5000.0,62414.06329584355
35.0,542.6542701918016,536.2882843399501,1.2126214201155676,1.0160830546698776,0.6974406683599411,0.0006545758969756193,-0.003111191221901366,-0.0005014514338673048,20000.0,-5000.0,62310.10778143737
36.0,543.8666317475065,537.3034830747282,1.212094305172684,1.014289675209227,0.6967851379130101,-0.0006530221472106579,-0.0020922708874343255,-0.0004595076010712564,20000.0,-5000.0,62206.25315616751
37.0,545.078458802147,538.3168636903686,1.211552421243141,1.012446860700777,0.69611028936428,-0.0014231558195185315,-0.000477448947669502,-0.0006794386120831253,20000.0,-5000.0,62102.50843524173
38.0,546.2897365899928,539.3283767961298,1.2109957749297564,1.010554700960654,0.6954160504097975,-0.0014216101529303778,-0.001669918469060496,-0.00047716892265710624,20000.0,-5000.0,61998.8826142459
39.0,547.5004503520065,540.3379730922899,1.2104243730150301,1.0086132882100856,0.6947023465907604,9.793935515734517e-05,-0.003366100740932146,-0.0007592230565985391,20000.0,-5000.0,61895.384667051825
40.0,548.7105853360229,541.3456033725499,1.2098382224612578,1.0066227170707975,0.6939691012791676,0.00017957623890982538,-0.0036334117787609477,-0.000607452799290676,20000.0,-5000.0,61792.02354373599
41.0,549.920126796929,542.3512185264315,1.2092373304105877,1.0045830845604087,0.6932162356631569,-4.32959728599695e-05,-0.000332492832771673,-0.0008789940478469743,20000.0,-5000.0,61688.80816851109
42.0,551.129059996844,543.3547695416707,1.2086217041846794,1.00249449008777,0.6924436687321429,-0.0013152210205759208,-0.0022069700831385142,-0.0007306008213945173,20000.0,-5000.0,61585.74743767027
43.0,552.3373702052984,544.356207506607,1.2079913512846474,1.000357035447962,0.6916513172613374,-0.0003962292608568139,-0.002835237854364013,-0.0010912828030138738,20000.0,-5000.0,61482.85021754615
44.0,553.5450426994133,545.3554836125667,1.2073462793912313,0.9981708248175778,0.6908390957959832,-0.0005310564464825882,-0.002495528515775087,-0.000960619690030576,20000.0,-5000.0,61380.12534248473
45.0,554.7520627640808,546.3525491562422,1.2066864963644548,0.9959359647493216,0.6900069166351244,-0.0004396651254073401,-0.00379575539450327,-0.0007846088130222764,20000.0,-5000.0,61277.581612835915
46.0,555.9584156921422,547.3473555420653,1.2060120102434553,0.9936525641672347,0.6891546898152816,0.00022458509523793485,-0.000827379490771669,-0.0010242693316298256,20000.0,-5000.0,61175.22779296091
47.0,557.1640867845678,548.3398542845766,1.205322829246768,0.9913207343610679,0.6882823230931879,-0.0004639508098474949,-0.002764822513149229,-0.0008297926338637098,20000.0,-5000.0,61073.07260925807
48.0,558.3690613506358,549.3299970107875,1.2046189617718142,0.9889405889808245,0.687389721928597,-5.0329168069581254e-06,-0.000981939310663024,-0.0007908977210933688,20000.0,-5000.0,60971.12474820777
49.0,559.5733247081114,550.3177354625383,1.2039004163949016,0.9865122440314167,0.6864767894666061,-0.0006555874251516655,-0.002398659906960004,-0.000985017341560793,20000.0,-5000.0,60869.39285443735
50.0,560.7768621834256,551.3030214988503,1.2031672018713948,0.9840358178669817,0.6855434265194078,-0.00043981642019970537,-0.0010134754413481458,-0.0010632107525079008,20000.0,-5000.0,60767.88552880703
51.0,561.9796591118542,552.2858070982722,1.2024193271352033,0.9815114311851403,0.6845895315479593,-9.856438150703938e-05,-0.00228130404762448,-0.001022733927882129,20000.0,-5000.0,60666.61132651769
52.0,563.181700837696,553.2660443612206,1.2016568012989524,0.978939207020801,0.6836150006428149,-0.0022855107288990346,-0.001708588299278661,-0.0011040962179506531,20000.0,-5000.0,60565.578755241295
53.0,564.3829727144521,554.2436855123138,1.2008796336538126,0.9763192707405892,0.6826197275050784,-0.001116990568101797,-0.0018957622010656744,-0.0010181897189262764,20000.0,-5000.0,60464.79627327524
54.0,565.5834601050036,555.2186829027017,1.200087833669329,0.9736517500364812,0.6816036034266301,-0.0012883705319333182,-0.0020429302697444786,-0.0010140057648295611,20000.0,-5000.0,60364.27228772075
55.0,566.7831483817907,556.1909890123868,1.1992814109933079,0.9709367749196645,0.6805665172701159,-0.0014782593767837962,-0.0023767313118183524,-0.00108538974332432,20000.0,-5000.0,60264.01515268681
56.0,567.9820229269902,557.1605564525411,1.1984603754517025,0.9681744777143422,0.679508355448582,-0.00111452681975558,-0.00302809114407085,-0.00086211929121483,20000.0,-5000.0,60164.033167520196
57.0,569.1800691326941,558.1273379678155,1.1976247370487272,0.9653649930507981,0.678429001904321,0.0007120319115107123,-0.0008406661134514161,-0.0011787927623284505,20000.0,-5000.0,60064.33457506223
58.0,570.3772724010877,559.0912864386427,1.196774505966232,0.9625084578593714,0.6773283380881547,-0.0017581184751127772,-0.0038233434412292848,-0.000939657963019197,20000.0,-5000.0,59964.92755993339
59.0,571.5736181446266,560.0523548835342,1.1959096925640438,0.959605011363692,0.6762062429376325,0.00013505767144686063,-0.002922350788803975,-0.0012613755065387765,20000.0,-5000.0,59865.8202468461
60.0,572.7690917862158,561.01049646137,1.1950303073797386,0.9566547950735185,0.6750625928549412,-0.0026371065938582622,-0.0029580457152728725,-0.0011455088979077626,20000.0,-5000.0,59767.020698946886
61.0,573.9636787593861,561.9656644736813,1.1941363611281872,0.9536579527782578,0.6738972616849407,-0.0012495527755607423,-0.002601482588692231,-0.001030225002648606,20000.0,-5000.0,59668.5369161881
62.0,575.1573645084721,562.9178123669266,1.1932278647018961,0.9506146305398033,0.6727101206922173,-0.0007464780025333642,-0.0035132050100173356,-0.001058486923740871,20000.0,-5000.0,59570.37683373047
63.0,576.3501344887899,563.8668937347609,1.1923048291707232,0.9475249766853722,0.6715010385380862,-0.00032053894964807533,-0.0027853602737385203,-0.0012719851797429328,20000.0,-5000.0,59472.548320376576
64.0,577.5419741668136,564.8128623202973,1.1913672657814232,0.9443891418003432,0.6702698812573602,-0.0002050376383696597,-0.003334470986803304,-0.0011737601021386463,20000.0,-5000.0,59375.05917703627
65.0,578.7328690203527,565.7556720183616,1.1904151859579315,0.941207278720924,0.6690165122344315,-0.00013413028288480737,-0.004850271198049007,-0.001212565390110803,20000.0,-5000.0,59277.91713522458
66.0,579.9228045387295,566.6952768777392,1.1894486013011942,0.9379795425265343,0.6677407921790985,-0.0013365583732274755,-0.003240658261635182,-0.0013536023038912205,20000.0,-5000.0,59181.12985559252
67.0,581.1117662229551,567.6316311034146,1.1884675235885425,0.9347060905324724,0.6664425791024386,-0.001469234547503315,-0.004440985692667592,-0.0012335154584519551,20000.0,-5000.0,59084.704926491526
68.0,582.2997395859065,568.5646890588041,1.1874719647740903,0.9313870822822992,0.6651217282918327,-0.0001103677074414445,-0.005145730849014481,-0.0011023868890953812,20000.0,-5000.0,58988.64986257232
69.0,583.4867101525033,569.4944052679792,1.1864619369885645,0.9280226795397652,0.6637780922857109,-0.0012162417525821765,-0.003244648900306576,-0.0012968895318503232,20000.0,-5000.0,58892.97210341794
70.0,584.6726634598837,570.4207344178836,1.1854374525387925,0.9246130462810243,0.662411520848314,-0.0023586146130879786,-0.0029246924425367794,-0.001308219696055196,20000.0,-5000.0,58797.679012212415
71.0,585.8575850575809,571.3436313605413,1.1843985239077597,0.9211583486868449,0.6610218609439622,-0.0022249357027225437,-0.002929299389579953,-0.0013183291274750934,20000.0,-5000.0,58702.77787444486
72.0,587.0414605076992,572.2630511152573,1.1833451637544385,0.9176587551343118,0.6596089567108946,-0.0020169399138044155,-0.0029320123295295685,-0.001604909866817247,20000.0,-5000.0,58608.275896649626
73.0,588.2242753850898,573.1789488708099,1.182277384913732,0.9141144361886404,0.6581726494348759,-0.0005578587840406834,-0.005576782198938989,-0.001391291695550584,20000.0,-5000.0,58514.18020518317
74.0,589.4060152775266,574.0912799876346,1.181195200396246,0.9105255645950479,0.6567127775226652,-0.0009412363048623315,-0.005026725357237345,-0.0015972182512746617,20000.0,-5000.0,58420.49784503756
75.0,590.5866657858822,575.0,1.1800986233880053,0.9068923152699995,0.655229176474952,-0.00038555663869395786,-0.0016025867749744748,-0.0015683492935223086,20000.0,-5000.0,58327.23577869152
76.0,591.7662125243027,575.9050646181746,1.1789876672503965,0.9032148652928527,0.6537216788591911,-0.001562546759830498,-0.004788717294357809,-0.00125271847824897,20000.0,-5000.0,58234.40088499901
77.0,592.944641120383,576.8064297305857,1.1778623455201682,0.8994933938974441,0.65219011428218,-0.0009675922452287672,-0.003108023706934496,-0.0015749406285708951,20000.0,-5000.0,58141.999958115666
78.0,594.121937215343,577.7040514059695,1.1767226719089763,0.8957280824630516,0.6506343093622962,-0.0004961333166458499,-0.004501659448089003,-0.0016593607041991123,20000.0,-5000.0,58050.03970646362
79.0,595.298086464201,578.5978858955118,1.1755686603033837,0.8919191145056402,0.6490540877015171,-0.0014829410892348532,-0.00374783161353094,-0.0014502756004686668,20000.0,-5000.0,57958.52675173482
80.0,596.4730745359498,579.4878896349808,1.1744003247646333,0.8880666756688242,0.6474492698572133,-0.0007003745701352662,-0.00453276121490281,-0.0017341632489996286,20000.0,-5000.0,57867.46762793302
81.0,597.6468871137303,580.3740192468495,1.173217679528534,0.8841709537151132,0.6458196733138963,-0.0018782966746006768,-0.0033331802484913597,-0.001697296225835805,20000.0,-5000.0,57776.86878045492
82.0,598.8195098950068,581.256231542411,1.1720207390052337,0.8802321385165328,0.6441651124545376,-0.0015817121709144869,-0.0038179999211915045,-0.0015129875975734514,20000.0,-5000.0,57686.73656521023
83.0,599.9909285917407,582.1344835238825,1.1708095177791051,0.8762504220453025,0.6424853985317486,-0.001615419749577573,-0.004469359718317426,-0.0016871083164821084,20000.0,-5000.0,57597.07724778138
84.0,601.161128930565,583.0087323865016,1.1695840306085756,0.8722259983647405,0.6407803396390059,-0.0024764680433065323,-0.005138018166288763,-0.0019105509492050126,20000.0,-5000.0,57507.89700262243
85.0,602.3300966529579,583.878935520612,1.1683442924256724,0.8681590636195438,0.6390497406815647,-0.0007403305866537372,-0.0038095652198213907,-0.0016763325299115497,20000.0,-5000.0,57419.201912297765
86.0,603.4978175154164,584.7450505137407,1.1670903183362498,0.8640498160263519,0.6372934033471823,-0.0017493343302818366,-0.005391716134702764,-0.001818236510716357,20000.0,-5000.0,57330.99796676039
87.0,604.6642772896304,585.6070351526647,1.1658221236195914,0.8598984558641405,0.6355111260769601,-0.001262301517553671,-0.003727669888696708,-0.0016053113251799545,20000.0,-5000.0,57243.2910626701
88.0,605.8294617626556,586.464847425469,1.1645397237282964,0.8557051854643305,0.6337027040358889,-0.0007894449192821234,-0.0014821789931877762,-0.0018964100980218693,20000.0,-5000.0,57156.087002751185
89.0,606.993356737087,587.3184455235934,1.1632431342879954,0.8514702092010111,0.6318679290835263,-0.0008392158824748236,-0.002851343497551075,-0.00171832175839231,20000.0,-5000.0,57069.39149519028
90.0,608.1559480312316,588.167787843871,1.1619323710972367,0.8471937334809354,0.6300065897445034,-0.0006257402240451771,-0.003549930021737088,-0.0016555839940987345,20000.0,-5000.0,56983.2101530738
91.0,609.3172214792814,589.0128329905552,1.160607450127145,0.8428759667334589,0.6281184711791444,-0.0014344316918042765,-0.004427351668500706,-0.0020066351044411668,20000.0,-5000.0,56897.54849386519
92.0,610.4771629314859,589.8535397773379,1.1592683875215357,0.8385171194004784,0.6262033551539774,-0.0017864199812880801,-0.006395879422061253,-0.0019525706620741672,20000.0,-5000.0,56812.41193892195
93.0,611.6357582543245,590.6898672293562,1.1579151995965162,0.8341174039260864,0.6242610200124048,-0.001443161421707874,-0.0057954215727821935,-0.0019080956820114962,20000.0,-5000.0,56727.8058130522
94.0,612.7929933306789,591.5217745851901,1.1565479028401455,0.8296770347462825,0.6222912406455192,-0.0031294276467227454,-0.003126287874789924,-0.0020894237420051873,20000.0,-5000.0,56643.735344110886
95.0,613.9488540600048,592.3492212988488,1.1551665139126044,0.8251962282782301,0.6202937884626236,-0.0028936439744288965,-0.005322382527064385,-0.001978046619047636,20000.0,-5000.0,56560.20566263526
96.0,615.1033263585041,593.1721670417465,1.1537710496456839,0.8206752029101381,0.6182684313625907,-0.002778302488755759,-0.005268353327186994,-0.002067185559587019,20000.0,-5000.0,56477.22180151977
97.0,616.2563961592962,593.990571704669,1.152361527042558,0.8161141789905173,0.6162149337049944,-0.002453831772628866,-0.004753213770961697,-0.0020979321665751606,20000.0,-5000.0,56394.78869572986
98.0,617.4080494125892,594.8043953997276,1.1509379632778973,0.8115133788172102,0.6141330562812475,-0.0010147495882230505,-0.005725266048595783,-0.002090149055119691,20000.0,-5000.0,56312.9111820548
99.0,618.558272085852,595.6135984623035,1.1495003756974143,0.8068730266266471,0.6120225562864225,-0.002386426858856759,-0.005936041446892818,-0.0021161394730260913,20000.0,-5000.0,56231.59399889906
100.0,619.707050163984,596.4181414529809,1.1480487818175789,0.8021933485831028,0.6098831872913655,-0.0018519348390383635,-0.004751727652868048,-0.002133703450453529,20000.0,-5000.0,56150.841786112236
101.0,620.8543696494871,597.2179851594697,1.1465831993256188,0.7974745727674417,0.6077146992148033,-0.00012117255744424757,-0.0056655361278045505,-0.0022570777018273724,20000.0,-5000.0,56070.659084857
102.0,622.0002165626353,598.0130905985158,1.1451036460792352,0.792716929166204,0.605516838296219,-0.0018570984011784626,-0.005547733739155137,-0.0022811917113051243,20000.0,-5000.0,55991.050337515124
103.0,623.1445769416456,598.8034190178021,1.1436101401063183,0.7879206496602364,0.6032893470689631,-0.0007333447169751912,-0.005628038224774298,-0.002257072280482022,20000.0,-5000.0,55912.01988763088
104.0,624.2874368428479,599.5889318978362,1.1421026996047772,0.7830859680133244,0.6010319643338699,-0.0024855031661129637,-0.004310430717844193,-0.0022779846609537156,20000.0,-5000.0,55833.57197989189
105.0,625.4287823408552,600.3695909538287,1.1405813429421983,0.7782131198611637,0.5987444251337556,-0.0017419918242997988,-0.005133258729544721,-0.0023569116986916824,20000.0,-5000.0,55755.71076014676
106.0,626.5685995287323,601.1453581375586,1.1390460886558458,0.7733023426993668,0.5964264607278682,-0.0025303613773103133,-0.005115364038826951,-0.002293334785574674,20000.0,-5000.0,55678.44027545944
107.0,627.7068745181668,601.9161956392275,1.137496955452491,0.7683538758723785,0.594077798567672,-0.001908709260255107,-0.004346276416488611,-0.0025881151721022493,20000.0,-5000.0,55601.76447419968
108.0,628.8435934396373,602.6820658893033,1.1359339622076732,0.7633679605614816,0.5916981622731088,-0.0006958652951850385,-0.005152260875856775,-0.0024854128146037774,20000.0,-5000.0,55525.687206169074
109.0,629.9787424425822,603.4429315603504,1.134357127965984,0.7583448397731445,0.5892872716094981,-0.00338042145723259,-0.005331027416434051,-0.0024612067527584433,20000.0,-5000.0,55450.21222276307
110.0,631.1123076955693,604.1987555688496,1.1327664719406698,0.7532847583271973,0.5868448424655337,-0.0011456904711134213,-0.004589098441337624,-0.0025639984875249194,20000.0,-5000.0,55375.343177167255
111.0,632.2442753864635,604.9495010770048,1.1311620135133467,0.7481879628447814,0.5843705868320903,-0.0013640686180840034,-0.004420000766530574,-0.0022892499510126364,20000.0,-5000.0,55301.08362458861
112.0,633.374631722596,605.6951314945392,1.1295437722338875,0.7430547017366393,0.5818642127822375,-0.0022431292939964443,-0.005304347666922626,-0.002520253385095018,20000.0,-5000.0,55227.43702252068
113.0,634.5033629309313,606.4356104804781,1.1279117678200237,0.7378852251906665,0.5793254244520671,-0.003142996452115459,-0.005103613924615438,-0.0025333296300607553,20000.0,-5000.0,55154.40673104219
114.0,635.630455258236,607.1709019449205,1.1262660201572885,0.732679785159803,0.5767539220228175,-0.0015775835869103743,-0.006036475831754145,-0.002647648525684097,20000.0,-5000.0,55081.99601314891
115.0,636.7558949712459,607.9009700507977,1.1246065492984485,0.727438635349813,0.5741494017044553,-0.002217075409869387,-0.006154118429650478,-0.0026231304816907554,20000.0,-5000.0,55010.20803511808
116.0,637.8796683568329,608.6257792156201,1.122933375463674,0.7221620312070058,0.5715115557203309,-0.001437996431016948,-0.004494172173199716,-0.0028046432856033304,20000.0,-5000.0,54939.04586690472
117.0,639.0017617221732,609.3452941132117,1.1212465190401986,0.716850229905674,0.5688400722933646,-0.001670957881432223,-0.004866462922797722,-0.002709417743556474,20000.0,-5000.0,54868.51248256965
118.0,640.1221613949133,610.0594796754315,1.1195460005816358,0.7115034903354172,0.5661346356338999,-4.124510622462098e-05,-0.004890498687177966,-0.002838212592172864,20000.0,-5000.0,54798.610760738324
119.0,641.2408537233365,610.7683010938825,1.1178318408083783,0.7061220730888067,0.5633949259290366,-0.001969936295527253,-0.005106493644551859,-0.002791243473711162,20000.0,-5000.0,54729.343485090256
120.0,642.35782507653,611.4717238216091,1.1161040606069719,0.7007062404485964,0.5606206193339052,-0.0027991731678280425,-0.005384849913075927,-0.0031076970276310806,20000.0,-5000.0,54660.71334487808
121.0,643.4730618445504,612.1697135747797,1.1143626810297746,0.695256256374762,0.5578113879646375,-0.0015616946906545,-0.004742552543246208,-0.00296607044825083,20000.0,-5000.0,54592.72293547599
122.0,644.5865504385896,612.8622363343586,1.112607723294957,0.6897723864918817,0.554966899893458,-0.0015329060633343264,-0.004528023613997593,-0.0026816162526597177,20000.0,-5000.0,54525.374758956896
123.0,645.6982772911404,613.5492583477635,1.1108392087862171,0.6842548980759489,0.5520868191456882,-0.00036152002885261316,-0.004586347313021071,-0.002795564875040764,20000.0,-5000.0,54458.67122469749
124.0,646.808228856162,614.2307461305105,1.1090571590522131,0.6787040600415821,0.5491708056994101,-0.0009201636004313767,-0.005672201955300784,-0.0027713646803995294,20000.0,-5000.0,54392.614650010895
125.0,647.9163916092448,614.9066664678467,1.1072615958066763,0.6731201429289513,0.5462185154870949,-0.0014311088064393313,-0.004157636887419487,-0.002799339229029709,20000.0,-5000.0,54327.207260806106
126.0,649.0227520477754,615.5769864163684,1.1054525409281268,0.667503418890135,0.5432296003995762,-0.0002937317950757437,-0.005395356721065615,-0.0029243479205912338,20000.0,-5000.0,54262.45119227367
127.0,650.127296691101,616.2416733056269,1.1036300164591921,0.6618541616763309,0.5402037082934449,-0.0030657427945313806,-0.005007618577002767,-0.0031004487704833564,20000.0,-5000.0,54198.348489596836
128.0,651.2300120806938,616.9006947397211,1.1017940446067769,0.6561726466244977,0.5371404830005816,-0.002508123391689096,-0.005404091145836383,-0.003210082657831101,20000.0,-5000.0,54134.90110868775
129.0,652.3308847803146,617.5540185988759,1.0999446477416654,0.6504591506435986,0.5340395643406578,-0.002819878207722313,-0.005472422614847578,-0.0029784237638866276,20000.0,-5000.0,54072.110916947895
130.0,653.4299013761771,618.2016130410083,1.0980818483981238,0.6447139522013572,0.5309005881371429,-0.002274950800151543,-0.006526203796794346,-0.0031502204979686464,20000.0,-5000.0,54009.9796940521
131.0,654.5270484771108,618.8434465032786,1.0962056692737292,0.6389373313106148,0.5277231862362896,-0.00331482085729455,-0.005062679650062325,-0.0028890049310499074,20000.0,-5000.0,53948.50913275554
132.0,655.6223127147246,619.4794877036295,1.094316133229313,0.6331295695156882,0.524506986529583,-0.0012355492699605464,-0.0028636511859381464,-0.003280844616039212,20000.0,-5000.0,53887.70083972308
133.0,656.7156807435695,620.10970564231,1.0924132632881083,0.627290949878784,0.5212516129802319,-0.0021406707478310106,-0.006243750236637687,-0.0030316686235665447,20000.0,-5000.0,53827.55633638016
134.0,657.8071392413008,620.7340696033871,1.0904970826359204,0.6214217569660718,0.5179566856528962,-0.0034526868944234857,-0.005810491205567137,-0.0033342463267351566,20000.0,-5000.0,53768.07705978467
135.0,658.8966749088413,621.3525491562422,1.0885676146210699,0.6155222768335307,0.514621820747413,-0.0029924568658984234,-0.006378601411535445,-0.0031901411876812144,20000.0,-5000.0,53709.26436351904
136.0,659.9842744705429,621.9651141570541,1.0866248827533695,0.6095927970135335,0.5112466306376832,-0.0016232498065449539,-0.00645195019303664,-0.003186153895263603,20000.0,-5000.0,53651.11951860203
137.0,661.069924674348,622.5717347502692,1.0846689107043517,0.6036336065007504,0.5078307239140711,-0.0010908009397675002,-0.004367437949733372,-0.003562708347621771,20000.0,-5000.0,53593.6437144193
138.0,662.1536122919516,623.1723813700556,1.082699722306927,0.5976449957375394,0.5043737054303565,0.0001011196695415743,-0.006703167307097548,-0.0035376290479957897,20000.0,-5000.0,53536.83805967225
139.0,663.2353241189619,623.7670247417443,1.0807173415551006,0.5916272566003045,0.5008751763562506,0.0010418959156376544,-0.006525272574373054,-0.0036469690916310364,20000.0,-5000.0,53480.703583344424
140.0,664.3150469750618,624.3556358832562,1.0787217926035169,0.5855806823852845,0.4973347342347238,-0.0015710719657208952,-0.007712078726670685,-0.0037133933054295082,20000.0,-5000.0,53425.241235684654
141.0,665.3927677041689,624.9381861065149,1.0767130997672325,0.5795055677940013,0.49375197304437846,-0.0030445228996705868,-0.006877268316567492,-0.0035218004856045594,20000.0,-5000.0,53370.45188920648
142.0,666.4684731745963,625.5146470188442,1.0746912875217163,0.5734022089188784,0.49012648326746977,-0.004246012490887317,-0.007894328373032045,-0.003671327118720779,20000.0,-5000.0,53316.336339702895
143.0,667.5421502792124,626.0849905243526,1.0726563805020533,0.56727090322903,0.4864578519642334,-0.001762981314207736,-0.005487956565927866,-0.0036839475005549503,20000.0,-5000.0,53262.89530727603
144.0,668.6137859356004,626.6491888253023,1.0706084035027743,0.5611119495556522,0.48274566285281345,-0.0029000820680468564,-0.0032605160506084664,-0.0036655304132131774,20000.0,-5000.0,53210.129437380776
145.0,669.6833670862179,627.2072144234639,1.0685473814780266,0.5549256480774147,0.47898949639545657,-0.002499566793580592,-0.006581226418090171,-0.004007592932487956,20000.0,-5000.0,53158.039301881865
146.0,670.7508806985564,627.7590401214571,1.066473339540721,0.5487123003060219,0.4751889298918971,-0.0027172131557865213,-0.007960401612883439,-0.003664175221379364,20000.0,-5000.0,53106.62540012371
147.0,671.8163137652994,628.304639024076,1.0643863029621912,0.5424722090712635,0.471343537579121,-0.0022399651494830284,-0.0053171741722866026,-0.00391110247963532,20000.0,-5000.0,53055.88816001219
148.0,672.8796533044808,628.8439845395997,1.0622862971724771,0.5362056785062919,0.46745289073829943,-0.000997695804649734,-0.007035710192404224,-0.0038477844213430966,20000.0,-5000.0,53005.82793910798
149.0,673.9408863596443,629.3770503810886,1.0601733477595872,0.5299130140330703,0.46351655780978274,-0.001956053921950117,-0.004954059371702039,-0.0038827888202884876,20000.0,-5000.0,52956.44502573019
150.0,675.0,629.9038105676658,1.0580474804689857,0.523594522347139,0.4595341045153389,-0.002297317669741703,-0.00662460447991829,-0.00383655722579212,20000.0,-5000.0,52907.73964007046
151.0,676.0569813205823,630.4242394257828,1.0559087212036502,0.5172505114028354,0.4555050939886705,-0.0032224298631970275,-0.0070138005212218016,-0.004065449608784393,20000.0,-5000.0,52859.711935316125
152.0,677.1118174424073,630.9383115904715,1.053757096023844,0.5108812903983448,0.45142908691438793,-0.003899970357664574,-0.006566773783405318,-0.004361811507392034,20000.0,-5000.0,52812.36199878207
153.0,678.16449551263,631.4460020065795,1.0515926311463772,0.5044871697604663,0.447305641675754,-0.0026767058333848374,-0.00561821138793398,-0.004140335887515401,20000.0,-5000.0,52765.689853050666
154.0,679.2150027047,631.9472859299924,1.049415352944493,0.4980684611297761,0.44313431451162877,-0.0022396136436410646,-0.0066673983016131855,-0.0041707210780166344,20000.0,-5000.0,52719.69545711906
155.0,680.263326218519,632.4421389288391,1.0472252879477537,0.4916254773448827,0.43891465968218196,-0.00035752867270864245,-0.006971633696740492,-0.004371684097658062,20000.0,-5000.0,52674.378707553136
156.0,681.3094532805956,632.9305368846822,1.0450224628413594,0.48515853242776075,0.43464622964546146,-0.0020736863967601646,-0.006685583038882321,-0.004274839894081733,20000.0,-5000.0,52629.739439647616
157.0,682.3533711442017,633.4124559936946,1.0428069044660333,0.4786679415683466,0.4303285752433453,-0.0011997127418875472,-0.007825178764325293,-0.004387046391765616,20000.0,-5000.0,52585.77742859146
158.0,683.3950670895276,633.8878727678189,1.0405786398177383,0.472154021108679,0.42596124589770834,-0.0027539476783653752,-0.006112453182893033,-0.004558106562769509,20000.0,-5000.0,52542.49239063818
159.0,684.4345284238372,634.356764035912,1.0383376960470514,0.4656170885281199,0.42154378981844026,-0.003479791672016146,-0.00840674712977007,-0.004359875594040573,20000.0,-5000.0,52499.88398428034
160.0,685.4717424816217,634.8191069448751,1.0360841004591634,0.45905746242755185,0.41707575422166787,-0.003263776193862768,-0.007032766962607291,-0.004563123375196903,20000.0,-5000.0,52457.95181142748
161.0,686.5066966247555,635.2748789607671,1.0338178805135385,0.4524754625139167,0.41255668555997616,-0.0030268638823208686,-0.005803150144316579,-0.004594964875181943,20000.0,-5000.0,52416.69541858708
162.0,687.5393782426488,635.7240578699029,1.0315390638232884,0.44587140958464033,0.40798612976461385,-7.11684759046689e-05,-0.006299702130309637,-0.004653614965377128,20000.0,-5000.0,52376.11429804788
163.0,688.569774752402,636.1666217799363,1.029247678155059,0.43924562551183044,0.4033636324996755,-0.0031520234469283497,-0.006022464872811331,-0.004496220534793488,20000.0,-5000.0,52336.20788906484
164.0,689.5978735989589,636.6025491209266,1.0269437514286892,0.43259843322687175,0.39868873942940836,-0.001438026739161503,-0.00672539181013713,-0.004706367603910952,20000.0,-5000.0,52296.975579045386
165.0,690.6236622552594,637.0318186463901,1.024627311716813,0.4259301567046805,0.3939609964983557,-0.0032618638797492975,-0.005461941950479629,-0.004744632623424364,20000.0,-5000.0,52258.41670473611
166.0,691.6471282223926,637.454409434336,1.0222983872445184,0.41924112094756083,0.38917995022460883,-0.0013661748451176785,-0.005737424364421142,-0.00486230465807452,20000.0,-5000.0,52220.530553409546
167.0,692.6682590297485,637.8703008882852,1.0199570063889496,0.412531651969573,0.38434514800733216,-0.0019471871470760948,-0.006255467488382804,-0.0048047819129196905,20000.0,-5000.0,52183.316364050406
168.0,693.6870422351705,638.2794727382751,1.0176031976791364,0.40580207678084435,0.37945613844836745,-0.002522935567402281,-0.005774675418563341,-0.0047498142113383485,20000.0,-5000.0,52146.773328540585
169.0,694.7034654251067,638.6819050418469,1.0152369897954827,0.39905272337153974,0.37451247168823265,-0.002414792290440702,-0.005978523251124774,-0.004891264630003164,20000.0,-5000.0,52110.900592842605
170.0,695.7175162147614,639.0775781850182,1.012858411569482,0.39228392069537676,0.369513699756566,-0.003065827838255278,-0.007235471346010031,-0.004941778777375735,20000.0,-5000.0,52075.69725818085
171.0,696.7291822482457,639.4664728832377,1.0104674919834338,0.3854959986543349,0.36445937693885344,-0.00193309267018391,-0.008195175860426692,-0.00500750285938402,20000.0,-5000.0,52041.16238222012
172.0,697.7384511987283,639.8485701823269,1.0080642601698742,0.3786892880822279,0.3593490601578913,-0.0028826254029002047,-0.00637869832782299,-0.005308874241900994,20000.0,-5000.0,52007.29498024076
173.0,698.7453107685855,640.2238514594021,1.0056487454114063,0.3718641207284463,0.35418230937118955,-0.0036964581778805173,-0.0062662134465918135,-0.005303310903342481,20000.0,-5000.0,51974.09402631029
174.0,699.7497486895511,640.5922984237837,1.0032209771403018,0.36502082924209844,0.3489586879850483,-0.003763129953154834,-0.005717929828824671,-0.005277571237615995,20000.0,-5000.0,51941.558454450584
175.0,700.7517527228661,640.9538931178863,1.0007809849382738,0.3581597471554119,0.3436777632844886,-0.0022665715814126856,-0.007843726921750834,-0.005399371912365042,20000.0,-5000.0,51909.68715980048
176.0,701.7513106594276,641.3086179180946,0.9983287985357947,0.3512812088679311,0.33833910688086355,-0.0008157731493461775,-0.007829925120514804,-0.0054991122039364446,20000.0,-5000.0,51878.47899977299
177.0,702.7484103199376,641.6564555356222,0.9958644478118117,0.3443855496299193,0.332942295175745,-0.0023040022249504978,-0.0064256853477319045,-0.005657150120802529,20000.0,-5000.0,51847.93279520706
178.0,703.7430395550513,641.9973890173544,0.9933879627938609,0.3374731055261577,0.32748690984238893,-0.0026059390059714914,-0.00699469259297751,-0.005651058194051762,20000.0,-5000.0,51818.047331512935
179.0,704.7351862455254,642.3314017466745,0.9908993736571574,0.33054421345929086,0.321972538324684,-0.0021973233161921586,-0.008898426486544216,-0.00557572643912493,20000.0,-5000.0,51788.821359811125
180.0,705.7248383023656,642.658477444273,0.9883987107242547,0.3235992111337964,0.3163987743542457,-0.0011482438710629537,-0.006562718587970807,-0.005612228064977339,20000.0,-5000.0,51760.25359806427
181.0,706.7119836669739,642.9786001689421,0.9858860044649305,0.3166384370392734,0.3107652184847625,-0.0022905213992166474,-0.008895292319120441,-0.005761521329505916,20000.0,-5000.0,51732.3427322016
182.0,707.6966103112954,643.2917543183515,0.983361285495846,0.3096622304340144,0.30507147864473455,-0.002958136849869904,-0.007966963638824594,-0.005714283458111011,20000.0,-5000.0,51705.08741723549
183.0,708.6787062379656,643.5979246298101,0.9808245845798069,0.3026709313285778,0.2993171707084949,-0.0013919676807247951,-0.005592720483789108,-0.005838320671113022,20000.0,-5000.0,51678.4862783696
184.0,709.6582594804551,643.8970961810087,0.9782759326256496,0.2956648804688484,0.2935019190847969,-0.002108639947107504,-0.005115103883262932,-0.005711315281319354,20000.0,-5000.0,51652.537912098705
185.0,710.6352581032169,644.1892543907478,0.9757153606880706,0.28864441932000773,0.28762535732451455,-0.0009690961908519304,-0.008291962986333357,-0.0059273419569954066,20000.0,-5000.0,51627.24088729912
186.0,711.6096902018312,644.4743850196487,0.9731428999667173,0.28160989004942394,0.2816871287457701,-0.002387797718249148,-0.007384009272612732,-0.0058832985515173885,20000.0,-5000.0,51602.59374630981
187.0,712.5815439031503,644.7524741708467,0.9705585818062445,0.2745616355101106,0.2756868870774635,-0.003863865424118566,-0.0070106114969789276,-0.0060063365080921085,20000.0,-5000.0,51578.595006003765
188.0,713.5508073654437,645.0235082906689,0.9679624376957463,0.2674999992240146,0.2696242971208471,-0.004025135216872446,-0.0052154077737786506,-0.0062669601992633535,20000.0,-5000.0,51555.24315884916
189.0,714.5174687785418,645.2874741692947,0.9653544992683578,0.2604253253652473,0.2634990354288448,-0.0008966031993377919,-0.007593679013512068,-0.006167941493885245,20000.0,-5000.0,51532.53667396008
190.0,715.4815163639804,645.5443589413994,0.962734798301085,0.2533379587436002,0.25731079100319815,-0.0008326914005303144,-0.007589572305863589,-0.006372377299939694,20000.0,-5000.0,51510.473998136295
191.0,716.442938375144,645.7941500867819,0.9601033667141223,0.24623824478732104,0.2510592660083479,-0.0028240081891692348,-0.005494804145555782,-0.006296650812205612,20000.0,-5000.0,51489.05355689204
192.0,717.4017230974086,646.0368354309741,0.9574602365705687,0.23912652952628832,0.2447441765025299,-0.0030475364951629332,-0.00750738040786996,-0.006438965550064148,20000.0,-5000.0,51468.27375547327
193.0,718.3578588482851,646.2724031458345,0.9548054400762567,0.23200315957552675,0.2383652531856957,-0.0011404888431258216,-0.00637782393007899,-0.006363827807379338,20000.0,-5000.0,51448.132979863214
194.0,719.3113339775612,646.5008417501251,0.9521390095790139,0.22486848211821098,0.23192224216307805,-0.003823727374496291,-0.008676611007087612,-0.0066408382638730125,20000.0,-5000.0,51428.629597775674
195.0,720.2621368674431,646.7221401100709,0.9494609775683216,0.21772284488827154,0.22541490572366588,-0.0036144688250723104,-0.007329051116013308,-0.006537795111950866,20000.0,-5000.0,51409.76195963634
196.0,721.2102559326978,646.9362874399017,0.946771376675315,0.21056659615391027,0.2188430231342489,-0.002026211098371177,-0.008887613574390038,-0.006533613376315565,20000.0,-5000.0,51391.52839955118
197.0,722.1556796207938,647.1432733023787,0.9440702396718166,0.20340008470083148,0.21220639144740663,-0.0031173380315271137,-0.008269280052198427,-0.00655708893777128,20000.0,-5000.0,51373.92723626219
198.0,723.0983964120414,647.3430876093033,0.9413575994703365,0.1962236598145637,0.2055048263215046,-0.0027237027955864363,-0.006308309492556707,-0.0068284228492200855,20000.0,-5000.0,51356.956774089915
199.0,724.0383948197344,647.5357206220078,0.9386334891236174,0.18903767126391813,0.19873816285415505,-0.0028998343311281987,-0.00724250447300243,-0.006797094239471164,20000.0,-5000.0,51340.6153038627
200.0,724.9756633902887,647.7211629518312,0.9358979418241233,0.18184246928393577,0.19190625642636477,-0.002390120164177796,-0.00753155192503996,-0.006841863442110395,20000.0,-5000.0,51324.901103832315
201.0,725.9101907033827,647.8994055605757,0.9331509909035844,0.17463840455849322,0.18500898355637524,-0.001288640490179702,-0.007987134189190039,-0.006739070694151502,20000.0,-5000.0,51309.8124405758
202.0,726.8419653720958,648.0704397609481,0.9303926698325427,0.16742582820359075,0.17804624276303083,-0.0026697672416055125,-0.00744617232792523,-0.007178330061676298,20000.0,-5000.0,51295.34756988339
203.0,727.7709760430478,648.2342572169829,0.927623012220522,0.16020509175007192,0.17101795543594975,-0.0021055145872008432,-0.006911436983088017,-0.007173530301971217,20000.0,-5000.0,51281.504737632036
204.0,728.6972113965369,648.3908499444483,0.9248420518148919,0.15297654712634312,0.163924066712,-0.0049190861013106175,-0.006209889994199151,-0.006780596246387975,20000.0,-5000.0,51268.28218064472
205.0,729.6206601466776,648.5402103112356,0.9220498225006395,0.14574054664149116,0.1567645463565248,-0.002848521315467764,-0.009970104459759425,-0.007226042400900235,20000.0,-5000.0,51255.6781275352
206.0,730.5413110415382,648.6823310377313,0.9192463583003132,0.13849744296805966,0.14953938964705205,-0.003686152475014491,-0.00811163706299875,-0.007491338052965684,20000.0,-5000.0,51243.690799537835
207.0,731.4591528632782,648.8172051971717,0.9164316933731698,0.13124758912465495,0.142248618258048,-0.004087999359636108,-0.007087567931178327,-0.007395448753541081,20000.0,-5000.0,51232.3184113227
208.0,732.3741744282845,648.9448262159806,0.9136058620151175,0.1239913384588931,0.13489228114510896,-0.0037448095682978415,-0.00736210494539172,-0.007730797515656542,20000.0,-5000.0,51221.55917179553
209.0,733.2863645873084,649.0651878740895,0.9107688986579205,0.11672904463023315,0.12747045542637755,-0.00319005134080372,-0.006845565703757258,-0.007424784095332365,20000.0,-5000.0,51211.411284882524
210.0,734.1957122256003,649.178284305241,0.9079208378690851,0.10946106159258306,0.11998324725873198,-0.0019009140105108926,-0.00699236788056735,-0.007419893056893061,20000.0,-5000.0,51201.87295029973
211.0,735.1022062630466,649.2841099972746,0.9050617143514046,0.10218774357724669,0.1124307927073125,-0.004244287909195439,-0.00759291726965873,-0.007697505693841291,20000.0,-5000.0,51192.942364307135
212.0,736.0058356543032,649.3826597923955,0.9021915629423347,0.09490944507552967,0.10481325860529613,-0.0028437864510911033,-0.007828618945452746,-0.00770806829956992,20000.0,-5000.0,51184.61772044694
213.0,736.9065893889313,649.4739288874257,0.8993104186138225,0.08762652082123168,0.097130843401659,-0.003390233188589405,-0.007540418591805941,-0.007600748991339077,20000.0,-5000.0,51176.8972102664
214.0,737.8044564915308,649.557912834038,0.8964183164716246,0.08033932577393443,0.08938377799552644,-0.003238393354502988,-0.006094285854197204,-0.007995258491992119,20000.0,-5000.0,51169.779024024785
215.0,738.6994260218745,649.6346075389736,0.8935152917551363,0.07304821510138026,0.08157232655250063,-0.0018654474517166353,-0.008054290546486893,-0.00800659496351823,20000.0,-5000.0,51163.26135138432
216.0,739.5914870750411,649.7040092642408,0.8906013798367667,0.0657535441617938,0.07369678730128124,-0.002359615753316298,-0.007361601865100948,-0.007935569095407756,20000.0,-5000.0,51157.34238208539
217.0,740.480628781548,649.7661146272972,0.8876766162216541,0.05845566848716999,0.06575749330883952,-0.0015390739174926179,-0.007108596371058638,-0.008063835247399374,20000.0,-5000.0,51152.02030660568
218.0,741.3668403074844,649.8209206012151,0.8847410365471546,0.05115494376582319,0.057754813229436014,-0.003101679258433402,-0.005678968711289571,-0.008070437759313449,20000.0,-5000.0,51147.29331680305
219.0,742.2501108546423,649.8684245148288,0.8817946765823308,0.04385172582459518,0.0496891520249279,-0.0036756184730906446,-0.007616652904534893,-0.00825289452977308,20000.0,-5000.0,51143.159606542424
220.0,743.130429660649,649.9086240528643,0.87883757222761,0.03654637061220001,0.041560951655011155,-0.003195305798844177,-0.006308940866106386,-0.00813278098749904,20000.0,-5000.0,51139.61737230647
221.0,744.0077859990976,649.9415172560532,0.875869759514444,0.02923923418126151,0.03337069173159549,-0.0027209152145241267,-0.006026402751574089,-0.008239448123849767,20000.0,-5000.0,51136.66481378984
222.0,744.8821691796779,649.9671025212268,0.8728912746046262,0.02193067267120341,0.02511889013664245,-0.002800139675947496,-0.007375410090866561,-0.008214516591747949,20000.0,-5000.0,51134.300134477446
223.0,745.7535685483068,649.9853786013956,0.8699021537901217,0.014621042291196318,0.01680610359939811,-0.004122349311526285,-0.007529166516795024,-0.008318248967217827,20000.0,-5000.0,51132.52154220604
224.0,746.6219734872582,649.9963446058092,0.8669024334923847,0.007310699302195189,0.008432928228790165,-0.002910878608870922,-0.007652787081823885,-0.008377543472016297,20000.0,-5000.0,51131.32724970978
225.0,747.4873734152916,650.0,0.8638921502620747,0.0,0.0,-0.002778154132693168,-0.007576794325553284,-0.00864096024892206,20000.0,-5000.0,51130.71547514927
226.0,748.3497577877823,649.9963446058092,0.8608713407786013,-0.007310699302195189,-0.008492004809677578,-0.0004074977774601537,-0.006421981583581598,-0.008460392213528034,20000.0,-5000.0,51130.68444262429
227.0,749.2091160968488,649.9853786013956,0.8578400418494425,-0.014621042291196318,-0.017042369238182954,-0.0010843209312788704,-0.007069701123638963,-0.008619998603896752,20000.0,-5000.0,51131.23238267012
228.0,750.0654378714812,649.9671025212268,0.8547982904100877,-0.02193067267120341,-0.025650335312394038,-0.003934462202865557,-0.007064358811141855,-0.008656927737623778,20000.0,-5000.0,51132.357532737595
229.0,750.918712677669,649.9415172560532,0.8517461235233554,-0.02923923418126151,-0.034315103781287035,-0.003356278482214669,-0.008478252801113868,-0.008563379412768015,20000.0,-5000.0,51134.058137656706
230.0,751.7689301185279,649.9086240528643,0.848683578378882,-0.03654637061220001,-0.04303583391084929,-0.004589918190155244,-0.008312582857995097,-0.008837057780916934,20000.0,-5000.0,51136.33245008398
231.0,752.6160798344267,649.8684245148288,0.845610692292837,-0.04385172582459518,-0.05181164334539016,-0.0036924630992818492,-0.005074775416319654,-0.008636132790252674,20000.0,-5000.0,51139.178730933374
232.0,753.4601515031136,649.8209206012151,0.8425275027074122,-0.05115494376582319,-0.060641608035755606,-0.0027600452785939544,-0.0074869371697541265,-0.008678291816897247,20000.0,-5000.0,51142.595249791244
233.0,754.3011348398416,649.7661146272972,0.8394340471902524,-0.05845566848716999,-0.06952476223819443,-0.0018442982105735363,-0.008105181076862852,-0.00881634157762565,20000.0,-5000.0,51146.58028531457
234.0,755.1390195974941,649.7040092642408,0.8363303634340582,-0.0657535441617938,-0.07846009858727787,-0.003867137203062253,-0.005807712207958666,-0.009081924765235451,20000.0,-5000.0,51151.13212561343
235.0,755.9737955667097,649.6346075389736,0.8332164892563014,-0.07304821510138026,-0.0874465682426119,-0.003799362346659135,-0.006999766993923783,-0.009281309179072623,20000.0,-5000.0,51156.249068617086
236.0,756.8054525760067,649.557912834038,0.8300924625987136,-0.08033932577393443,-0.0964830811143783,-0.005362591503839057,-0.006687783689138437,-0.008927826261715004,20000.0,-5000.0,51161.92942242403
237.0,757.6339804919071,649.4739288874257,0.8269583215263197,-0.08762652082123168,-0.10556850616791164,-0.003308376518079151,-0.007428649634675794,-0.0090955489361732,20000.0,-5000.0,51168.17150563598
238.0,758.4593692190593,649.3826597923955,0.823814104227722,-0.09490944507552967,-0.114701671808311,-0.004254309057845453,-0.007612079928464021,-0.009248397455130269,20000.0,-5000.0,51174.973647675884
239.0,759.2816087003625,649.2841099972746,0.820659849014362,-0.10218774357724669,-0.12388136634880154,-0.0037099525960091638,-0.007452203915176302,-0.009057500040717864,20000.0,-5000.0,51182.33418908996
240.0,760.1006889170881,649.178284305241,0.8174955943196665,-0.10946106159258306,-0.13310633856274323,-0.004081303919299808,-0.008708908824801957,-0.009353293908769756,20000.0,-5000.0,51190.251481834
241.0,760.9165998890019,649.0651878740895,0.8143213786990486,-0.11672904463023315,-0.14237529831900378,-0.0032772241584101145,-0.007356596330943175,-0.009342635819275863,20000.0,-5000.0,51198.72388954383
242.0,761.7293316744862,648.9448262159806,0.8111372408294528,-0.1239913384588931,-0.15168691730352138,-0.005017384837167176,-0.006951352759070599,-0.009267487241297143,20000.0,-5000.0,51207.749787790046
243.0,762.5388743706608,648.8172051971717,0.8079432195086724,-0.13124758912465495,-0.16103982982626627,-0.004724894084356751,-0.005328288652218706,-0.009510291733221213,20000.0,-5000.0,51217.32756431726
244.0,763.3452181135035,648.6823310377313,0.8047393536547247,-0.13849744296805966,-0.17043263371327122,-0.0009940273050119569,-0.0071570266325222615,-0.00942554214185848,20000.0,-5000.0,51227.45561926768
245.0,764.1483530779702,648.5402103112356,0.8015256823056234,-0.14574054664149116,-0.1798638912841306,-0.004557670086301152,-0.009667451715379922,-0.009315334210994272,20000.0,-5000.0,51238.13236538937
246.0,764.9482694781148,648.3908499444483,0.7983022446190375,-0.15297654712634312,-0.1893321304136888,-0.004369125267142398,-0.007330031719059383,-0.0094599232986857,20000.0,-5000.0,51249.356228229175
247.0,765.7449575672083,648.2342572169829,0.7950690798715527,-0.16020509175007192,-0.19883584567710735,-0.0013273387355092964,-0.004375138993524757,-0.009366735437669063,20000.0,-5000.0,51261.125646310444
248.0,766.5384076378579,648.0704397609481,0.7918262274582162,-0.1674258282035339,-0.208373499577276,-0.0002259641705333608,-0.0063155035658735035,-0.009413937349605151,20000.0,-5000.0,51273.43907129548
249.0,767.3286100221247,647.8994055605758,0.7885737268922526,-0.17463840455849322,-0.21794352385270882,-0.004475912559199222,-0.008051768546143319,-0.009584455628312593,20000.0,-5000.0,51286.29496813317
250.0,768.1155550916424,647.7211629518312,0.7853116178042114,-0.1818424692839926,-0.22754432086245516,-0.003649928477256588,-0.0065847925478328935,-0.009903755830783656,20000.0,-5000.0,51299.6918151917
251.0,768.8992332577332,647.5357206220078,0.7820399399419102,-0.18903767126391813,-0.23717426504805908,-0.0029211725227708627,-0.007962402241275554,-0.00978015893821653,20000.0,-5000.0,51313.62810437627
252.0,769.6796349715262,647.3430876093033,0.778758733169866,-0.1962236598145637,-0.24683170446867153,-0.0014878423932086213,-0.008589372733632574,-0.009576143008681383,20000.0,-5000.0,51328.102341232414
253.0,770.4567507240729,647.1432733023787,0.7754680374683858,-0.20340008470083148,-0.2565149624045345,-0.0043219017853666514,-0.007533825366654207,-0.009886639101706509,20000.0,-5000.0,51343.11304503469
254.0,771.230571046463,646.9362874399017,0.772167892933453,-0.21056659615391027,-0.26622233902847114,-0.0035599751633434407,-0.0070661786567614215,-0.009758893615347566,20000.0,-5000.0,51358.65874886076
255.0,772.0010865099398,646.7221401100709,0.7688583397765001,-0.21772284488827154,-0.2759521131392376,-0.0025056878316968303,-0.009098269847740285,-0.0096983294139257,20000.0,-5000.0,51374.73799965156
256.0,772.768287726016,646.5008417501251,0.7655394183233852,-0.22486848211821098,-0.28570254395318123,-0.0028713624457351364,-0.008335458031203778,-0.009578515167957602,20000.0,-5000.0,51391.349358256884
257.0,773.5321653465866,646.2724031458345,0.7622111690139945,-0.23200315957552675,-0.2954718729512982,-0.003724152566073744,-0.007118273144146698,-0.009848856055148665,20000.0,-5000.0,51408.4913994673
258.0,774.292710064044,646.0368354309741,0.7588736324020715,-0.23912652952628832,-0.305258325774674,-0.0034813561951340345,-0.007542104876703883,-0.009873535622258454,20000.0,-5000.0,51426.162712031946
259.0,775.0499126113907,645.7941500867819,0.7555268491543643,-0.24623824478732104,-0.31506011416450397,-0.0047814872232616115,-0.0066950507540022115,-0.009815028595060744,20000.0,-5000.0,51444.36189866268
260.0,775.8037637623527,645.5443589413994,0.7521708600504553,-0.2533379587436002,-0.32487543794250984,-0.0036083085555185415,-0.008356980352288379,-0.009777879062447979,20000.0,-5000.0,51463.08757602457
261.0,776.5542543314916,645.2874741692947,0.7488057059820221,-0.2604253253652473,-0.33470248702530814,-0.0036467996114489067,-0.0063382331769330676,-0.009851038889861717,20000.0,-5000.0,51482.33837471294
262.0,777.3013751743167,645.0235082906689,0.745431427952326,-0.2674999992240146,-0.3445394434668053,-0.0031373274066249686,-0.008299444828595364,-0.009711504459180743,20000.0,-5000.0,51502.11293921712
263.0,778.0451171873963,644.7524741708467,0.7420480670759844,-0.2745616355101106,-0.3543844835239371,-0.003965506575097355,-0.005346251538167371,-0.009946793206277657,20000.0,-5000.0,51522.40992787091
264.0,778.7854713084687,644.4743850196487,0.7386556645781184,-0.28160989004942394,-0.3642357797404219,-0.00290643075875263,-0.008826041843314064,-0.00983868028731776,20000.0,-5000.0,51543.22801279013
265.0,779.5224285165525,644.1892543907478,0.7352542617940117,-0.28864441932000773,-0.3740915030408361,-0.0023525035100708234,-0.008163918054965885,-0.009802077324089347,20000.0,-5000.0,51564.565879797345
266.0,780.2559798320567,643.8970961810087,0.7318439001687693,-0.2956648804688484,-0.38394982483050105,-0.0032531500948823613,-0.00657912680048743,-0.009908102124919334,20000.0,-5000.0,51586.422228333584
267.0,780.98611631689,643.5979246298101,0.7284246212566359,-0.3026709313285778,-0.39380891909498467,-0.003057836484403587,-0.005267618926055059,-0.009754938360406936,20000.0,-5000.0,51608.79577135788
268.0,781.71282907457,643.2917543183515,0.724996466720313,-0.3096622304340144,-0.4036669644929896,-0.0033772818054633247,-0.006656060114385931,-0.009838230188854883,20000.0,-5000.0,51631.685235234116
269.0,782.4361092503307,642.9786001689421,0.7215594783308461,-0.31663843703921657,-0.41352214643721547,-0.003441296595073703,-0.006383032385498302,-0.009755493188418556,20000.0,-5000.0,51655.08935960573
270.0,783.1559480312317,642.6584774442731,0.7181136979668281,-0.3235992111337964,-0.4233726591564825,-0.004200685611904705,-0.006934647161326416,-0.009823325597484289,20000.0,-5000.0,51679.00689725834
271.0,783.8723366462643,642.3314017466745,0.7146591676140019,-0.3305442134593477,-0.43321670773384385,-0.0031296820644376422,-0.008004557916497727,-0.009793472105904975,20000.0,-5000.0,51703.43661397038
272.0,784.5852663664597,641.9973890173544,0.7111959293648624,-0.3374731055261577,-0.4430525101154316,-0.0035687639779992545,-0.007430486619131851,-0.009908841301662434,20000.0,-5000.0,51728.377288352014
273.0,785.294728504994,641.6564555356222,0.7077240254176331,-0.3443855496299193,-0.45287829908457217,-0.0012990017979321393,-0.00816462236243537,-0.00989775272959883,20000.0,-5000.0,51753.827711672435
274.0,786.000714417295,641.3086179180946,0.7042434980765506,-0.3512812088679311,-0.4626923241942478,-0.0018482891013494142,-0.008217151886171664,-0.009656170334383745,20000.0,-5000.0,51779.7866876758
275.0,786.7032155011472,640.9538931178863,0.7007543897507276,-0.3581597471554119,-0.47249285365501836,-0.0030920383794699412,-0.006451930121674457,-0.00971449547497129,20000.0,-5000.0,51806.253032385706
276.0,787.4022231967964,640.5922984237837,0.6972567429537548,-0.36502082924209844,-0.4822781761725782,-0.004295590440965661,-0.008020462956160233,-0.009903122161973055,20000.0,-5000.0,51833.22557389882
277.0,788.0977289870547,640.2238514594021,0.6937506003034173,-0.3718641207284463,-0.49204660272989004,-0.004667446575715594,-0.0065018445826457855,-0.0097368250962436,20000.0,-5000.0,51860.70315216734
278.0,788.7897243974032,639.8485701823269,0.6902360045209548,-0.3786892880822279,-0.5017964683108174,-0.002279830845298892,-0.008170032902438815,-0.010032721223839925,20000.0,-5000.0,51888.684618770894
279.0,789.4782009960966,639.4664728832377,0.6867129984307212,-0.3854959986543349,-0.5115261335593887,-0.00325389056810339,-0.006489032824338119,-0.009789590946878483,20000.0,-5000.0,51917.16883667771
280.0,790.1631503942647,639.0775781850182,0.6831816249591611,-0.39228392069537676,-0.5212339863734174,-0.0030361133789127766,-0.007286666660275092,-0.009577551225940931,20000.0,-5000.0,51946.15467999542
281.0,790.8445642460149,638.6819050418469,0.6796419271350942,-0.39905272337153974,-0.5309184434261346,-0.005358473574971087,-0.005295983649869245,-0.009687427265619282,20000.0,-5000.0,51975.64103371173
282.0,791.5224342485349,638.2794727382751,0.6760939480886918,-0.4058020767809012,-0.5405779516157188,-0.002587420765595321,-0.006402747342844521,-0.009631721000837467,20000.0,-5000.0,52005.6267934247
283.0,792.1967521421923,637.8703008882851,0.672537731050852,-0.412531651969573,-0.550210989438268,-0.0030876480044988493,-0.005434119655759432,-0.009991320243343356,20000.0,-5000.0,52036.1108650636
284.0,792.8675097106366,637.454409434336,0.6689733193530856,-0.419241120947504,-0.559816068281564,-0.004723504350734865,-0.007485240043191261,-0.009638781459080923,20000.0,-5000.0,52067.0921645996
285.0,793.5346987808985,637.0318186463901,0.665400756426493,-0.4259301567046805,-0.5693917336393494,-0.004067074392191651,-0.006620258514786099,-0.00951850165007834,20000.0,-5000.0,52098.56961774726
286.0,794.1983112234896,636.6025491209266,0.6618200858015939,-0.43259843322687175,-0.5789365662423704,-0.0033103966007087676,-0.007678214474809377,-0.009471301721159398,20000.0,-5000.0,52130.542159656376
287.0,794.8583389525016,636.1666217799363,0.6582313511078723,-0.43924562551183044,-0.5884491831065962,-0.003538171402993382,-0.007066700626460454,-0.009377068522283193,20000.0,-5000.0,52163.00873459494
288.0,795.5147739257053,635.7240578699029,0.6546345960728672,-0.44587140958464033,-0.5979282384963994,-0.003904645826049317,-0.006887546813099343,-0.009487569475440725,20000.0,-5000.0,52195.968295622806
289.0,796.1676081446474,635.2748789607671,0.6510298645218882,-0.4524754625139167,-0.607372424803146,-0.0037163414084950366,-0.007348029524518594,-0.009446561570391884,20000.0,-5000.0,52229.41980425669
290.0,796.8168336547491,634.8191069448751,0.6474172003775038,-0.45905746242755185,-0.616780473338099,-0.0038787032828865716,-0.007835121110330759,-0.009553766279422218,20000.0,-5000.0,52263.36223012657
291.0,797.4624425454024,634.356764035912,0.6437966476588031,-0.4656170885281199,-0.6261511550398378,-0.0034657866992168357,-0.008018552646252028,-0.0093766445809413,20000.0,-5000.0,52297.79455062346
292.0,798.1044269500667,633.8878727678189,0.6401682504811106,-0.472154021108679,-0.6354832810968217,-0.002101721530752372,-0.008959120921303996,-0.00946796950958839,20000.0,-5000.0,52332.715750539
293.0,798.7427790463646,633.4124559936946,0.6365320530553618,-0.4786679415683466,-0.6447757034856849,-0.006309791096409252,-0.007601016870923948,-0.00950006912654896,20000.0,-5000.0,52368.12482169693
294.0,799.3774910561774,632.9305368846822,0.6328880996873636,-0.48515853242776075,-0.6540273154261854,-0.0038941694880253825,-0.005826078663791498,-0.009364599826061889,20000.0,-5000.0,52404.020762576714
295.0,800.0085552457393,632.4421389288391,0.6292364347775674,-0.4916254773448827,-0.6632370517540139,-0.003471898631063624,-0.008117646287390399,-0.009002094936464946,20000.0,-5000.0,52440.4025779292
296.0,800.6359639257325,631.9472859299924,0.6255771028205004,-0.4980684611297761,-0.672403889212223,-0.003355264355546827,-0.007853902343071971,-0.009178288337406368,20000.0,-5000.0,52477.26927838502
297.0,801.2597094513803,631.4460020065795,0.6219101484037992,-0.5044871697604663,-0.6815268466651638,-0.0040575911160751574,-0.004543607353171491,-0.009073412194806379,20000.0,-5000.0,52514.61988005539
298.0,801.8797842225401,630.9383115904715,0.6182356162081533,-0.5108812903983448,-0.6906049852343171,-0.005505556913991918,-0.007043723656058777,-0.009118653172870183,20000.0,-5000.0,52552.45340412587
299.0,802.4961806837966,630.4242394257828,0.6145535510066793,-0.5172505114028354,-0.6996374083590566,-0.0033446440127969782,-0.0060226792271960445,-0.009230116291843418,20000.0,-5000.0,52590.76887644301
300.0,803.1088913245535,629.9038105676658,0.6108639976641825,-0.523594522347139,-0.7086232617861026,-0.0018965676241665607,-0.005663143653129079,-0.008846633646949176,20000.0,-5000.0,52629.56532709424
301.0,803.717908679125,629.3770503810886,0.6071670011365882,-0.5299130140330703,-0.717561733488007,-0.005296145076254278,-0.005616449996999166,-0.009182474254573955,20000.0,-5000.0,52668.841789981125
302.0,804.3232253268267,628.8439845395997,0.6034626064706572,-0.5362056785062919,-0.7264520535144803,-0.0028095584650044913,-0.007863036178588158,-0.00893434900441917,20000.0,-5000.0,52708.597302386115
303.0,804.9248338920663,628.304639024076,0.5997508588033611,-0.5424722090712635,-0.7352934937791824,-0.004057117823642289,-0.00649364815904999,-0.008823397344139264,20000.0,-5000.0,52748.830904533126
304.0,805.5227270444334,627.7590401214571,0.5960318033610861,-0.5487123003060219,-0.7440853677848533,-0.0037864733317888497,-0.007909922331295562,-0.008738322741257104,20000.0,-5000.0,52789.54163914197
305.0,806.1168974987885,627.2072144234639,0.5923054854594056,-0.5549256480774147,-0.7528270302897087,-0.0048251012446951964,-0.003655281459337388,-0.008805910661320603,20000.0,-5000.0,52830.72855097688
306.0,806.7073380153522,626.6491888253023,0.5885719505023417,-0.5611119495556522,-0.7615178769179917,-0.004085006098219498,-0.007831540761622367,-0.00889198581734387,20000.0,-5000.0,52872.3906863894
307.0,807.2940413997932,626.0849905243526,0.5848312439817391,-0.56727090322903,-0.7701573437180599,-0.0023920251278064853,-0.007235043103013507,-0.008712380535368115,20000.0,-5000.0,52914.52709285575
308.0,807.8770005033157,625.5146470188442,0.5810834114770387,-0.5734022089188784,-0.7787449066709284,-0.0031453224693379555,-0.007199715662688252,-0.008653775497538586,20000.0,-5000.0,52957.136818508734
309.0,808.4562082227473,624.9381861065149,0.5773284986543672,-0.5795055677940013,-0.7872800811526923,-0.001956562192046839,-0.007645991581398566,-0.008604167449668468,20000.0,-5000.0,53000.21891166471
310.0,809.0316575006244,624.3556358832562,0.573566551266083,-0.5855806823852845,-0.7957624213536417,-0.0025407540589631288,-0.0046539407269993085,-0.00833600100903624,20000.0,-5000.0,53043.77242034541
311.0,809.6033413252794,623.7670247417443,0.5697976151503781,-0.5916272566003045,-0.8041915196574008,-0.0033156904955531194,-0.003512441902331368,-0.008552067178017072,20000.0,-5000.0,53087.79639179515
312.0,810.1712527309252,623.1723813700556,0.5660217362305389,-0.5976449957374825,-0.8125670059831928,-0.0019653697966676618,-0.006498026494399729,-0.008311368838520992,20000.0,-5000.0,53132.28987199332
313.0,810.7353847977405,622.5717347502693,0.5622389605144917,-0.6036336065007504,-0.8208885470946172,-0.003329581321232819,-0.0073473418209336495,-0.008274883969204625,20000.0,-5000.0,53177.251905162586
314.0,811.2957306519542,621.9651141570541,0.5584493340941208,-0.6095927970135904,-0.8291558458774807,-0.002931794872249922,-0.008271078385278989,-0.008121513706746063,20000.0,-5000.0,53222.68153327287
315.0,811.8522834659287,621.3525491562422,0.5546529031448699,-0.6155222768335307,-0.8373686405901408,-0.0041082890461446335,-0.006168390223057808,-0.008201859364667803,20000.0,-5000.0,53268.57779554124
316.0,812.4050364582439,620.7340696033871,0.5508497139250608,-0.6214217569660718,-0.8455267040889571,-0.003737327400890277,-0.006213404747496465,-0.008032965046611867,20000.0,-5000.0,53314.93972792812
317.0,812.9539828937789,620.10970564231,0.5470398127752674,-0.627290949878784,-0.8536298430320318,-0.004538660902526942,-0.006531353443415326,-0.00809685076280465,20000.0,-5000.0,53361.76636262966
318.0,813.4991160837944,619.4794877036295,0.543223246118032,-0.6331295695156882,-0.8616778970638361,-0.0027905581462337905,-0.005592926734699978,-0.007966837610456466,20000.0,-5000.0,53409.05672756696
319.0,814.0404293860149,618.8434465032786,0.5394000604570124,-0.6389373313106148,-0.8696707379832129,-0.005052087103160959,-0.005381151086528864,-0.008150669009145657,20000.0,-5000.0,53456.809845871656
320.0,814.5779162047085,618.2016130410083,0.5355703023764136,-0.6447139522013572,-0.8776082688980392,-0.0030192574443261098,-0.005424853870278902,-0.008235441599484306,20000.0,-5000.0,53505.024735368825
321.0,815.1115699907677,617.5540185988759,0.5317340185407033,-0.6504591506435986,-0.885490423368222,-0.004037829478691189,-0.0060581652265616764,-0.007807853474546907,20000.0,-5000.0,53553.700408056706
322.0,815.6413842417899,616.9006947397211,0.5278912556937598,-0.6561726466244977,-0.8933171645401365,-0.0026277035743295938,-0.0068433600042342784,-0.007745816670899785,20000.0,-5000.0,53602.83586958397
323.0,816.1673525021553,616.2416733056269,0.5240420606585303,-0.6618541616763309,-0.9010884842741272,-0.003071369567666281,-0.004972818299819354,-0.007684935497284101,20000.0,-5000.0,53652.43011872434
324.0,816.6894683631069,615.5769864163684,0.5201864803361218,-0.667503418890135,-0.9088044022682056,-0.0019650001747187193,-0.005619974410574141,-0.007753024166489607,20000.0,-5000.0,53702.48214684898
325.0,817.2077254628275,614.9066664678467,0.5163245617055736,-0.6731201429289513,-0.9164649651785793,-0.0031049472752978126,-0.004676293446507562,-0.007449070025748702,20000.0,-5000.0,53752.99093739681
326.0,817.7221174865181,614.2307461305105,0.5124563518232321,-0.6787040600415821,-0.9240702457406441,-0.00550649324098743,-0.004745578667727745,-0.007634443448118909,20000.0,-5000.0,53803.955465342755
327.0,818.232638166474,613.5492583477635,0.508581897821955,-0.6842548980759489,-0.9316203418914185,-0.003947193953506148,-0.007013012321783862,-0.007470622959822141,20000.0,-5000.0,53855.37469666451
328.0,818.739281282162,612.8622363343586,0.5047012469107699,-0.6897723864918817,-0.9391153758944846,-0.005102791709499278,-0.006992488687758319,-0.007394189702517824,20000.0,-5000.0,53907.24758780755
329.0,819.2420406602955,612.1697135747797,0.5008144463741928,-0.695256256374762,-0.9465554934708142,-0.004428941643478436,-0.0062528044002586065,-0.00720062792804595,20000.0,-5000.0,53959.57308514892
330.0,819.7409101749104,611.4717238216091,0.49692154357160234,-0.7007062404485964,-0.9539408629356252,-0.002324022476913756,-0.006531585258638833,-0.007397216144034293,20000.0,-5000.0,54012.35012445985
331.0,820.2358837474387,610.7683010938825,0.4930225859367283,-0.7061220730888067,-0.9612716743428464,-0.003238829032693126,-0.004613048065992254,-0.007384250618796127,20000.0,-5000.0,54065.57763036741
332.0,820.7269553467838,610.0594796754315,0.48911762097736755,-0.7115034903354172,-0.9685481386388612,-0.004634938929266747,-0.004998662838357485,-0.0074342974801663835,20000.0,-5000.0,54119.25451581547
333.0,821.2141189893935,609.3452941132117,0.48520669627413326,-0.716850229905674,-0.9757704868272181,-0.004968301206225386,-0.004185951668447065,-0.007003832339039305,20000.0,-5000.0,54173.379681524944
334.0,821.6973687393321,608.6257792156201,0.4812898594803414,-0.7221620312070058,-0.9829389691440321,-0.003885670606743369,-0.004881796044102307,-0.007089675950326005,20000.0,-5000.0,54227.95201545388
335.0,822.1766987083541,607.9009700507977,0.47736715832155596,-0.727438635349813,-0.9900538542461412,-0.00519101728930702,-0.005041849632383634,-0.0070323158162195,20000.0,-5000.0,54282.970392257164
336.0,822.6521030559752,607.1709019449205,0.47343864059456564,-0.732679785159803,-0.997115428412989,-0.004629490185294913,-0.0039753932211950786,-0.006650427144253387,20000.0,-5000.0,54338.433672746425
337.0,823.1235759895433,606.4356104804781,0.46950435416715663,-0.7378852251906665,-1.0041239947622627,-0.003612609436815885,-0.004698870312163395,-0.006942107152445459,20000.0,-5000.0,54394.34070334999
338.0,823.5911117643095,605.6951314945392,0.46556434697743043,-0.7430547017366393,-1.0110798724809218,-0.002741143086998927,-0.00508053345280439,-0.007090424586756519,20000.0,-5000.0,54450.690315573425
339.0,824.0547046834981,604.9495010770048,0.461618667033008,-0.7481879628447814,-1.017983396071847,-0.0033152876333487702,-0.0035751316561001565,-0.006901698196814307,20000.0,-5000.0,54507.481325460474
340.0,824.5143490983755,604.1987555688496,0.4576673624108025,-0.7532847583271973,-1.0248349146161693,-0.006337382957558445,-0.004958632802806585,-0.0069459987163768685,20000.0,-5000.0,54564.71253305506
341.0,824.9700394083197,603.4429315603504,0.4537104812562802,-0.7583448397731445,-1.0316347910527845,-0.0036430575586417656,-0.005358161699570381,-0.0068230989000662955,20000.0,-5000.0,54622.38272186403
342.0,825.4217700608881,602.6820658893033,0.44974807178255105,-0.7633679605614816,-1.0383834014754103,-0.0038902236054369614,-0.0058759818454215676,-0.006772856654140832,20000.0,-5000.0,54680.49065832128
343.0,825.8695355518848,601.9161956392275,0.445780182270596,-0.7683538758724353,-1.0450811344456685,-0.0035400964220004176,-0.004235937515584787,-0.006744941109828526,20000.0,-5000.0,54739.03509125315
344.0,826.3133304254293,601.1453581375584,0.4418068610679029,-0.7733023426993668,-1.0517283903255477,-0.0022949086118044916,-0.0036429010189193,-0.006794172842868942,20000.0,-5000.0,54798.01475134553
345.0,826.7531492740206,600.3695909538287,0.43782815658789787,-0.7782131198611069,-1.0583255806274576,-0.006127453933199056,-0.004944431259303051,-0.00637583246297622,20000.0,-5000.0,54857.42835061262
346.0,827.1889867386051,599.5889318978362,0.4338441173100023,-0.7830859680133244,-1.0648731273813463,-0.0046015199963010305,-0.0034933334456600175,-0.006486059089309732,20000.0,-5000.0,54917.27458186782
347.0,827.6208375086406,598.8034190178021,0.42985479177849584,-0.7879206496602364,-1.071371462521507,-0.003377311778940845,-0.00686459625747585,-0.0065017762286886166,20000.0,-5000.0,54977.552118196654
348.0,828.0486963221621,598.0130905985158,0.42586022860194817,-0.792716929166204,-1.077821027291168,-0.005642256726706292,-0.004834641509359898,-0.006331901900074798,20000.0,-5000.0,55038.259612432215
349.0,828.4725579658445,597.2179851594697,0.4218604764528777,-0.7974745727674417,-1.0842222716653265,-0.002467110459506019,-0.004779914523788167,-0.006319177229286486,20000.0,-5000.0,55099.39569663306
350.0,828.8924172750678,596.4181414529809,0.41785558406718337,-0.8021933485831028,-1.0905756537918605,-0.0036242911243037548,-0.005455411803470368,-0.006295659958360244,20000.0,-5000.0,55160.958981564036
351.0,829.3082691339789,595.6135984623035,0.41384560024300754,-0.8068730266265902,-1.0968816394516419,-0.0031319288269758593,-0.0021804365579749423,-0.006197985920634348,20000.0,-5000.0,55222.94805617991
352.0,829.7201084755538,594.8043953997277,0.4098305738407362,-0.8115133788172102,-1.1031407015359163,-0.004611391597277435,-0.00468942660161331,-0.006219310700996137,20000.0,-5000.0,55285.36148711234
353.0,830.1279302816604,593.990571704669,0.40581055378225983,-0.8161141789905741,-1.1093533195418492,-0.003176054215487878,-0.005005014149329332,-0.006106924456538985,20000.0,-5000.0,55348.19781816005
354.0,830.5317295831184,593.1721670417465,0.40178558905023465,-0.8206752029101381,-1.1155199790865529,-0.002916039392978787,-0.004514020091607811,-0.00605098178727873,20000.0,-5000.0,55411.45556978276
355.0,830.9315014597609,592.3492212988488,0.3977557286876845,-0.8251962282781733,-1.1216411714381893,-0.0037900550166212743,-0.006584147249409086,-0.006078625314405033,20000.0,-5000.0,55475.13323859876
356.0,831.3272410404937,591.5217745851902,0.3937210217970346,-0.8296770347462825,-1.127717393064896,-0.003793292944427439,-0.00525096619982015,-0.006081186518067292,20000.0,-5000.0,55539.22929688649
357.0,831.7189435033549,590.6898672293562,0.38968151754005476,-0.8341174039261432,-1.1337491452001673,-0.0037606801860384765,-0.00339732300419222,-0.00582089856182538,20000.0,-5000.0,55603.742192090336
358.0,832.1066040755738,589.8535397773379,0.38563726513672236,-0.8385171194004784,-1.139736933426362,-0.004944612406723895,-0.0050334803657935525,-0.006025040497838498,20000.0,-5000.0,55668.67034633071
359.0,832.4902180336284,589.0128329905552,0.3815883138649383,-0.8428759667334589,-1.1456812672737788,-0.004204728335450243,-0.005200463453298927,-0.0058745698571363355,20000.0,-5000.0,55734.01215591877
360.0,832.8697807033037,588.167787843871,0.377534713060129,-0.8471937334808786,-1.151582659836124,-0.004214547539582572,-0.002935015121410617,-0.0058290982143088576,20000.0,-5000.0,55799.76599087588
361.0,833.2452874597486,587.3184455235935,0.3734765121138821,-0.8514702092010111,-1.1574416274032873,-0.003661688280371513,-0.0028616572841570157,-0.0059132422520217125,20000.0,-5000.0,55865.93019445804
362.0,833.6167337275315,586.464847425469,0.3694137604741172,-0.8557051854643873,-1.163258689107854,-0.0030250327373625915,-0.0036763744990639283,-0.005896065711648338,20000.0,-5000.0,55932.503082685536
363.0,833.9841149806969,585.6070351526647,0.3653465076444036,-0.8598984558641405,-1.1690343665880971,-0.005170517393767442,-0.004645706626101425,-0.005798917365605292,20000.0,-5000.0,55999.48294387777
364.0,834.3474267428203,584.7450505137407,0.3612748031827664,-0.8640498160263519,-1.1747691836665004,-0.004203933902714304,-0.004379390258627967,-0.005775395889440663,20000.0,-5000.0,56066.86803819392
365.0,834.7066645870624,583.878935520612,0.35719869670163007,-0.8681590636195438,-1.180463666041487,-0.0025373432516687102,-0.004924529607188695,-0.005854531535964761,20000.0,-5000.0,56134.65659717917
366.0,835.0618241362235,583.0087323865016,0.35311823786713603,-0.8722259983647405,-1.1861183409943237,-0.004856055163593974,-0.005080394767935165,-0.005715438767239543,20000.0,-5000.0,56202.84682331696
367.0,835.4129010627967,582.1344835238825,0.3490334763982901,-0.8762504220453025,-1.1917337371100538,-0.004942153152938989,-0.00508942229605341,-0.0055631660208458325,20000.0,-5000.0,56271.43688958734
368.0,835.7598910890201,581.256231542411,0.34494446206667817,-0.8802321385165328,-1.1973103840113586,-0.0038806865990551826,-0.004603136552196082,-0.005401303077131243,20000.0,-5000.0,56340.424939031785
369.0,836.10278998693,580.3740192468495,0.3408512446957275,-0.8841709537151132,-1.202848812106021,-0.0032170047491727775,-0.004993536002078683,-0.005451164840100648,20000.0,-5000.0,56409.80908432444
370.0,836.4415935784116,579.4878896349808,0.3367538741599674,-0.8880666756688242,-1.2083495523473435,-0.004087537317606188,-0.005500571882344379,-0.005802979380052776,20000.0,-5000.0,56479.58740735022
371.0,836.77629773525,578.5978858955118,0.33265240038440425,-0.8919191145056402,-1.2138131360066842,-0.002721178983305197,-0.0036024912039285353,-0.005366125573770826,20000.0,-5000.0,56549.757958789756
372.0,837.1068983791804,577.7040514059695,0.328546873344294,-0.8957280824630516,-1.2192400944578003,-0.0032163324221599534,-0.003543124561139536,-0.0054777949013936605,20000.0,-5000.0,56620.318757711444
373.0,837.4333914819385,576.8064297305857,0.3244373430642895,-0.8994933938974441,-1.2246309589735571,-0.0032358857783398496,-0.0019743079028827723,-0.005317166878674216,20000.0,-5000.0,56691.26779117104
374.0,837.755773065309,575.9050646181746,0.3203238596177016,-0.9032148652928527,-1.2299862605336738,-0.003539069411810202,-0.004394634382218021,-0.005339529815568915,20000.0,-5000.0,56762.60301381844
375.0,838.074039201174,575.0,0.3162064731258738,-0.9068923152699995,-1.2353065296434742,-0.0016981991867898597,-0.0033473599395907497,-0.0053267980524909974,20000.0,-5000.0,56834.3223475126
376.0,838.3881860115607,574.0912799876346,0.3120852337580118,-0.9105255645950479,-1.2405922961627482,-0.004336540101940793,-0.00328579174844777,-0.0052813970115330134,20000.0,-5000.0,56906.423680943786
377.0,838.69820966869,573.1789488708099,0.30796019173010336,-0.9141144361886404,-1.245844089145905,-0.006210886561796381,-0.003830624994530956,-0.005237837724799665,20000.0,-5000.0,56978.904869264574
378.0,839.0041063950209,572.2630511152573,0.3038313973042932,-0.9176587551343118,-1.2510624366914247,-0.002461976594859915,-0.002747735949319854,-0.005035970718488419,20000.0,-5000.0,57051.763733728614
379.0,839.3058724632986,571.3436313605413,0.2996989007889397,-0.9211583486868449,-1.2562478658002416,-0.004610399502821376,-0.0026707891459218187,-0.005171659107694908,20000.0,-5000.0,57124.99806133811
380.0,839.6035041965988,570.4207344178836,0.29556275253702324,-0.9246130462810243,-1.261400902245161,-0.004025736828265945,-0.0030916080203357062,-0.005003132602334856,20000.0,-5000.0,57198.605604499935
381.0,839.8969979683726,569.4944052679792,0.29142300294620327,-0.9280226795397652,-1.2665220704474038,-0.002779392873011545,-0.003652922229695354,-0.004989498566077963,20000.0,-5000.0,57272.5840806905
382.0,840.1863502024912,568.5646890588041,0.2872797024580791,-0.9313870822822992,-1.271611893362586,-0.005811644652995641,-0.0037135912637167173,-0.004992088594868831,20000.0,-5000.0,57346.9311721298
383.0,840.4715573732888,567.6316311034146,0.2831329015574511,-0.9347060905324724,-1.276670892375049,-0.005450429580886363,-0.004718902495849838,-0.005264339648420335,20000.0,-5000.0,57421.64452546453
384.0,840.7526160056061,566.6952768777392,0.27898265077180895,-0.9379795425265343,-1.2816995871998185,-0.005817523384502298,-0.004088871331196184,-0.0048759942594407725,20000.0,-5000.0,57496.72175146061
385.0,841.0295226748324,565.7556720183616,0.2748290006704792,-0.941207278720924,-1.286698495792611,-0.004981347148018933,-0.0038517821980851162,-0.005040784695761399,20000.0,-5000.0,57572.16042470546
386.0,841.3022740069471,564.8128623202973,0.27067200186462514,-0.9443891418003432,-1.2916681342665037,-0.003701358802150539,-0.004327950804320801,-0.004866930164230621,20000.0,-5000.0,57647.958083319674
387.0,841.5708666785616,563.8668937347609,0.2665117050058825,-0.9475249766853722,-1.2966090168169313,-0.003616685345140775,-0.002655156440717621,-0.005046784291104646,20000.0,-5000.0,57724.112228679056
388.0,841.8352974169588,562.9178123669266,0.2623481607859617,-0.9506146305398033,-1.3015216556525129,-0.0038777753095536787,-0.0018218128074665543,-0.005045026092289844,20000.0,-5000.0,57800.620325146316
389.0,842.0955630001336,561.9656644736813,0.25818141993659083,-0.9536579527782578,-1.3064065609322084,-0.00563780547282141,-0.003964605501070271,-0.004627379645488066,20000.0,-5000.0,57877.47979981342
390.0,842.351660256832,561.01049646137,0.2540115332280948,-0.9566547950735185,-1.3112642407100465,-0.0065742936535333075,-0.0026787070293263246,-0.0049624245245459666,20000.0,-5000.0,57954.68804225405
391.0,842.6035860665897,560.0523548835342,0.2498385514692245,-0.959605011363692,-1.316095200884647,-0.004117967853581274,-0.004002464480801823,-0.004676407288320357,20000.0,-5000.0,58032.24240428694
392.0,842.8513373597705,559.0912864386427,0.2456625255064182,-0.9625084578594283,-1.320899945155129,-0.004668241552912782,-0.0031971563432201793,-0.004777272392552122,20000.0,-5000.0,58110.14019974981
393.0,843.0949111176026,558.1273379678154,0.24148350622328962,-0.9653649930507981,-1.3256789749822868,-0.003702659312817419,-0.0035510578320480774,-0.004818270651176343,20000.0,-5000.0,58188.37870428431
394.0,843.334304372217,557.1605564525411,0.237301544539946,-0.9681744777142853,-1.3304327895553003,-0.003453268721689674,-0.0021598277867461487,-0.004746987876493721,20000.0,-5000.0,58266.955155132
395.0,843.5695142066825,556.1909890123868,0.2331166914119649,-0.9709367749196645,-1.3351618857638672,-0.004042481210077043,-0.0034446792463275052,-0.0048775568242422325,20000.0,-5000.0,58345.86675094169
396.0,843.800537755041,555.2186829027017,0.22892899783073517,-0.9736517500364812,-1.3398667581738086,-0.0033984341123112507,-0.0016389669968821987,-0.004694704097572482,20000.0,-5000.0,58425.11065158807
397.0,844.0273722023439,554.2436855123138,0.224738514822036,-0.9763192707405892,-1.344547899009096,-0.003953437453031657,-0.002899315521850522,-0.004803144661570342,20000.0,-5000.0,58504.683978001936
398.0,844.250014784685,553.2660443612206,0.22054529344535467,-0.978939207020801,-1.349205798137668,-0.003643216987494022,-0.0032717670196792093,-0.004695325094918543,20000.0,-5000.0,58584.58381201211
399.0,844.4684627892346,552.2858070982722,0.21634938479388666,-0.9815114311851403,-1.3538409430607798,-0.00493019424628592,-0.0038519337835431888,-0.004509816005892048,20000.0,-5000.0,58664.80719619929
400.0,844.6827135542728,551.3030214988503,0.21215083999339868,-0.9840358178669817,-1.3584538189075324,-0.004386660522495771,-0.0022370351674925034,-0.004570612146430725,20000.0,-5000.0,58745.3511337617
401.0,844.8927644692214,550.3177354625383,0.20794971020194453,-0.9865122440313598,-1.3630449084325256,-0.003997719581279252,-0.0015212220702560853,-0.004763356277943676,20000.0,-5000.0,58826.21258839318
402.0,845.0986129746767,549.3299970107876,0.20374604660889872,-0.9889405889808245,-1.3676146920178132,-0.003351430296734215,-0.0021199494292171036,-0.004454284565124073,20000.0,-5000.0,58907.38848417316
403.0,845.3002565624392,548.3398542845766,0.1995399004345586,-0.9913207343610679,-1.3721636476778354,-0.004616912628481251,-2.7261669596954485e-05,-0.004539655731010782,20000.0,-5000.0,58988.87570546936
404.0,845.4976927755458,547.3473555420654,0.19533132292951905,-0.9936525641672347,-1.3766922510681097,-0.0036676742067999575,-0.0008204184764359548,-0.004585576845200153,20000.0,-5000.0,59070.67109685276
405.0,845.6909192082983,546.3525491562422,0.19112036537381982,-0.9959359647493784,-1.381200975497217,-0.0044886347591113155,-0.002579006039218747,-0.0044068705639453195,20000.0,-5000.0,59152.77146302544
406.0,845.8799335062935,545.3554836125667,0.18690707907688875,-0.9981708248175778,-1.3856902919410539,-0.004336686755351034,-0.0025413323183695437,-0.0045004823488542425,20000.0,-5000.0,59235.173568761056
407.0,846.0647333664521,544.356207506607,0.1826915153762343,-1.000357035447962,-1.3901606690614172,-0.003353850574361425,-0.0016732765085646726,-0.004604998889271191,20000.0,-5000.0,59317.87413885812
408.0,846.2453165370459,543.3547695416707,0.17847372563704766,-1.00249449008777,-1.394612573226333,-0.0062919634058429515,-0.0029846921403537292,-0.004214855229131845,20000.0,-5000.0,59400.86985810643
409.0,846.4216808177262,542.3512185264315,0.17425376125186176,-1.0045830845604087,-1.3990464685330122,-0.005569554682233197,-0.000850996018428853,-0.004427255306226251,20000.0,-5000.0,59484.157371266614
410.0,846.5938240595497,541.3456033725499,0.17003167363952798,-1.0066227170707975,-1.4034628168340597,-0.005764822064519618,-0.0016389822077008127,-0.00441784864211914,20000.0,-5000.0,59567.73328306267
411.0,846.7617441650052,540.3379730922899,0.16580751424498885,-1.0086132882100856,-1.4078620777652275,-0.006652485742214094,-0.0016992356170560515,-0.0044409413837997996,20000.0,-5000.0,59651.59415818792
412.0,846.9254390880396,539.3283767961298,0.161581334538198,-1.010554700960654,-1.412244708776346,-0.004932662438031464,-0.001202249802765577,-0.004228920097791092,20000.0,-5000.0,59735.736521324485
413.0,847.0849068340816,538.3168636903686,0.15735318601377912,-1.012446860700777,-1.416611165163668,-0.0034495817738273826,-7.548164591409594e-05,-0.004423372713176896,20000.0,-5000.0,59820.156857176
414.0,847.2401454600672,537.3034830747282,0.15312312019051433,-1.014289675209227,-1.4209619001044536,-0.004527321520678123,-0.0016402773805171546,-0.004533771005550585,20000.0,-5000.0,59904.85161051398
415.0,847.3911530744626,536.2882843399501,0.14889118861037787,-1.0160830546698776,-1.4252973646939628,-0.0040271068661404735,-0.0018861974359001721,-0.004411811867585688,20000.0,-5000.0,59989.81718623792
416.0,847.537927837288,535.2713169653885,0.1446574428380245,-1.0178269116758543,-1.4296180079838168,-0.0031016749825741787,-0.00014975508480274697,-0.004149714379757795,20000.0,-5000.0,60075.04994944894
417.0,847.6804679601387,534.2526305165984,0.14042193446039164,-1.019521161234195,-1.4339242770220975,-0.0028553680821628777,-0.0006630047491382612,-0.0041966081840721006,20000.0,-5000.0,60160.54622553733
418.0,847.8187717062087,533.2322746429201,0.13618471508584662,-1.0211657207694884,-1.4382166168954293,-0.004309963040803308,-0.0019535423685332325,-0.004317069227823693,20000.0,-5000.0,60246.30230028384
419.0,847.9528373903104,532.2102990750594,0.1319458363434478,-1.0227605101280801,-1.4424954707726245,-0.002831747115321249,-0.001564470709912533,-0.004102853420338471,20000.0,-5000.0,60332.31441997491
420.0,848.0826633788956,531.1867536226639,0.1277053498827172,-1.0243054515823928,-1.446761279949358,-0.004145438729075823,-0.0013167539424588026,-0.004167200456487586,20000.0,-5000.0,60418.57879153181
421.0,848.2082480900758,530.1616881718946,0.12346330737261724,-1.0258004698340528,-1.4510144838948864,-0.005113816385502579,-0.001093679648631823,-0.00428002087892367,20000.0,-5000.0,60505.09158265381
422.0,848.3295899936409,529.1351526829958,0.11921976050109606,-1.0272454920179825,-1.455255520299695,-0.004862540096940114,-0.00283105940105255,-0.004255646116632936,20000.0,-5000.0,60591.848921975245
423.0,848.446687611078,528.1071971878587,0.1149747609744054,-1.028640447705925,-1.459484825124569,-0.005785683461983339,-0.0029743073696634763,-0.004183013949636731,20000.0,-5000.0,60678.84689923684
424.0,848.5595395155897,527.077871787584,0.11072836051647528,-1.02998526890957,-1.4637028326507737,-0.0051708695302056995,-0.0022427419681033847,-0.00431524121269275,20000.0,-5000.0,60766.081565470835
425.0,848.668144332111,526.0472266500395,0.10648061086840244,-1.0312798900843063,-1.4679099755313356,-0.004620790248526985,-0.002272964528798897,-0.004201370110828764,20000.0,-5000.0,60853.54893320048
426.0,848.7725007373265,525.0153120074153,0.10223156378776821,-1.0325242481321766,-1.4721066848434694,-0.0034138190982145188,-0.0018888711939301743,-0.0041536326175140225,20000.0,-5000.0,60941.244976653434
427.0,848.8726074596865,523.9821781537752,0.09798127104784271,-1.033718282404834,-1.4762933901421322,-0.002461026965112622,-0.0005086475483996258,-0.004390111599895982,20000.0,-5000.0,61029.16563198931
428.0,848.9684632794222,522.9478754426057,0.09372978443690272,-1.0348619347067256,-1.4804705195144412,-0.00568973693727,-0.0012941454982810102,-0.004195919413663747,20000.0,-5000.0,61117.30679754143
429.0,849.0600670285603,521.9124542843617,0.08947715575811799,-1.0359551492979335,-1.484638499634405,-0.003844573406654569,-0.000863688793421651,-0.004201019351180404,20000.0,-5000.0,61205.664334072564
430.0,849.1474175909384,520.8759651440098,0.08522343682858491,-1.036997872896677,-1.4887977558192873,-0.005336562319101477,-0.0022909147089443752,-0.004028228841043645,20000.0,-5000.0,61294.23406504476
431.0,849.2305139022175,519.8384585385684,0.08096867947836017,-1.0379900546820977,-1.4929487120867784,-0.0037614933673144144,-0.0014470649025268333,-0.004374653369308977,20000.0,-5000.0,61383.011776903375
432.0,849.3093549498951,518.7999850346456,0.0767129355502334,-1.0389316462966462,-1.497091791212167,-0.004392561371777473,-0.000305436171280216,-0.0041864343105875975,20000.0,-5000.0,61471.9932193749
433.0,849.3839397733179,517.7605952459751,0.07245625689915869,-1.0398226018484138,-1.5012274147865232,-0.006161540998698631,-0.00024677463629517254,-0.0041915610179875575,20000.0,-5000.0,61561.17410577898
434.0,849.4542674636934,516.7203398309488,0.06819869539145884,-1.040662877913519,-1.5053560032757447,-0.0032924067397570216,-0.0015685829841398818,-0.004006795010470116,20000.0,-5000.0,61650.5501133543
435.0,849.5203371641009,515.679269490148,0.0639403029042569,-1.0414524335382112,-1.509477976079965,-0.004888074920770766,-0.0005960226592942293,-0.0041242483898164504,20000.0,-5000.0,61740.116883598406
436.0,849.582148069502,514.6374349638724,0.05968113132468034,-1.042191230240519,-1.5135937515937083,-0.004814872742354027,0.0015737374311734324,-0.003891223419444235,20000.0,-5000.0,61829.870022621355
437.0,849.6396994267502,513.594887029667,0.05542123254923581,-1.042879232012524,-1.517703747266436,-0.005372941859454536,-0.000680892067521934,-0.004025588019837307,20000.0,-5000.0,61919.80510151308
438.0,849.6929905346004,512.5516764998473,0.051160658483581756,-1.0435164053221229,-1.5218083796631547,-0.0049414400137779094,-0.0013327635523378368,-0.0041527856504846375,20000.0,-5000.0,62009.91765672457
439.0,849.7420207437174,511.50785421902276,0.04689946104150522,-1.044102719114278,-1.5259080645261984,-0.0038164119404287206,-0.0007416090956123317,-0.004067841488764051,20000.0,-5000.0,62100.203190462584
440.0,849.7867894566834,510.46347106161875,0.04263769214435342,-1.0446381448128932,-1.530003216837012,-0.004458871598484743,-0.0004140903728419426,-0.00413679001700788,20000.0,-5000.0,62190.65717109796
441.0,849.8272961280061,509.418577929397,0.0383754037202948,-1.0451226563221212,-1.5340942508784319,-0.003920663680172574,-0.0006162807472643783,-0.003983120723629878,20000.0,-5000.0,62281.27503358732
442.0,849.863540264124,508.3732257489745,0.03411264770397793,-1.0455562300274721,-1.5381815802969139,-0.003886509990718308,-0.000440707901826019,-0.004250094712612379,20000.0,-5000.0,62372.05217990811
443.0,849.895521423414,507.32746546934203,0.029849476035963107,-1.0459388447972628,-1.542265618165288,-0.0028896642530156016,-0.0018585304943676815,-0.004184253508095295,20000.0,-5000.0,62462.9839795069
444.0,849.923239216196,506.28134805938,0.025585940661471795,-1.0462704819834414,-1.5463467770464079,-0.004620241058597201,-0.0013074226223115215,-0.004023687196324244,20000.0,-5000.0,62554.065769760724
445.0,849.946693304737,505.23492450537515,0.021322093530272923,-1.0465511254222974,-1.5504254690559498,-0.005800134098511131,-0.0004104711175881401,-0.003926389650495131,20000.0,-5000.0,62645.29285645148
446.0,849.9658834032565,504.1882458085354,0.01705798659611446,-1.046780761435798,-1.5545021059258632,-0.003154136998167482,-0.00037603056509585327,-0.004347567470230918,20000.0,-5000.0,62736.660514253075
447.0,849.9808092779292,503.14136298250355,0.012793671815813923,-1.0469593788317866,-1.5585770990682923,-0.004609190910781259,-0.0007420268150665885,-0.0039047486702179094,20000.0,-5000.0,62828.163987231375
448.0,849.9914707468881,502.0943270508718,0.008529201148689936,-1.0470869689046367,-1.5626508596393276,-0.00310517672694702,-0.00028619439205078087,-0.004090644322069476,20000.0,-5000.0,62919.798489356624
449.0,849.9978676802266,501.0471890446943,0.004264626555936957,-1.0471635254359057,-1.566723798602924,-0.003865829985479796,1.242684783580126e-05,-0.00430522902017377,20000.0,-5000.0,63011.55920502823
450.0,850.0,500.0,0.0,-1.0471890446942496,-1.5707963267948966,-0.004401029560559255,0.0009251254590138578,-0.004442981675687154,20000.0,-5000.0,63103.44128961191
451.0,849.9978676802266,498.9528109553058,-0.004264626555936957,-1.0471635254358773,-1.5748688549868692,-0.0039018205234017046,-5.215742052019696e-05,-0.004261480334941058,20000.0,-5000.0,63195.43986998877
452.0,849.9914707468881,497.90567294912825,-0.008529201148689936,-1.0470869689046651,-1.5789417939504655,-0.0022351724138377793,0.0005172014219105036,-0.004075781610866837,20000.0,-5000.0,63287.55004511622
453.0,849.9808092779292,496.85863701749645,-0.012793671815813923,-1.0469593788317866,-1.583015554521501,-0.0021040166340784094,-0.0004102430687689723,-0.004082509558616709,20000.0,-5000.0,63379.766886600766
454.0,849.9658834032565,495.8117541914647,-0.01705798659611446,-1.046780761435798,-1.58709054766393,-0.004192043909433991,0.000799193391675435,-0.0039976695781767,20000.0,-5000.0,63472.085439282
455.0,849.946693304737,494.76507549462485,-0.021322093530272923,-1.0465511254222974,-1.5911671845338435,-0.004097354417422791,0.0006459564621984835,-0.004145478528781413,20000.0,-5000.0,63564.50072182817
456.0,849.923239216196,493.7186519406201,-0.025585940661471795,-1.046270481983413,-1.5952458765433861,-0.0031442375697846004,0.0012067218660965534,-0.004216672513068795,20000.0,-5000.0,63657.007727342585
457.0,849.895521423414,492.672534530658,-0.029849476035963107,-1.0459388447973197,-1.5993270354245037,-0.0051429697957291595,0.0010992335241768966,-0.004133578776516229,20000.0,-5000.0,63749.60142398101
458.0,849.863540264124,491.62677425102544,-0.03411264770397793,-1.0455562300275005,-1.6034110732928784,-0.003916519925574226,0.001020468954163187,-0.004081535683143593,20000.0,-5000.0,63842.27675557955
459.0,849.8272961280061,490.581422070603,-0.0383754037202948,-1.0451226563221212,-1.6074984027113612,-0.004289423521161812,0.0003566735125898311,-0.004060701271248155,20000.0,-5000.0,63935.02864229317
460.0,849.7867894566834,489.5365289383812,-0.04263769214435342,-1.0446381448129216,-1.61158943675278,-0.003935516310158869,0.0007647427061087185,-0.004190486686611676,20000.0,-5000.0,64027.851981244006
461.0,849.7420207437174,488.4921457809772,-0.04689946104150522,-1.0441027191142496,-1.615684589063596,-0.005128313656003004,0.0016670810112387605,-0.00398616797124716,20000.0,-5000.0,64120.74164717995
462.0,849.6929905346004,487.4483235001527,-0.051160658483581756,-1.0435164053220944,-1.61978427392664,-0.005914278049732621,-6.651331708550296e-05,-0.004178847327516487,20000.0,-5000.0,64213.69249314252
463.0,849.6396994267502,486.405112970333,-0.05542123254923581,-1.0428792320125524,-1.6238889063233557,-0.006416454924611498,8.94773981419193e-06,-0.004214648824447349,20000.0,-5000.0,64306.699351144474
464.0,849.582148069502,485.3625650361276,-0.05968113132468034,-1.042191230240519,-1.627998901996085,-0.005421784840842368,0.0009021155243759596,-0.004179823981659044,20000.0,-5000.0,64399.757032856214
465.0,849.5203371641009,484.32073050985196,-0.0639403029042569,-1.0414524335382112,-1.6321146775098283,-0.004735874189347198,0.0011961302915145032,-0.003986224462373149,20000.0,-5000.0,64492.86033030129
466.0,849.4542674636934,483.27966016905117,-0.06819869539145884,-1.0406628779135474,-1.6362366503140466,-0.004562940902801693,-4.2280431819877824e-05,-0.004141669510471297,20000.0,-5000.0,64586.004016560204
467.0,849.3839397733179,482.23940475402486,-0.07245625689915869,-1.0398226018484138,-1.64036523880327,-0.002242104615899507,0.0007878513556263956,-0.00421781831493263,20000.0,-5000.0,64679.18284648275
468.0,849.3093549498951,481.20001496535434,-0.0767129355502334,-1.0389316462966178,-1.644500862377628,-0.0031058097339685085,0.0008185005412551076,-0.004025057229779087,20000.0,-5000.0,64772.39155740811
469.0,849.2305139022175,480.1615414614316,-0.08096867947836017,-1.0379900546820977,-1.648643941503015,-0.005255971933727574,-0.0013373420237199033,-0.0038825737817472696,20000.0,-5000.0,64865.62486989274
470.0,849.1474175909384,479.12403485599015,-0.08522343682858491,-1.036997872896677,-1.652794897770506,-0.003892568390774006,0.0007890414974725407,-0.0041292285762309965,20000.0,-5000.0,64958.87748844559
471.0,849.0600670285603,478.08754571563827,-0.08947715575811799,-1.0359551492979335,-1.656954153955388,-0.0046765971709741075,0.0009043345881355761,-0.004011345440817545,20000.0,-5000.0,65052.14410227034
472.0,848.9684632794222,477.0521245573943,-0.09372978443690272,-1.034861934706754,-1.6611221340753497,-0.0045478393471290735,0.0009517043722332859,-0.004044688828104124,20000.0,-5000.0,65145.41938601443
473.0,848.8726074596865,476.01782184622476,-0.09798127104784271,-1.0337182824048057,-1.6652992634476635,-0.004058122773580631,0.0026416097870120467,-0.004256661405467931,20000.0,-5000.0,65238.69800052444
474.0,848.7725007373265,474.98468799258467,-0.10223156378776821,-1.0325242481321766,-1.6694859687463237,-0.0036056376443081937,-4.541924524102507e-05,-0.0041884202902287065,20000.0,-5000.0,65331.974593607665
475.0,848.668144332111,473.9527733499604,-0.10648061086840244,-1.0312798900843347,-1.6736826780584548,-0.004601278859156425,0.0004117565411649002,-0.004360209308924021,20000.0,-5000.0,65425.24380079921
476.0,848.5595395155897,472.922128212416,-0.11072836051647528,-1.02998526890957,-1.6778898209390196,-0.0031405074265410055,-0.0013973602976748451,-0.004237867828345405,20000.0,-5000.0,65518.500246134776
477.0,848.446687611078,471.89280281214127,-0.1149747609744054,-1.0286404477058966,-1.6821078284652276,-0.005433489673093239,0.0008696618658113958,-0.004300936467399543,20000.0,-5000.0,65611.73854292827
478.0,848.3295899936409,470.8648473170042,-0.11921976050109606,-1.027245492018011,-1.686337133290095,-0.004237679608763316,0.0010084593802062176,-0.004284892146649557,20000.0,-5000.0,65704.95329455429
479.0,848.2082480900758,469.83831182810525,-0.12346330737261724,-1.0258004698340528,-1.6905781696949067,-0.001540818370327469,0.0009395662811590477,-0.004339667281847632,20000.0,-5000.0,65798.13909523489
480.0,848.0826633788956,468.8132463773361,-0.1277053498827172,-1.0243054515823644,-1.6948313736404386,-0.004009227576398675,0.0026721329934448535,-0.004294938158649606,20000.0,-5000.0,65891.29053083036
481.0,847.9528373903104,467.7897009249405,-0.1319458363434478,-1.0227605101281085,-1.6990971828171653,-0.002748921225578684,0.002465038708064121,-0.004206646873605141,20000.0,-5000.0,65984.40217963372
482.0,847.8187717062087,466.7677253570799,-0.13618471508584662,-1.02116572076946,-1.7033760366943675,-0.004142854133975196,0.0017006572983325615,-0.0043003437799894705,20000.0,-5000.0,66077.46861316841
483.0,847.6804679601387,465.7473694834016,-0.14042193446039164,-1.0195211612342234,-1.7076683765676919,-0.0036322672403207128,0.0012839105240120038,-0.004529393118876598,20000.0,-5000.0,66170.4843969889
484.0,847.537927837288,464.72868303461144,-0.1446574428380245,-1.0178269116758827,-1.7119746456059726,-0.0042936902456598555,0.002786446833255898,-0.0044055374509488765,20000.0,-5000.0,66263.44409148405
485.0,847.3911530744626,463.71171566004983,-0.14889118861037787,-1.0160830546698492,-1.7162952888958343,-0.004410088514984231,0.0017480670498311306,-0.004515568202453772,20000.0,-5000.0,66356.34225268224
486.0,847.2401454600672,462.69651692527174,-0.15312312019051433,-1.014289675209227,-1.7206307534853396,-0.0050417791151998745,0.0009669715155269364,-0.004312979459206088,20000.0,-5000.0,66449.1734330587
487.0,847.0849068340816,461.6831363096314,-0.15735318601377912,-1.0124468607007486,-1.7249814884261296,-0.0037815282224626604,8.232710242848918e-05,-0.0042964795493572955,20000.0,-5000.0,66541.93218234417
488.0,846.9254390880396,460.67162320387024,-0.161581334538198,-1.010554700960597,-1.729347944813456,-0.005112892487737978,0.0014577519562494227,-0.004342882207062225,20000.0,-5000.0,66634.61304833434
489.0,846.7617441650052,459.6620269077102,-0.16580751424498885,-1.0086132882100571,-1.7337305758245702,-0.0035328595313698485,0.002750936244520981,-0.004488122236259228,20000.0,-5000.0,66727.21057770032
490.0,846.5938240595497,458.6543966274501,-0.17003167363952798,-1.006622717070826,-1.738129836755729,-0.0030942597216158914,0.004383048795529063,-0.004377339529715394,20000.0,-5000.0,66819.71931679914
491.0,846.4216808177262,457.64878147356853,-0.17425376125186176,-1.004583084560437,-1.7425461850567763,-0.0038397775098026944,0.002128197635274156,-0.004483140209586132,20000.0,-5000.0,66912.13381248433
492.0,846.2453165370459,456.64523045832925,-0.17847372563704766,-1.00249449008777,-1.74698008036346,-0.004516619342872655,0.0013169382512356132,-0.004583372025535172,20000.0,-5000.0,67004.44861291582
493.0,846.0647333664521,455.643792493393,-0.1826915153762343,-1.000357035447962,-1.751431984528376,-0.003744483375141283,0.0009292883395739509,-0.004369576537598136,20000.0,-5000.0,67096.65826836911
494.0,845.8799335062935,454.6445163874333,-0.18690707907688875,-0.9981708248175494,-1.7559023616487444,-0.004535491989738752,0.0027846525082561094,-0.004378891183492798,20000.0,-5000.0,67188.7573320432
495.0,845.6909192082983,453.6474508437579,-0.19112036537381982,-0.99593596474935,-1.7603916780925815,-0.0032390104251200005,0.0004236608666538615,-0.004381914004716841,20000.0,-5000.0,67280.74036086677
496.0,845.4976927755458,452.6526444579346,-0.19533132292951905,-0.9936525641672631,-1.7649004025216781,-0.006114708794547649,0.002880057921224952,-0.004593742287872732,20000.0,-5000.0,67372.60191630237
497.0,845.3002565624392,451.66014571542337,-0.19953990043450176,-0.9913207343610395,-1.7694290059119082,-0.004556444618004947,0.003206532207241681,-0.004393230394682384,20000.0,-5000.0,67464.33656514832
498.0,845.0986129746768,450.67000298921255,-0.20374604660889872,-0.9889405889807961,-1.7739779615719857,-0.006275652573994928,0.002858042244744664,-0.004620284293896072,20000.0,-5000.0,67555.93888033762
499.0,844.8927644692214,449.6822645374618,-0.20794971020200137,-0.9865122440314167,-1.7785477451573113,-0.0057574876644236345,0.00222390396198787,-0.004499785725342331,20000.0,-5000.0,67647.40344173387
500.0,844.6827135542728,448.6969785011497,-0.21215083999334183,-0.9840358178670101,-1.7831388346821997,-0.0027812128506826536,0.0030880307474455164,-0.004665036162180332,20000.0,-5000.0,67738.72483692347
501.0,844.4684627892348,447.71419290172776,-0.21634938479388666,-0.9815114311851403,-1.7877517105290135,-0.0032660980015243525,0.0027261073642497777,-0.004651652788705881,20000.0,-5000.0,67829.89766200403
502.0,844.250014784685,446.73395563877943,-0.22054529344541152,-0.978939207020801,-1.7923868554521805,-0.004942934038824646,0.0017867129127678199,-0.0049453278534240695,20000.0,-5000.0,67920.91652236842
503.0,844.0273722023439,445.75631448768615,-0.224738514822036,-0.9763192707405608,-1.7970447545807038,-0.005754684629276824,0.004568439138842787,-0.0047067801227115,20000.0,-5000.0,68011.77603348404
504.0,843.800537755041,444.7813170972983,-0.22892899783073517,-0.9736517500364812,-1.8017258954159847,-0.007272649805876132,0.0023254477922674778,-0.004681764898735895,20000.0,-5000.0,68102.47082166726
505.0,843.5695142066825,443.8090109876132,-0.2331166914119649,-0.9709367749197213,-1.8064307678259126,-0.004751591461220506,0.0035455367063353237,-0.0047675899328280535,20000.0,-5000.0,68192.99552485211
506.0,843.334304372217,442.83944354745887,-0.237301544539946,-0.9681744777143138,-1.8111598640344861,-0.001665807145908178,0.00027016370771971695,-0.004524718224025598,20000.0,-5000.0,68283.3447933536
507.0,843.0949111176026,441.87266203218456,-0.24148350622328962,-0.9653649930507697,-1.8159136786075134,-0.0037281446048392838,0.004160734061457414,-0.004909886109444697,20000.0,-5000.0,68373.51329062438
508.0,842.8513373597705,440.90871356135733,-0.2456625255064182,-0.9625084578593999,-1.8206927084346711,-0.004759563027435668,0.004407728841505762,-0.004861440533888479,20000.0,-5000.0,68463.49569400532
509.0,842.6035860665897,439.94764511646576,-0.2498385514692245,-0.959605011363692,-1.8254974527051462,-0.003690749607819787,0.0029578630754577124,-0.004929525641429749,20000.0,-5000.0,68553.28669546916
510.0,842.351660256832,438.98950353862995,-0.2540115332280948,-0.9566547950735185,-1.8303284128797466,-0.005795068666240787,0.0035547362737846557,-0.004913897618466632,20000.0,-5000.0,68642.8810023566
511.0,842.0955630001336,438.0343355263187,-0.25818141993659083,-0.9536579527782578,-1.8351860926575847,-0.0044775753606749735,0.003601023121701406,-0.0047440023204465874,20000.0,-5000.0,68732.27333810533
512.0,841.8352974169588,437.08218763307343,-0.2623481607859617,-0.9506146305398033,-1.8400709979372805,-0.004061670811558329,0.0023978952333347115,-0.004716363106493813,20000.0,-5000.0,68821.45844297069
513.0,841.5708666785616,436.1331062652391,-0.2665117050058825,-0.9475249766854006,-1.844983636772854,-0.004251478330988463,0.0036818348981258785,-0.005013247902284888,20000.0,-5000.0,68910.43107473855
514.0,841.3022740069471,435.18713767970263,-0.27067200186462514,-0.9443891418003716,-1.8499245193232814,-0.0033360890201492256,0.0023177501332142005,-0.005044489342049345,20000.0,-5000.0,68999.18600942925
515.0,841.0295226748324,434.2443279816384,-0.2748290006704792,-0.9412072787208956,-1.8548941577971902,-0.0037968409263023943,0.002571599718182753,-0.005127078731408962,20000.0,-5000.0,69087.7180419928
516.0,840.7526160056061,433.30472312226084,-0.27898265077180895,-0.9379795425265058,-1.859893066389983,-0.003456789593683206,0.004422786604885645,-0.00485258856832896,20000.0,-5000.0,69176.02198699505
517.0,840.4715573732888,432.36836889658537,-0.2831329015574511,-0.9347060905324724,-1.8649217612147444,-0.0048645378608190085,0.00431002256795561,-0.004905499936577465,20000.0,-5000.0,69264.09267929393
518.0,840.1863502024912,431.4353109411959,-0.2872797024580791,-0.9313870822823276,-1.8699807602271985,-0.0032111859257358873,0.002606967387966366,-0.005087490539681482,20000.0,-5000.0,69351.92497470634
519.0,839.8969979683726,430.5055947320207,-0.29142300294620327,-0.9280226795397652,-1.8750705831423893,-0.0024471825148595326,0.0026239868743496873,-0.005277792928144875,20000.0,-5000.0,69439.51375066464
520.0,839.6035041965988,429.57926558211636,-0.29556275253702324,-0.9246130462809958,-1.8801917513446411,-0.005147052182716323,0.0027606466307910586,-0.005298362012969995,20000.0,-5000.0,69526.85390686276
521.0,839.3058724632986,428.6563686394587,-0.2996989007889397,-0.9211583486868449,-1.8853447877895517,-0.00505766106815856,0.004239202308863181,-0.005148174813700957,20000.0,-5000.0,69613.94036589166
522.0,839.0041063950209,427.7369488847427,-0.3038313973042932,-0.9176587551343118,-1.8905302168983686,-0.0027412263110250623,0.0024818197720047437,-0.005134092658687135,20000.0,-5000.0,69700.76807386396
523.0,838.69820966869,426.8210511291901,-0.30796019173010336,-0.9141144361886688,-1.8957485644438787,-0.004325945116119322,0.00393763074418916,-0.005490060250504698,20000.0,-5000.0,69787.33200102708
524.0,838.3881860115607,425.90872001236534,-0.3120852337580118,-0.9105255645950479,-1.901000357427045,-0.0026629526378080266,0.004387894892673458,-0.00530843370454136,20000.0,-5000.0,69873.62714236513
525.0,838.074039201174,425.0,-0.3162064731258738,-0.906892315269971,-1.9062861239463287,-0.004579617471658083,0.0035635609423471295,-0.005103298392404287,20000.0,-5000.0,69959.64851818881
526.0,837.755773065309,424.0949353818254,-0.3203238596177016,-0.9032148652928811,-1.9116063930561096,-0.0026019659557381556,0.004750080771122336,-0.005364628888921721,20000.0,-5000.0,70045.39117471369
527.0,837.4333914819385,423.19357026941424,-0.3244373430642895,-0.8994933938974725,-1.916961694616226,-0.003974741587589518,0.003426862489953092,-0.00518924171414223,20000.0,-5000.0,70130.85018462583
528.0,837.1068983791804,422.29594859403045,-0.32854687334435084,-0.89572808246308,-1.9223525591320387,-0.0038389313536518078,0.003564697299115014,-0.0053288104842129395,20000.0,-5000.0,70216.02064763529
529.0,836.7762977352498,421.4021141044881,-0.33265240038440425,-0.8919191145056118,-1.9277795175831194,-0.002475955347174534,0.00281421847497293,-0.005579085703481348,20000.0,-5000.0,70300.89769101693
530.0,836.4415935784116,420.5121103650192,-0.33675387415991054,-0.8880666756687958,-1.9332431012424045,-0.0044757185525093396,0.0049320997603691935,-0.005518281514096406,20000.0,-5000.0,70385.47647013816
531.0,836.10278998693,419.6259807531505,-0.3408512446957275,-0.8841709537151132,-1.938743841483772,-0.00507420427296619,0.003119970564583207,-0.005535466763483606,20000.0,-5000.0,70469.75216897384
532.0,835.7598910890201,418.743768457589,-0.34494446206667817,-0.8802321385165044,-1.9442822695784456,-0.004557690947260414,0.004324081798136456,-0.005675090203374858,20000.0,-5000.0,70553.72000060778
533.0,835.4129010627967,417.8655164761175,-0.3490334763982901,-0.8762504220453309,-1.9498589164797284,-0.0036163916977709027,0.003928890504094982,-0.005715716233251024,20000.0,-5000.0,70637.37520772101
534.0,835.0618241362235,416.99126761349834,-0.35311823786713603,-0.8722259983647689,-1.9554743125954581,-0.005711238063365998,0.0029506244806642695,-0.005449080076803773,20000.0,-5000.0,70720.7130630661
535.0,834.7066645870624,416.12106447938794,-0.35719869670163007,-0.8681590636195153,-1.961128987548318,-0.0034152158275487367,0.0034545311287555894,-0.005795198075636005,20000.0,-5000.0,70803.7288699281
536.0,834.3474267428203,415.2549494862593,-0.3612748031827664,-0.8640498160263235,-1.9668234699233045,-0.004634309700545404,0.0055687016279076015,-0.005581556247695487,20000.0,-5000.0,70886.41796257142
537.0,833.9841149806969,414.3929648473353,-0.3653465076444036,-0.8598984558641405,-1.9725582870016962,-0.00287557865819815,0.0043820698392639775,-0.005809115319376603,20000.0,-5000.0,70968.77570667249
538.0,833.6167337275315,413.535152574531,-0.3694137604741172,-0.8557051854643305,-1.9783339644819633,-0.006555397615269838,0.0031644532755345928,-0.0057995338296409375,20000.0,-5000.0,71050.79749973869
539.0,833.2452874597486,412.68155447640663,-0.37347651211382527,-0.8514702092009827,-1.9841510261864623,-0.00487862449884125,0.0045733139142993045,-0.005768675497494021,20000.0,-5000.0,71132.47877151248
540.0,832.8697807033038,411.83221215612906,-0.37753471306007214,-0.847193733480907,-1.9900099937536009,-0.005810084614377644,0.004145140386661401,-0.0059540502346743665,20000.0,-5000.0,71213.81498436152
541.0,832.4902180336285,410.9871670094448,-0.38158831386499514,-0.8428759667334589,-1.9959113863160702,-0.004910680524199548,0.007931041375217574,-0.005852776194244307,20000.0,-5000.0,71294.80163365416
542.0,832.1066040755738,410.14646022266214,-0.3856372651367792,-0.8385171194005068,-2.0018557201634746,-0.0037889915790373274,0.0046758536251129135,-0.006218617914451771,20000.0,-5000.0,71375.43424812026
543.0,831.7189435033549,409.3101327706438,-0.38968151754005476,-0.8341174039261432,-2.0078435083896258,-0.004228301318100913,0.004024134514198089,-0.005955504390300894,20000.0,-5000.0,71455.70839019754
544.0,831.3272410404937,408.47822541480986,-0.39372102179697777,-0.8296770347462825,-2.0138752605248413,-0.004300656836789024,0.005937633139170425,-0.006358636613559833,20000.0,-5000.0,71535.61965636318
545.0,830.931501459761,407.65077870115124,-0.3977557286876845,-0.8251962282782017,-2.0199514821515905,-0.004197860137919392,0.0025859579007321974,-0.006126702918439144,20000.0,-5000.0,71615.16367745053
546.0,830.5317295831184,406.82783295825345,-0.4017855890502915,-0.8206752029101381,-2.026072674503296,-0.003815857799517256,0.004639131972118205,-0.006038500904169443,20000.0,-5000.0,71694.33611895106
547.0,830.1279302816604,406.00942829533096,-0.40581055378225983,-0.8161141789905457,-2.032239334047958,-0.005071523486303634,0.006655421447067911,-0.00611283918646314,20000.0,-5000.0,71773.1326813017
548.0,829.7201084755538,405.19560460027236,-0.4098305738407362,-0.8115133788172102,-2.038451952053877,-0.0032822919454087865,0.004499711228223343,-0.006396081316275781,20000.0,-5000.0,71851.5491001569
549.0,829.3082691339789,404.38640153769654,-0.4138456002429507,-0.8068730266266186,-2.0447110141380813,-0.003323231575119204,0.0028571180361161917,-0.006426876149493856,20000.0,-5000.0,71929.58114664623
550.0,828.8924172750679,403.5818585470191,-0.41785558406718337,-0.8021933485831028,-2.0510169997979326,-0.00360694000574682,0.004287411945367904,-0.006414675261517182,20000.0,-5000.0,72007.2246276169
551.0,828.4725579658445,402.78201484053034,-0.4218604764529914,-0.7974745727674701,-2.0573703819245637,-0.0034234427227825236,0.00625113000484745,-0.006354331714855144,20000.0,-5000.0,72084.47538586141
552.0,828.048696322162,401.9869094014842,-0.42586022860194817,-0.792716929166204,-2.0637716262986254,-0.003688837795240085,0.0051681312119714684,-0.006676172385772233,20000.0,-5000.0,72161.32930033054
553.0,827.6208375086406,401.19658098219793,-0.429854791778439,-0.787920649660208,-2.0702211910682458,-0.0018751581625477366,0.0039429424585885825,-0.00647558192156399,20000.0,-5000.0,72237.78228633142
554.0,827.1889867386051,400.41106810216377,-0.4338441173100023,-0.7830859680133244,-2.076719526208447,-0.004077273607707176,0.004141008012548323,-0.006484506384501047,20000.0,-5000.0,72313.83029571088
555.0,826.7531492740206,399.6304090461713,-0.43782815658789787,-0.7782131198611353,-2.08326707296232,-0.004300785197052084,0.004309639128513167,-0.006607299112948112,20000.0,-5000.0,72389.46931702414
556.0,826.3133304254293,398.8546418624415,-0.4418068610679029,-0.7733023426993668,-2.0898642632642455,-0.004759796292744459,0.005305322806875954,-0.0065573914363264135,20000.0,-5000.0,72464.69537568883
557.0,825.8695355518848,398.08380436077255,-0.44578018227065286,-0.7683538758724069,-2.096511519144196,-0.005044315755925616,0.006359118864302707,-0.006644883862675089,20000.0,-5000.0,72539.50453412463
558.0,825.421770060888,397.3179341106967,-0.44974807178255105,-0.76336796056151,-2.103209252114367,-0.005259589694101022,0.0060991982747114,-0.006790019098252709,20000.0,-5000.0,72613.89289187817
559.0,824.9700394083197,396.5570684396495,-0.4537104812562234,-0.7583448397731445,-2.1099578625369535,-0.004884129890256875,0.005515923240574933,-0.007013195170574191,20000.0,-5000.0,72687.85658573391
560.0,824.5143490983755,395.8012444311504,-0.4576673624108025,-0.7532847583271689,-2.1167577389736407,-0.004027611250452702,0.0036933250944117422,-0.00680923252649261,20000.0,-5000.0,72761.39178981054
561.0,824.0547046834981,395.0504989229952,-0.461618667033008,-0.7481879628448098,-2.1236092575179297,-0.0036007744340683634,0.0037337762268039713,-0.00699514335313351,20000.0,-5000.0,72834.4947156434
562.0,823.5911117643095,394.3048685054608,-0.46556434697743043,-0.7430547017366678,-2.1305127811088544,-0.0038896480368682132,0.005706032147354947,-0.007001075893153887,20000.0,-5000.0,72907.1616122528
563.0,823.1235759895433,393.56438951952185,-0.46950435416715663,-0.737885225190638,-2.137468658827548,-0.004733420093778839,0.0037879634214475597,-0.00692309167808748,20000.0,-5000.0,72979.38876619862
564.0,822.6521030559752,392.8290980550795,-0.4734386405946225,-0.7326797851597746,-2.1444772251768764,-0.0029950730259142525,0.00498867086298403,-0.006860152305108625,20000.0,-5000.0,73051.17250162113
565.0,822.176698708354,392.0990299492023,-0.4773671583216128,-0.727438635349813,-2.1515387993437067,-0.003156507645647132,0.005575239764769042,-0.007092926764222375,20000.0,-5000.0,73122.50918026832
566.0,821.697368739332,391.3742207843799,-0.4812898594802846,-0.7221620312070058,-2.1586536844457065,-0.004085827531562692,0.004110931702955857,-0.007073304675838075,20000.0,-5000.0,73193.39520150986
567.0,821.2141189893935,390.6547058867883,-0.4852066962740764,-0.716850229905674,-2.1658221667625206,-0.004593012982926076,0.0042638816053563984,-0.00737368338091821,20000.0,-5000.0,73263.82700233792
568.0,820.7269553467838,389.9405203245685,-0.48911762097736755,-0.7115034903354456,-2.1730445149509134,-0.003337496264055031,0.005266178165938208,-0.007219105338622649,20000.0,-5000.0,73333.80105735485
569.0,820.2358837474387,389.2316989061174,-0.4930225859367283,-0.7061220730888351,-2.180320979246928,-0.003706440136371277,0.005922497952094475,-0.007311031047971805,20000.0,-5000.0,73403.31387874836
570.0,819.7409101749104,388.52827617839085,-0.49692154357160234,-0.7007062404485964,-2.187651790654168,-0.0054022031289614894,0.006537049555386764,-0.007206387262551151,20000.0,-5000.0,73472.36201625374
571.0,819.2420406602955,387.8302864252202,-0.5008144463741928,-0.695256256374762,-2.195037160118979,-0.003960561489672353,0.006098355009252267,-0.007479443346727848,20000.0,-5000.0,73540.94205710418
572.0,818.739281282162,387.13776366564133,-0.504701246910713,-0.6897723864918248,-2.2024772776952943,-0.003611168569341356,0.005577293226654061,-0.007497397113221913,20000.0,-5000.0,73609.05062596849
573.0,818.2326381664741,386.45074165223656,-0.508581897821955,-0.6842548980759204,-2.2099723116983947,-0.004813372064371571,0.004758007030455995,-0.007391893167757834,20000.0,-5000.0,73676.68438487726
574.0,817.7221174865181,385.7692538694895,-0.512456351823289,-0.6787040600416105,-2.217522407849182,-0.0036738658987411276,0.004453471190790586,-0.007589046561046357,20000.0,-5000.0,73743.84003313724
575.0,817.2077254628275,385.09333353215334,-0.5163245617056305,-0.6731201429289513,-2.225127688411267,-0.005378301221254274,0.005068930593535649,-0.007769767637704035,20000.0,-5000.0,73810.51430723425
576.0,816.6894683631068,384.4230135836316,-0.5201864803361218,-0.667503418890135,-2.2327882513215878,-0.002468912421433549,0.00605938607088184,-0.007373334676208713,20000.0,-5000.0,73876.70398072517
577.0,816.1673525021553,383.75832669437307,-0.5240420606584735,-0.6618541616763594,-2.2405041693155923,-0.002554329622391492,0.006015526057978627,-0.007876731680297015,20000.0,-5000.0,73942.40586411877
578.0,815.6413842417899,383.09930526027887,-0.5278912556937598,-0.6561726466244977,-2.248275489049657,-0.004108635429066593,0.00351328762070178,-0.007807015311027049,20000.0,-5000.0,74007.61680474618
579.0,815.1115699907677,382.4459814011241,-0.5317340185407602,-0.6504591506435986,-2.2561022302216234,-0.0034614754732041142,0.004912123437793488,-0.007811661851802158,20000.0,-5000.0,74072.33368662088
580.0,814.5779162047083,381.79838695899167,-0.5355703023764136,-0.6447139522013288,-2.263984384691776,-0.00633970685137825,0.0070137809755399395,-0.007876815101773899,20000.0,-5000.0,74136.5534302889
581.0,814.0404293860149,381.1565534967214,-0.5394000604569555,-0.6389373313105864,-2.2719219156065504,-0.005029249557742741,0.00587458705755705,-0.007988602835555981,20000.0,-5000.0,74200.27299266889
582.0,813.4991160837944,380.5205122963705,-0.543223246118032,-0.6331295695157166,-2.279914756525935,-0.004125450980805425,0.004349285625375422,-0.008043249383868138,20000.0,-5000.0,74263.4893668832
583.0,812.9539828937789,379.89029435769,-0.5470398127752674,-0.6272909498788124,-2.287962810557739,-0.004928415539518323,0.008304319112599864,-0.008104590231335067,20000.0,-5000.0,74326.19958207959
584.0,812.4050364582439,379.2659303966129,-0.5508497139250039,-0.6214217569660434,-2.2960659495008073,-0.003063464035052655,0.005854232713008923,-0.008268322429339428,20000.0,-5000.0,74388.4007032442
585.0,811.8522834659288,378.6474508437579,-0.5546529031449268,-0.6155222768335022,-2.3042240129997262,-0.0017223174896502818,0.00631424583081678,-0.007920063209649148,20000.0,-5000.0,74450.08983100607
586.0,811.295730651954,378.03488584294587,-0.5584493340941776,-0.609592797013562,-2.3124368077123867,-0.005016887200068798,0.006359901763223107,-0.008267196578137565,20000.0,-5000.0,74511.26410143352
587.0,810.7353847977405,377.42826524973077,-0.5622389605144917,-0.6036336065007504,-2.320704106495176,-0.004657290560268099,0.005591545365724472,-0.008220750654782021,20000.0,-5000.0,74571.92068582265
588.0,810.1712527309251,376.82761862994437,-0.5660217362305389,-0.597644995737511,-2.329025647606577,-0.003534425154353391,0.005246387506288933,-0.008389814370560135,20000.0,-5000.0,74632.05679047838
589.0,809.6033413252794,376.23297525825575,-0.5697976151503212,-0.5916272566003329,-2.3374011339323184,-0.0020966013384593057,0.008239021807265871,-0.008446074911043397,20000.0,-5000.0,74691.66965648838
590.0,809.0316575006244,375.6443641167437,-0.5735665512660262,-0.5855806823853413,-2.3458302322360534,-0.0050368972136670695,0.007104331303218451,-0.008511927110130386,20000.0,-5000.0,74750.75655949028
591.0,808.4562082227474,375.06181389348507,-0.5773284986543672,-0.5795055677939729,-2.3543125724371254,-0.0034993946083015023,0.006944176609482627,-0.008700029102782465,20000.0,-5000.0,74809.31480943233
592.0,807.8770005033157,374.48535298115576,-0.5810834114770955,-0.57340220891885,-2.3628477469189386,-0.0018569444616234063,0.0067167608149429035,-0.008581191520719345,20000.0,-5000.0,74867.34175032798
593.0,807.2940413997932,373.91500947564737,-0.5848312439817391,-0.56727090322903,-2.3714353098717336,-0.005462350601773762,0.005101526783015497,-0.008663745080950027,20000.0,-5000.0,74924.83476000486
594.0,806.7073380153522,373.3508111746977,-0.5885719505022848,-0.5611119495556238,-2.380074776671779,-0.0050696278302198175,0.0075014535524663495,-0.008520574873800799,20000.0,-5000.0,74981.7912498482
595.0,806.1168974987886,372.7927855765361,-0.5923054854594056,-0.5549256480774147,-2.3887656233000847,-0.00417054181855157,0.005322838245146551,-0.008863943414772096,20000.0,-5000.0,75038.20866453949
596.0,805.5227270444334,372.24095987854287,-0.5960318033611429,-0.5487123003060503,-2.3975072858049615,-0.004264177910821782,0.006521380919816212,-0.008837995959396681,20000.0,-5000.0,75094.08448179039
597.0,804.9248338920663,371.695360975924,-0.5997508588034179,-0.5424722090712635,-2.406299159810658,-0.002870172450337728,0.004548095707035891,-0.008927536741292796,20000.0,-5000.0,75149.41621207232
598.0,804.3232253268266,371.15601546040034,-0.6034626064706572,-0.5362056785063203,-2.4151406000752864,-0.003456708251389449,0.00415679347660262,-0.008687852543448518,20000.0,-5000.0,75204.2013983423
599.0,803.717908679125,370.6229496189114,-0.6071670011365313,-0.5299130140330703,-2.42403092010174,-0.005546926478573152,0.0066366494084563925,-0.009021692529380374,20000.0,-5000.0,75258.43761576524
600.0,803.1088913245535,370.0961894323342,-0.6108639976641825,-0.5235945223471106,-2.4329693918037174,-0.003157169615260156,0.005489664845462648,-0.008892767220435588,20000.0,-5000.0,75312.12247143306
601.0,802.4961806837966,369.57576057421716,-0.6145535510066793,-0.5172505114028354,-2.4419552452307367,-0.004286537678257579,0.004287578735375382,-0.008889407335394624,20000.0,-5000.0,75365.25360408115
602.0,801.8797842225401,369.06168840952853,-0.6182356162081533,-0.5108812903983448,-2.4509876683554763,-0.002352679485251961,0.006943987043026459,-0.00907331437441891,20000.0,-5000.0,75417.82868380228
603.0,801.2597094513803,368.55399799342047,-0.6219101484037992,-0.5044871697605231,-2.4600658069245744,-0.004323529930267835,0.008611621540079151,-0.009270464958412071,20000.0,-5000.0,75469.84541175875
604.0,800.6359639257325,368.0527140700075,-0.6255771028205004,-0.4980684611297761,-2.46918876437757,-0.004325320042502548,0.007876200517024284,-0.009313252341856188,20000.0,-5000.0,75521.30151989282
605.0,800.0085552457393,367.5578610711609,-0.6292364347775674,-0.49162547734482587,-2.4783556018358355,-0.0030926391398686704,0.006187314558923986,-0.009082180473732089,20000.0,-5000.0,75572.1947706358
606.0,799.3774910561774,367.06946311531783,-0.6328880996873636,-0.48515853242776075,-2.487565338163608,-0.0028542493979495367,0.006487968354438188,-0.009386248346889184,20000.0,-5000.0,75622.52295661652
607.0,798.7427790463646,366.5875440063054,-0.6365320530553618,-0.47866794156828973,-2.4968169501041655,-0.003173983809549399,0.007425605370791206,-0.009223635821860119,20000.0,-5000.0,75672.28390036916
608.0,798.1044269500667,366.11212723218125,-0.6401682504811106,-0.472154021108679,-2.5061093724929715,-0.0053855752406472696,0.007692610569067776,-0.009298162008734632,20000.0,-5000.0,75721.47545404102
609.0,797.4624425454024,365.64323596408803,-0.6437966476587462,-0.4656170885281199,-2.5154414985499134,-0.003064837184066935,0.00619094986996697,-0.009304860671584432,20000.0,-5000.0,75770.09549910064
610.0,796.8168336547492,365.180893055125,-0.6474172003775038,-0.45905746242755185,-2.5248121802516943,-0.004692446338067946,0.006606363036944341,-0.009331165226783606,20000.0,-5000.0,75818.14194604648
611.0,796.1676081446474,364.72512103923293,-0.651029864521945,-0.4524754625139735,-2.534220228786629,-0.003363974857346838,0.006905711606352221,-0.0095413449208075,20000.0,-5000.0,75865.61273411685
612.0,795.5147739257053,364.27594213009706,-0.6546345960728672,-0.4458714095846119,-2.5436644150934233,-0.005081643951009695,0.0071910342336149935,-0.009582014112249971,20000.0,-5000.0,75912.5058310009
613.0,794.8583389525016,363.8333782200637,-0.6582313511078723,-0.439245625511802,-2.553143470483227,-0.0031285018527712396,0.006498068410628586,-0.009407604527910772,20000.0,-5000.0,75958.81923255183
614.0,794.1983112234896,363.39745087907346,-0.6618200858015939,-0.4325984332269286,-2.5626560873473627,-0.004423688370738442,0.006532827458808596,-0.009606394301162743,20000.0,-5000.0,76004.5509625019
615.0,793.5346987808985,362.96818135360985,-0.665400756426493,-0.4259301567047089,-2.5722009199504137,-0.004910752166712225,0.008113891921259915,-0.009899654197432842,20000.0,-5000.0,76049.69907218014
616.0,792.8675097106366,362.54559056566404,-0.6689733193530856,-0.4192411209475324,-2.581776585308199,-0.002826005650178416,0.007957338117011756,-0.009510306993777686,20000.0,-5000.0,76094.26164023291
617.0,792.1967521421923,362.1296991117148,-0.672537731050852,-0.412531651969573,-2.591381664151525,-0.0033089672610205263,0.007216101792832482,-0.009746946877277712,20000.0,-5000.0,76138.23677234772
618.0,791.5224342485349,361.7205272617249,-0.6760939480886918,-0.4058020767809012,-2.6010147019740746,-0.0041907274287544755,0.008527599564830242,-0.009588622172160359,20000.0,-5000.0,76181.62260098058
619.0,790.8445642460149,361.318094958153,-0.6796419271350942,-0.3990527233714829,-2.6106742101637206,-0.0020343914070355953,0.006357115591527717,-0.009500089720326626,20000.0,-5000.0,76224.4172850875
620.0,790.1631503942647,360.92242181498193,-0.6831816249591611,-0.39228392069534834,-2.620358667216407,-0.003993881280852363,0.00846650193593314,-0.009694086221232686,20000.0,-5000.0,76266.61900985999
621.0,789.4782009960966,360.5335271167623,-0.6867129984307212,-0.38549599865436335,-2.6300665200303732,-0.0034937929097320526,0.0073616149969313194,-0.009595868169509414,20000.0,-5000.0,76308.22598646552
622.0,788.7897243974032,360.1514298176732,-0.6902360045209548,-0.3786892880822279,-2.6397961852789757,-0.0032390899932370066,0.010218304331395598,-0.009720784717765798,20000.0,-5000.0,76349.23645179275
623.0,788.0977289870547,359.77614854059783,-0.6937506003033604,-0.37186412072847475,-2.649546050859837,-0.004154916167603756,0.005593866592467097,-0.009563235994792542,20000.0,-5000.0,76389.64866820221
624.0,787.4022231967965,359.40770157621625,-0.6972567429538117,-0.3650208292420416,-2.6593144774173125,-0.0030118412210233146,0.006135162731885178,-0.009907952802818039,20000.0,-5000.0,76429.46092328256
625.0,786.703215501147,359.04610688211375,-0.7007543897507276,-0.35815974715538346,-2.669099799934807,-0.004048249251110222,0.007305423714360536,-0.009793939827871037,20000.0,-5000.0,76468.67152961288
626.0,786.0007144172951,358.6913820819055,-0.7042434980764938,-0.35128120886795955,-2.6789003293954807,-0.003912984384131557,0.0073002826794853195,-0.009724200112716082,20000.0,-5000.0,76507.27882453123
627.0,785.294728504994,358.3435444643778,-0.70772402541769,-0.3443855496299477,-2.6887143545052203,-0.002058859758287856,0.008932493234960238,-0.009843406404619486,20000.0,-5000.0,76545.28116990981
628.0,784.5852663664597,358.0026109826456,-0.7111959293648624,-0.3374731055261577,-2.6985401434743617,-0.004549939081681823,0.00622545661631444,-0.009688596394251516,20000.0,-5000.0,76582.67695193707
629.0,783.8723366462643,357.6685982533255,-0.7146591676140019,-0.33054421345929086,-2.708375945856015,-0.005968543329348259,0.007878200281371496,-0.009893244954438494,20000.0,-5000.0,76619.464580907
630.0,783.1559480312317,357.341522555727,-0.7181136979668281,-0.3235992111337964,-2.7182199944333107,-0.0017745355260513566,0.008162026786547547,-0.009591892487629216,20000.0,-5000.0,76655.64249101595
631.0,782.4361092503307,357.0213998310579,-0.7215594783308461,-0.3166384370392734,-2.7280705071525118,-0.0007896950246248733,0.007701431418450442,-0.009590939690548366,20000.0,-5000.0,76691.20914016734
632.0,781.71282907457,356.70824568164846,-0.724996466720313,-0.3096622304340144,-2.737925689096804,-0.0038541132244534746,0.005984170292946393,-0.009821802202849233,20000.0,-5000.0,76726.16300978405
633.0,780.98611631689,356.4020753701899,-0.7284246212566359,-0.3026709313285494,-2.747783734494842,-0.0054383232811588645,0.008462958552058128,-0.009790371432455135,20000.0,-5000.0,76760.50260462986
634.0,780.2559798320567,356.10290381899136,-0.7318439001687693,-0.29566488046887685,-2.7576428287592587,-0.00373777089292593,0.008291941168057624,-0.009711639785673491,20000.0,-5000.0,76794.2264526388
635.0,779.5224285165525,355.81074560925214,-0.7352542617940117,-0.28864441932003615,-2.7675011505489238,-0.0037035976663702427,0.007651154431428617,-0.010003538630264566,20000.0,-5000.0,76827.33310475381
636.0,778.7854713084687,355.5256149803513,-0.7386556645781184,-0.28160989004945236,-2.777356873849338,-0.003594452362448036,0.007253944623316537,-0.010015428160678195,20000.0,-5000.0,76859.82113477428
637.0,778.0451171873963,355.24752582915323,-0.7420480670759844,-0.2745616355101106,-2.787208170065856,-0.004545974827894126,0.007290132181107198,-0.00969310918809325,20000.0,-5000.0,76891.68913921315
638.0,777.3013751743167,354.97649170933107,-0.745431427952326,-0.26749999922395773,-2.7970532101230554,-0.0027759875934166654,0.006986257856447941,-0.009807184396203641,20000.0,-5000.0,76922.9357371634
639.0,776.5542543314916,354.7125258307053,-0.7488057059820221,-0.26042532536527574,-2.8068901665644512,-0.002824148492462734,0.0077475343760784335,-0.009859956548018576,20000.0,-5000.0,76953.55957017445
640.0,775.8037637623527,354.4556410586005,-0.7521708600505121,-0.25333795874362863,-2.816717215647272,-0.00491498103975559,0.007125925278121547,-0.009819813665641983,20000.0,-5000.0,76983.55930213876
641.0,775.0499126113906,354.20584991321806,-0.7555268491543643,-0.24623824478729262,-2.8265325394253233,-0.00262411508200975,0.006223119397720037,-0.010103025610254507,20000.0,-5000.0,77012.9336191882
642.0,774.292710064044,353.96316456902593,-0.7588736324020715,-0.2391265295262599,-2.836334327815153,-0.0012070549095640508,0.006026847587024499,-0.009817638552556506,20000.0,-5000.0,77041.68122960143
643.0,773.5321653465865,353.72759685416554,-0.7622111690139945,-0.23200315957555517,-2.846120780638461,-0.0031540280240699064,0.00634679145957082,-0.009870826980419271,20000.0,-5000.0,77069.80086372136
644.0,772.768287726016,353.4991582498748,-0.7655394183233284,-0.22486848211821098,-2.855890109636592,-0.003674454926908392,0.00737120870829676,-0.009646577550609525,20000.0,-5000.0,77097.2912738839
645.0,772.0010865099398,353.2778598899291,-0.7688583397765001,-0.2177228448882147,-2.865640540450624,-0.003461942276209029,0.0071229048066712855,-0.00961730231601777,20000.0,-5000.0,77124.1512343573
646.0,771.230571046463,353.0637125600984,-0.7721678929335098,-0.2105665961539387,-2.8753703145613065,-0.002664888100162588,0.00738537043714201,-0.009647405290272672,20000.0,-5000.0,77150.37954129276
647.0,770.4567507240728,352.85672669762124,-0.7754680374683858,-0.2034000847008599,-2.8850776911852245,-0.005095582181897751,0.007692390106086697,-0.009646512377562352,20000.0,-5000.0,77175.97501268634
648.0,769.6796349715262,352.6569123906967,-0.7787587331698091,-0.1962236598145921,-2.89476094912107,-0.0031149598677521102,0.006528697409924203,-0.009855141353876898,20000.0,-5000.0,77200.93648835226
649.0,768.8992332577332,352.46427937799206,-0.7820399399419102,-0.18903767126391813,-2.904418388541734,-0.0036825842951751834,0.008715105071250182,-0.009570798523667377,20000.0,-5000.0,77225.2628299077
650.0,768.1155550916424,352.27883704816884,-0.7853116178042114,-0.18184246928390735,-2.9140483327274413,-0.001344874024350269,0.006921173318254182,-0.009537694447856317,20000.0,-5000.0,77248.9529207693
651.0,767.3286100221247,352.10059443942424,-0.7885737268922526,-0.17463840455849322,-2.9236491297370844,-0.0034384709979485293,0.006757490461880602,-0.009431737164850018,20000.0,-5000.0,77272.00566616142
652.0,766.5384076378579,351.92956023905185,-0.7918262274582162,-0.16742582820356233,-2.933219154012483,-0.0015128193425295196,0.007718411562009968,-0.00929242358127056,20000.0,-5000.0,77294.41999313627
653.0,765.7449575672083,351.7657427830171,-0.7950690798715527,-0.16020509175007192,-2.942756807912686,-0.004386067013934068,0.005314390214121824,-0.009729569274544355,20000.0,-5000.0,77316.1948506059
654.0,764.9482694781148,351.6091500555517,-0.7983022446190375,-0.15297654712634312,-2.9522605231761045,-0.002617462239667993,0.0064099963223647315,-0.00953392044816639,20000.0,-5000.0,77337.32920938646
655.0,764.1483530779702,351.45978968876443,-0.8015256823056234,-0.14574054664149116,-2.9617287623056625,-0.0028863295964618174,0.008260017214387662,-0.009541354010696956,20000.0,-5000.0,77357.8220622542
656.0,763.3452181135035,351.3176689622687,-0.8047393536546679,-0.13849744296805966,-2.97116001987651,-0.004112710101594597,0.005439295330048968,-0.009390741027710437,20000.0,-5000.0,77377.67242401387
657.0,762.5388743706609,351.1827948028283,-0.8079432195086724,-0.13124758912465495,-2.980552823763527,-0.00301442460946486,0.00841549963416758,-0.009371204235796855,20000.0,-5000.0,77396.87933157929
658.0,761.7293316744862,351.0551737840194,-0.8111372408295097,-0.1239913384588931,-2.9899057362862824,-0.0019278753293421212,0.008831084433443093,-0.009361154621648344,20000.0,-5000.0,77415.44184406598
659.0,760.9165998890019,350.9348121259105,-0.8143213786990486,-0.11672904463023315,-2.9992173552707895,-0.003515969433395629,0.006880848611051746,-0.009163469206927052,20000.0,-5000.0,77433.35904289622
660.0,760.1006889170881,350.82171569475895,-0.8174955943196665,-0.10946106159258306,-3.00848631502705,-0.004929134011154917,0.007574180249848361,-0.009382895274176115,20000.0,-5000.0,77450.63003191614
661.0,759.2816087003625,350.71589000272536,-0.820659849014362,-0.10218774357724669,-3.0177112872409917,-0.003177522968512053,0.008439829271983753,-0.009330821732900558,20000.0,-5000.0,77467.25393752528
662.0,758.4593692190593,350.61734020760446,-0.823814104227722,-0.09490944507550125,-3.0268909817815164,-0.004087893720240841,0.006795079527014058,-0.009282833228828093,20000.0,-5000.0,77483.2299088183
663.0,757.6339804919071,350.52607111257436,-0.8269583215263197,-0.08762652082123168,-3.0360241474218816,-0.003495265902750275,0.008187678360699483,-0.009153764604979922,20000.0,-5000.0,77498.55711773873
664.0,756.8054525760067,350.442087165962,-0.8300924625987136,-0.08033932577399128,-3.045109572475347,-0.00321394757190952,0.00659105589208969,-0.009212593476771266,20000.0,-5000.0,77513.23475924511
665.0,755.9737955667097,350.3653924610264,-0.8332164892563583,-0.07304821510138026,-3.0541460853471873,-0.004893088505711903,0.0067961116787027525,-0.00901748563690288,20000.0,-5000.0,77527.26205148922
666.0,755.139019597494,350.29599073575923,-0.8363303634340582,-0.06575354416176538,-3.063132555002549,-0.004789309716465974,0.006464841639381765,-0.008981326712263257,20000.0,-5000.0,77540.6382360062
667.0,754.3011348398416,350.23388537270284,-0.8394340471901955,-0.05845566848716999,-3.072067891351594,-0.0025971467054041186,0.007655705472837691,-0.009006311791888596,20000.0,-5000.0,77553.36257791682
668.0,753.4601515031136,350.1790793987849,-0.8425275027074122,-0.05115494376579477,-3.0809510455540714,-0.0036320296092410415,0.008506435513148938,-0.008748724969107724,20000.0,-5000.0,77565.43436614171
669.0,752.6160798344267,350.13157548517125,-0.845610692292837,-0.0438517258246236,-3.0897810102443697,-0.005745762580664117,0.007112781085641181,-0.008810230225823498,20000.0,-5000.0,77576.85291362712
670.0,751.7689301185279,350.09137594713565,-0.848683578378882,-0.03654637061220001,-3.098556819678944,-0.002251358279664725,0.005983953074784868,-0.00861712484200332,20000.0,-5000.0,77587.61755758265
671.0,750.918712677669,350.05848274394685,-0.8517461235233554,-0.029239234181233087,-3.1072775498085394,-0.002774049986199704,0.006181668971089712,-0.008716821067433225,20000.0,-5000.0,77597.72765973055
672.0,750.0654378714812,350.0328974787732,-0.8547982904100877,-0.021930672671231832,-3.115942318277366,-0.003789497708430201,0.007719539443639265,-0.008639353245316431,20000.0,-5000.0,77607.18260656628
673.0,749.2091160968488,350.0146213986044,-0.8578400418494425,-0.014621042291196318,-3.1245502843516104,-0.004406229166688345,0.009228148626947975,-0.008648620149809813,20000.0,-5000.0,77615.98180963058
674.0,748.3497577877823,350.0036553941908,-0.8608713407786013,-0.007310699302195189,-3.1331006487801156,-0.0021566866944562986,0.007720055112099737,-0.008522054256722852,20000.0,-5000.0,77624.12470579274
675.0,747.4873734152916,350.0,-0.8638921502620747,0.0,-3.141592653589794,-0.002652168500729952,0.00690826796232626,-0.008374567621511316,20000.0,-5000.0,77631.6107575446
676.0,746.6219734872582,350.0036553941908,-0.8669024334923279,0.007310699302195189,-3.1500255818185847,-0.0005267325021721492,0.008107469166578538,-0.00845381596198875,20000.0,-5000.0,77638.43945330569
677.0,745.7535685483069,350.0146213986044,-0.8699021537901217,0.014621042291196318,-3.158398757189192,-0.0025573604156881404,0.007060871626103565,-0.008279001963294525,20000.0,-5000.0,77644.61030773893
678.0,744.8821691796779,350.0328974787732,-0.8728912746046831,0.021930672671231832,-3.1667115437264672,-0.0025805325452073484,0.006915621703337409,-0.008382597944034446,20000.0,-5000.0,77650.12286207658
679.0,744.0077859990976,350.05848274394685,-0.875869759514444,0.029239234181233087,-3.174963345321357,-0.003146779283128484,0.006310905520186434,-0.008127353736758854,20000.0,-5000.0,77654.97668445675
680.0,743.130429660649,350.09137594713565,-0.87883757222761,0.03654637061220001,-3.183153605244805,-0.002112887231079782,0.008771247136834458,-0.008230798305195915,20000.0,-5000.0,77659.17137026972
681.0,742.2501108546423,350.13157548517125,-0.8817946765823308,0.0438517258246236,-3.191281805614754,-0.002301548345369976,0.0046631236025514,-0.007991822065599914,20000.0,-5000.0,77662.70654251406
682.0,741.3668403074844,350.1790793987849,-0.8847410365470978,0.05115494376579477,-3.1993474668192015,-0.0016389851638526798,0.00813186641939085,-0.008026645318604054,20000.0,-5000.0,77665.58185216256
683.0,740.4806287815481,350.23388537270284,-0.8876766162217109,0.05845566848716999,-3.207350146898629,-0.0034724268815622844,0.00681693483089518,-0.007783280941685837,20000.0,-5000.0,77667.79697853701
684.0,739.591487075041,350.29599073575923,-0.8906013798368235,0.06575354416173695,-3.215289440891007,-0.0033722278543080715,0.0068694564484825865,-0.008049844061014418,20000.0,-5000.0,77669.35162969248
685.0,738.6994260218745,350.3653924610263,-0.8935152917550795,0.07304821510138026,-3.2231649801422995,-0.0034068085860873977,0.009053156320555004,-0.008025675363866327,20000.0,-5000.0,77670.24554281011
686.0,737.8044564915308,350.442087165962,-0.8964183164716246,0.0803393257740197,-3.2309764315854146,-0.0020750091944241643,0.006546347756617408,-0.007855307899252824,20000.0,-5000.0,77670.47848459848
687.0,736.9065893889313,350.52607111257436,-0.8993104186138225,0.08762652082123168,-3.2387234969914527,-0.0013280856039934613,0.006577684151014811,-0.00788561987029458,20000.0,-5000.0,77670.05025170327
688.0,736.0058356543032,350.61734020760446,-0.9021915629423347,0.09490944507550125,-3.246405912195059,-0.0033529118664497584,0.007144981509543318,-0.007820622688132772,20000.0,-5000.0,77668.96067112462
689.0,735.1022062630466,350.71589000272536,-0.9050617143514046,0.10218774357727511,-3.2540234462971376,-0.0033064668364444125,0.007706272571787772,-0.007508286624821026,20000.0,-5000.0,77667.20960064219
690.0,734.1957122256003,350.821715694759,-0.9079208378690851,0.10946106159258306,-3.2615759008485257,-0.002526904004161067,0.006811053214993201,-0.0075203470786669386,20000.0,-5000.0,77664.79692924774
691.0,733.2863645873084,350.9348121259105,-0.9107688986579205,0.11672904463020473,-3.2690631090161406,-0.0030981414643145187,0.005628085435101399,-0.007513716010609618,20000.0,-5000.0,77661.72257758414
692.0,732.3741744282845,351.0551737840194,-0.9136058620151175,0.1239913384588931,-3.2764849347349028,-0.0018411165535821038,0.006358814286904924,-0.007436837791441533,20000.0,-5000.0,77657.98649839152
693.0,731.4591528632782,351.1827948028283,-0.9164316933731698,0.13124758912465495,-3.283841271847842,-0.005162439487092627,0.008585834621881363,-0.007397261390662116,20000.0,-5000.0,77653.58867695936
694.0,730.5413110415382,351.3176689622687,-0.9192463583003132,0.13849744296805966,-3.291132043236846,-0.003668963725790355,0.007324258008188477,-0.007054286354326556,20000.0,-5000.0,77648.52913158461
695.0,729.6206601466776,351.45978968876443,-0.9220498225006395,0.14574054664151959,-3.2983571999463486,-0.003611678912374279,0.007708751558106321,-0.0072831098035685115,20000.0,-5000.0,77642.80791403534
696.0,728.6972113965369,351.60915005555177,-0.9248420518148919,0.15297654712634312,-3.3055167203017937,-0.005200118520146202,0.0069603546824284854,-0.0072898735990595395,20000.0,-5000.0,77636.42511001966
697.0,727.7709760430478,351.7657427830171,-0.9276230122205789,0.1602050917500435,-3.3126106090257035,-0.0037776397601949154,0.006538662488251603,-0.006962844700339404,20000.0,-5000.0,77629.38083965919
698.0,726.8419653720957,351.92956023905185,-0.9303926698325427,0.16742582820359075,-3.3196388963528247,-0.003715891086936294,0.008961584138252621,-0.007022141198500907,20000.0,-5000.0,77621.67525796733
699.0,725.9101907033827,352.1005944394243,-0.9331509909034708,0.1746384045584648,-3.3266016371461617,-0.0029618154662086294,0.007012572345820542,-0.0066783948084073695,20000.0,-5000.0,77613.30855533126
700.0,724.9756633902888,352.2788370481688,-0.9358979418241233,0.18184246928390735,-3.333498910016129,-0.001583595069880075,0.006738461149537492,-0.006929530483751275,20000.0,-5000.0,77604.28095799762
701.0,724.0383948197344,352.4642793779921,-0.9386334891236743,0.18903767126394655,-3.3403308164439665,-0.0029847292249137697,0.008330750276900249,-0.006694879150976594,20000.0,-5000.0,77594.59272856146
702.0,723.0983964120414,352.6569123906967,-0.9413575994703933,0.1962236598145921,-3.3470974799113153,-0.003790578543639525,0.006429841924422273,-0.006600556628405512,20000.0,-5000.0,77584.2441664581
703.0,722.1556796207936,352.8567266976213,-0.9440702396717597,0.20340008470083148,-3.353799045037213,-0.002766129999890195,0.0065528611507976,-0.006733438241771657,20000.0,-5000.0,77573.23560845711
704.0,721.2102559326979,353.06371256009834,-0.9467713766752581,0.2105665961539387,-3.360435676724084,-0.0016040685851475018,0.007172038205728765,-0.006695943527106714,20000.0,-5000.0,77561.56742915853
705.0,720.2621368674431,353.2778598899292,-0.9494609775683784,0.21772284488824312,-3.3670075593134183,-0.003698962266346622,0.00715122393151248,-0.006448114939068747,20000.0,-5000.0,77549.2400414904
706.0,719.3113339775612,353.4991582498748,-0.9521390095790139,0.22486848211818256,-3.3735148957528436,-0.003619367820472672,0.007410192686193996,-0.006404224356233529,20000.0,-5000.0,77536.25389720763
707.0,718.3578588482851,353.72759685416554,-0.9548054400762567,0.23200315957555517,-3.379957906775518,-0.0020796375070156483,0.009304678133603755,-0.006585055379416179,20000.0,-5000.0,77522.60948739124
708.0,717.4017230974086,353.96316456902593,-0.9574602365705687,0.2391265295262599,-3.386336830092296,-0.0028793946208734516,0.007467291995157374,-0.006486270506724377,20000.0,-5000.0,77508.30734294817
709.0,716.442938375144,354.20584991321806,-0.9601033667141223,0.24623824478729262,-3.392651919598114,-0.001963798170237425,0.004632176292306195,-0.0065963367390512034,20000.0,-5000.0,77493.34803511051
710.0,715.4815163639804,354.4556410586005,-0.962734798301085,0.25333795874362863,-3.3989034445930195,-0.0026397610190916597,0.0074329408878905275,-0.006146405985410952,20000.0,-5000.0,77477.7321759342
711.0,714.5174687785418,354.7125258307053,-0.9653544992683578,0.26042532536527574,-3.405091689018666,-0.0018839826347807381,0.007120421203849841,-0.006189066046828501,20000.0,-5000.0,77461.46041879676
712.0,713.5508073654437,354.97649170933107,-0.9679624376957463,0.26749999922398615,-3.411216950710614,-0.003678680157558981,0.007113349715501376,-0.006113937361483529,20000.0,-5000.0,77444.5334588931
713.0,712.5815439031503,355.2475258291533,-0.9705585818062445,0.2745616355101106,-3.4172795406672574,-0.002602801012886548,0.007310768074090136,-0.006240162704781012,20000.0,-5000.0,77426.95203372948
714.0,711.6096902018312,355.5256149803513,-0.9731428999667173,0.28160989004945236,-3.423279782335591,-0.002797539145490267,0.0070115621178667474,-0.006104755684897089,20000.0,-5000.0,77408.71692361493
715.0,710.6352581032169,355.8107456092522,-0.9757153606880706,0.28864441932003615,-3.4292180109143353,-0.00383122807966926,0.006972770619711511,-0.005966381711105095,20000.0,-5000.0,77389.82895214966
716.0,709.6582594804551,356.10290381899136,-0.9782759326256496,0.2956648804688484,-3.4350945726745907,-0.0041808671408478295,0.007650915353562444,-0.005928880690235161,20000.0,-5000.0,77370.28898671002
717.0,708.6787062379656,356.4020753701899,-0.9808245845798069,0.3026709313285494,-3.440909824298262,-0.0018293929937884248,0.006434828390606425,-0.005770237227485028,20000.0,-5000.0,77350.09793892954
718.0,707.6966103112954,356.70824568164846,-0.983361285495846,0.3096622304340144,-3.4466641322345284,-0.0028957538726703267,0.005998014726680632,-0.005652016094120979,20000.0,-5000.0,77329.25676517564
719.0,706.7119836669739,357.0213998310579,-0.9858860044648736,0.316638437039245,-3.452357872074547,-0.003582039807926857,0.010113683604783891,-0.005383547216969289,20000.0,-5000.0,77307.76646702139
720.0,705.7248383023657,357.34152255572695,-0.9883987107242547,0.3235992111337964,-3.4579914279440396,-0.0026067253393019826,0.0062082874381341555,-0.0056061302899986145,20000.0,-5000.0,77285.62809171199
721.0,704.7351862455254,357.6685982533255,-0.9908993736571574,0.33054421345929086,-3.4635651919144776,-0.0013213146176157973,0.007041111077641599,-0.0054064120923671905,20000.0,-5000.0,77262.84273262559
722.0,703.7430395550514,358.00261098264554,-0.9933879627939177,0.3374731055261577,-3.4690795634321656,-0.004854851809698938,0.005364953624370296,-0.005587308200268884,20000.0,-5000.0,77239.41152972764
723.0,702.7484103199375,358.3435444643778,-0.9958644478118686,0.34438554962997614,-3.474534948765572,-0.004027150057494954,0.007025196561551031,-0.005632809363854654,20000.0,-5000.0,77215.33567001863
724.0,701.7513106594276,358.6913820819055,-0.9983287985357379,0.35128120886795955,-3.4799317604707007,-0.0034182110251698376,0.005916402052868279,-0.005411212803655141,20000.0,-5000.0,77190.61638797476
725.0,700.7517527228661,359.04610688211375,-1.0007809849382738,0.35815974715538346,-3.485270416874257,-0.0009262407326278159,0.00640957093460611,-0.005506970845389958,20000.0,-5000.0,77165.25496598076
726.0,699.7497486895511,359.40770157621625,-1.0032209771403586,0.36502082924207,-3.490551341574799,-0.0021399467342532387,0.007939213209972065,-0.005250462177694611,20000.0,-5000.0,77139.25273475467
727.0,698.7453107685853,359.7761485405979,-1.0056487454114063,0.3718641207284463,-3.4957749629609833,-0.0016235147165876746,0.007325191261722664,-0.0052915045951688324,20000.0,-5000.0,77112.61107376424
728.0,697.7384511987283,360.15142981767315,-1.0080642601698173,0.3786892880822279,-3.5009417137477037,-0.00359531429680285,0.007407171441469534,-0.005379717089420519,20000.0,-5000.0,77085.3314116341
729.0,696.7291822482457,360.53352711676234,-1.0104674919834338,0.38549599865436335,-3.506052030528672,-0.003561563523694016,0.004954993507102458,-0.004868071007618732,20000.0,-5000.0,77057.41522654361
730.0,695.7175162147614,360.9224218149819,-1.012858411569539,0.39228392069534834,-3.5111063533463165,-0.0019189544353085755,0.00868901310784724,-0.00509288970142521,20000.0,-5000.0,77028.86404661472
731.0,694.7034654251066,361.31809495815304,-1.0152369897954827,0.3990527233715113,-3.5161051252780022,-0.0023117788750164742,0.005519339947117018,-0.005173323536521055,20000.0,-5000.0,76999.67945028964
732.0,693.6870422351705,361.7205272617249,-1.0176031976791364,0.4058020767809296,-3.5210487920382336,-0.0017892363481547637,0.008329400356956316,-0.0048054917116846065,20000.0,-5000.0,76969.86306669757
733.0,692.6682590297484,362.1296991117149,-1.0199570063889496,0.412531651969573,-3.525937801597126,-0.0025428011969010323,0.007782083292555711,-0.004951826674732309,20000.0,-5000.0,76939.4165760103
734.0,691.6471282223926,362.54559056566404,-1.0222983872444615,0.419241120947504,-3.5307726038143747,-0.0020458408250826343,0.0072997663510346745,-0.004673383132432907,20000.0,-5000.0,76908.34170978646
735.0,690.6236622552594,362.9681813536099,-1.024627311716813,0.4259301567046805,-3.5355536500881497,-0.00215821416111238,0.005789341747094084,-0.004844905301784071,20000.0,-5000.0,76876.6402513031
736.0,689.5978735989589,363.3974508790734,-1.0269437514286892,0.4325984332269286,-3.5402813930192494,-0.0015011866747781698,0.0068154109304361145,-0.004768072031753144,20000.0,-5000.0,76844.31403587562
737.0,688.569774752402,363.83337822006376,-1.029247678155059,0.43924562551183044,-3.5449562860894694,-0.0014582446707776758,0.006146658186960698,-0.00460613830870674,20000.0,-5000.0,76811.36495116417
738.0,687.5393782426488,364.27594213009706,-1.0315390638232884,0.4458714095845835,-3.5495787833543613,-0.003970014771831693,0.006645124078363263,-0.004523315300575205,20000.0,-5000.0,76777.79493746735
739.0,686.5066966247555,364.72512103923293,-1.0338178805135385,0.4524754625139451,-3.554149339149793,-0.004610019891057833,0.006333121214665678,-0.004449971026193778,20000.0,-5000.0,76743.60598800192
740.0,685.4717424816217,365.18089305512495,-1.0360841004592203,0.4590574624275803,-3.5586684078114645,-0.00121793998000351,0.004450347584856698,-0.004504627389601306,20000.0,-5000.0,76708.80014916882
741.0,684.434528423837,365.6432359640881,-1.0383376960470514,0.46561708852809147,-3.5631364434082116,-0.0010118546829666689,0.0077151057135399145,-0.004377507443211735,20000.0,-5000.0,76673.37952080443
742.0,683.3950670895276,366.11212723218114,-1.0405786398176815,0.47215402110865057,-3.5675538994875002,-0.0032962075981809082,0.006441062724099451,-0.004300372139799865,20000.0,-5000.0,76637.3462564177
743.0,682.3533711442017,366.5875440063054,-1.0428069044660333,0.4786679415683466,-3.5719212288331392,-0.0041564236012358955,0.005997989405404535,-0.004317738951564028,20000.0,-5000.0,76600.7025634116
744.0,681.3094532805956,367.06946311531783,-1.0450224628413025,0.48515853242776075,-3.576238883235276,-0.0021061804432807338,0.005895942224150193,-0.00431064814433529,20000.0,-5000.0,76563.45070328962
745.0,680.2633262185191,367.5578610711609,-1.0472252879477537,0.4916254773448543,-3.5805073132719536,-0.001228231522707683,0.006827816906460304,-0.004422411218232272,20000.0,-5000.0,76525.59299184626
746.0,679.2150027047,368.05271407000754,-1.0494153529445498,0.4980684611297761,-3.5847269681014016,-0.0003138995091067863,0.005501203490326953,-0.0041215448679707365,20000.0,-5000.0,76487.13179934172
747.0,678.16449551263,368.55399799342047,-1.0515926311463772,0.5044871697604947,-3.5888982952655697,-0.001633843428742229,0.004060688573639198,-0.004142181401158068,20000.0,-5000.0,76448.06955065994
748.0,677.1118174424073,369.06168840952853,-1.053757096023844,0.5108812903983448,-3.5930217405041818,-0.002544687008273754,0.006805147825371843,-0.0041507719012628475,20000.0,-5000.0,76408.40872545037
749.0,676.0569813205823,369.57576057421716,-1.0559087212036502,0.5172505114028354,-3.5970977475784642,-0.0030741840993563805,0.006896562155450132,-0.0038948152900269814,20000.0,-5000.0,76368.1518582523
750.0,675.0,370.0961894323342,-1.0580474804689288,0.5235945223470821,-3.601126758105111,-0.0021204021905150126,0.006123603812056851,-0.004181945735172844,20000.0,-5000.0,76327.30153860265
751.0,673.9408863596444,370.6229496189113,-1.0601733477595872,0.5299130140330703,-3.6051092113995766,-0.002430689224059772,0.005111584255380982,-0.0037564969755225245,20000.0,-5000.0,76285.86041112569
752.0,672.8796533044808,371.15601546040034,-1.062286297172534,0.5362056785063487,-3.609045544328114,-0.0031623028255713496,0.006372104027158732,-0.003916238706047495,20000.0,-5000.0,76243.8311756053
753.0,671.8163137652994,371.695360975924,-1.0643863029621912,0.5424722090712635,-3.612936191168915,3.749673339398891e-05,0.004729974177734079,-0.003828833574081896,20000.0,-5000.0,76201.21658703955
754.0,670.7508806985564,372.24095987854287,-1.0664733395406643,0.5487123003060219,-3.6167815834817127,-0.00022369222547899566,0.005158243227755964,-0.0038717331514079513,20000.0,-5000.0,76158.01945567671
755.0,669.683367086218,372.79278557653606,-1.0685473814780266,0.5549256480774432,-3.6205821499852715,-0.0008858683216117298,0.005418984434031128,-0.003984105641539721,20000.0,-5000.0,76114.24264703301
756.0,668.6137859356004,373.35081117469775,-1.0706084035028312,0.5611119495556522,-3.6243383164425858,-0.0030123241780264263,0.007050452747636994,-0.0037514075186978993,20000.0,-5000.0,76069.88908189206
757.0,667.5421502792124,373.91500947564737,-1.0726563805020533,0.5672709032290015,-3.6280505055540067,-0.0011520916864386777,0.005767959064828457,-0.0036490981952323706,20000.0,-5000.0,76024.96173628546
758.0,666.4684731745963,374.48535298115576,-1.0746912875217163,0.57340220891885,-3.6317191368572432,-0.0013630507469313997,0.0056514830009022484,-0.00356360524845595,20000.0,-5000.0,75979.46364145423
759.0,665.3927677041689,375.06181389348507,-1.0767130997672893,0.5795055677940013,-3.6353446266341503,-0.001554937688773057,0.00812241466331279,-0.00362856543694,20000.0,-5000.0,75933.39788379167
760.0,664.3150469750617,375.64436411674376,-1.0787217926035169,0.5855806823853129,-3.638927387824538,-0.0007022786829643034,0.006427459082873953,-0.003832190485171635,20000.0,-5000.0,75886.76760476663
761.0,663.2353241189619,376.2329752582557,-1.0807173415551006,0.5916272566003329,-3.6424678299460647,-0.0013280820914005173,0.006384762598351262,-0.0037097472890369157,20000.0,-5000.0,75839.57600082783
762.0,662.1536122919515,376.8276186299444,-1.0826997223068702,0.597644995737511,-3.6459663590201528,-0.001206057059227066,0.005618629867033486,-0.0032245270295906806,20000.0,-5000.0,75791.82632328851
763.0,661.0699246743482,377.4282652497307,-1.0846689107042948,0.603633606500722,-3.6494233775038674,-0.0013001006830289834,0.005353583271889892,-0.0035712962003838413,20000.0,-5000.0,75743.5218781918
764.0,659.9842744705429,378.03488584294587,-1.0866248827533695,0.609592797013562,-3.652839284227497,-0.0015948769890261959,0.0036701394629971252,-0.0032194313697276934,20000.0,-5000.0,75694.66602615634
765.0,658.8966749088414,378.64745084375784,-1.0885676146210699,0.6155222768335307,-3.656214474337207,-0.003791327173306272,0.006922117675766888,-0.0034703063417086686,20000.0,-5000.0,75645.26218220248
766.0,657.8071392413008,379.26593039661293,-1.0904970826359772,0.6214217569660718,-3.659549339242668,-0.0018358456769068106,0.006350646897508765,-0.0033374136233259924,20000.0,-5000.0,75595.31381555863
767.0,656.7156807435695,379.89029435769,-1.0924132632881083,0.6272909498788408,-3.662844266570065,-0.002488049645999018,0.005667546353567094,-0.003197991351983132,20000.0,-5000.0,75544.82444944822
768.0,655.6223127147246,380.5205122963706,-1.094316133229313,0.6331295695156882,-3.666099640119377,-0.0032274325179800067,0.0056804540453124,-0.0033370096255532543,20000.0,-5000.0,75493.79766085648
769.0,654.5270484771108,381.15655349672136,-1.096205669273786,0.638937331310558,-3.669315839826022,-0.00013351214728587438,0.006557893495759801,-0.0030003000965328997,20000.0,-5000.0,75442.23708027798
770.0,653.429901376177,381.7983869589917,-1.0980818483981238,0.6447139522013288,-3.6724932417269174,-7.10707406769923e-05,0.004143774396732873,-0.003148843156948399,20000.0,-5000.0,75390.14639144432
771.0,652.3308847803146,382.445981401124,-1.0999446477416086,0.6504591506435986,-3.6756322179304743,-0.00044230166071989024,0.0051157807835153085,-0.0030630722550145833,20000.0,-5000.0,75337.52933103211
772.0,651.2300120806938,383.0993052602789,-1.1017940446067769,0.6561726466245261,-3.6787331365903944,-0.0015772235343802833,0.004515577471684687,-0.0031150982711156475,20000.0,-5000.0,75284.38968835157
773.0,650.127296691101,383.75832669437307,-1.1036300164591921,0.6618541616763594,-3.681796361883258,-0.00042439232473977587,0.007508025600475734,-0.002963263779361644,20000.0,-5000.0,75230.73130501527
774.0,649.0227520477754,384.42301358363164,-1.1054525409281268,0.6675034188901066,-3.6848222539893514,-0.001803252530156499,0.006543805748190162,-0.0028125593932733207,20000.0,-5000.0,75176.55807458784
775.0,647.9163916092448,385.0933335321533,-1.1072615958067331,0.6731201429289229,-3.687811169076847,-0.001591369006551913,0.0033091847426735474,-0.0029868050958324916,20000.0,-5000.0,75121.87394221599
776.0,646.8082288561619,385.7692538694895,-1.1090571590522131,0.6787040600416105,-3.6907634592892227,-0.0029261832587300267,0.003992834924772736,-0.0027206820669418218,20000.0,-5000.0,75066.68290423963
777.0,645.6982772911404,386.4507416522365,-1.1108392087861603,0.6842548980759489,-3.693679472735505,-0.0013623506999961889,0.005396503567609649,-0.0029735262242857174,20000.0,-5000.0,75010.98900778347
778.0,644.5865504385896,387.1377636656414,-1.112607723294957,0.6897723864918532,-3.696559553483233,-0.001698925559024549,0.0050092693727304995,-0.002767984707897953,20000.0,-5000.0,74954.79635033019
779.0,643.4730618445504,387.8302864252202,-1.1143626810297746,0.695256256374762,-3.6994040415544314,-0.003103125261018213,0.004089367768830134,-0.002766496449705911,20000.0,-5000.0,74898.10907927435
780.0,642.35782507653,388.5282761783909,-1.1161040606069719,0.7007062404486248,-3.7022132729237174,-0.0017878326833163567,0.007455757285792336,-0.0029236463449400845,20000.0,-5000.0,74840.93139145795
781.0,641.2408537233365,389.23169890611746,-1.1178318408084351,0.7061220730888351,-3.704987579518826,-0.001803900877142298,0.0057237140560667515,-0.0027306211641896414,20000.0,-5000.0,74783.26753268753
782.0,640.1221613949132,389.9405203245686,-1.1195460005816358,0.7115034903354172,-3.7077272892236937,0.00016239827922166186,0.005857959702216963,-0.0027216641266218727,20000.0,-5000.0,74725.12179723295
783.0,639.0017617221732,390.6547058867883,-1.1212465190401986,0.716850229905674,-3.7104327258831584,-0.0007635693840952548,0.004609469489623909,-0.002793755403297507,20000.0,-5000.0,74666.49852730827
784.0,637.8796683568328,391.37422078437993,-1.122933375463674,0.7221620312070058,-3.7131042093101247,-0.001668110129216827,0.006045477842802047,-0.002610482402593079,20000.0,-5000.0,74607.40211253481
785.0,636.7558949712459,392.0990299492023,-1.1246065492983917,0.727438635349813,-3.7157420552942724,-0.0014075456524760919,0.0048631689622541975,-0.002603129058777817,20000.0,-5000.0,74547.83698938672
786.0,635.630455258236,392.82909805507956,-1.1262660201572885,0.7326797851597746,-3.7183465756125935,-0.0016066216537455424,0.004928574864506389,-0.0025969695768218526,20000.0,-5000.0,74487.80764061923
787.0,634.5033629309313,393.56438951952185,-1.1279117678200805,0.737885225190638,-3.7209180780418203,-0.001849937487779874,0.005822993386759363,-0.0025636087593729775,20000.0,-5000.0,74427.31859468001
788.0,633.3746317225958,394.30486850546083,-1.1295437722338875,0.7430547017366678,-3.7234568663720493,-0.002751011993544052,0.0034569632511071077,-0.002533689663474867,20000.0,-5000.0,74366.3744251037
789.0,632.2442753864635,395.0504989229952,-1.1311620135133467,0.7481879628448098,-3.7259632404219016,-0.00176846681241485,0.0067761805085903085,-0.0025356939075638313,20000.0,-5000.0,74304.97974989022
790.0,631.1123076955691,395.80124443115045,-1.1327664719406698,0.7532847583271689,-3.72843749605531,-0.0023736130494635267,0.00526815102668546,-0.0024410849855060514,20000.0,-5000.0,74243.13923086676
791.0,629.9787424425822,396.5570684396495,-1.1343571279659272,0.7583448397731161,-3.730879925199298,-0.0028842637262387247,0.0063739781915309705,-0.00250612755568666,20000.0,-5000.0,74180.85757303436
792.0,628.8435934396373,397.3179341106967,-1.1359339622076732,0.76336796056151,-3.7332908158629197,-0.001038165193279841,0.003885917708405266,-0.0020673775468847645,20000.0,-5000.0,74118.13952389857
793.0,627.7068745181668,398.08380436077255,-1.1374969554524341,0.7683538758723785,-3.735670452157489,-0.0011490883852973463,0.004006958735097618,-0.0025380798559834247,20000.0,-5000.0,74054.98987278562
794.0,626.5685995287324,398.85464186244144,-1.1390460886559026,0.7733023426993668,-3.738019114317639,-0.0034006416854062654,0.0037210687979610593,-0.0024054775591569604,20000.0,-5000.0,73991.41345014342
795.0,625.428782340855,399.6304090461713,-1.1405813429421983,0.7782131198611353,-3.7403370787235324,-0.0016559161831768458,0.005152160358727584,-0.002365167163233339,20000.0,-5000.0,73927.41512682837
796.0,624.287436842848,400.4110681021637,-1.1421026996047203,0.7830859680133244,-3.742624617923687,-0.0004787174880762188,0.004922397583273766,-0.002020636707161501,20000.0,-5000.0,73862.99981337838
797.0,623.1445769416456,401.19658098219793,-1.1436101401063183,0.787920649660208,-3.74488200065874,-0.0003987192212355766,0.004332421551116127,-0.0024053593065173446,20000.0,-5000.0,73798.172459272
798.0,622.0002165626354,401.9869094014841,-1.1451036460792352,0.7927169291662324,-3.7471094918860297,-0.0004195030505498359,0.003722175142830301,-0.002160111547639523,20000.0,-5000.0,73732.93805217474
799.0,620.8543696494871,402.7820148405304,-1.1465831993256188,0.7974745727674701,-3.749307352804614,-0.0014320922072265554,0.0034207566759688296,-0.0021525193377360317,20000.0,-5000.0,73667.30161717228
800.0,619.7070501639841,403.58185854701907,-1.1480487818175789,0.8021933485830743,-3.7514758408811426,-0.002337564033607322,0.004648796288629961,-0.002112757536138302,20000.0,-5000.0,73601.2682159917
801.0,618.558272085852,404.38640153769654,-1.1495003756974143,0.8068730266266186,-3.7536152098762,-0.002571802565917377,0.0041757339540032514,-0.001972353163202968,20000.0,-5000.0,73534.84294621048
802.0,617.4080494125893,405.1956046002723,-1.1509379632778973,0.8115133788172102,-3.7557257098710415,-0.0010721340857687504,0.003907440486921003,-0.0019461390560208283,20000.0,-5000.0,73468.0309404543
803.0,616.2563961592962,406.00942829533096,-1.152361527042558,0.8161141789905457,-3.7578075872948045,-0.001022034181013362,0.006190120745153742,-0.0021233416626268886,20000.0,-5000.0,73400.83736558356
804.0,615.1033263585042,406.8278329582534,-1.1537710496456839,0.8206752029101381,-3.7598610849523846,-6.347300898127241e-05,0.004455393399700973,-0.0020154830227849885,20000.0,-5000.0,73333.26742186953
805.0,613.9488540600048,407.65077870115124,-1.1551665139126612,0.8251962282782017,-3.761886442052378,-0.00024428022590857173,0.005821954006240622,-0.002241459839053749,20000.0,-5000.0,73265.32634216025
806.0,612.7929933306789,408.4782254148098,-1.1565479028402024,0.8296770347462825,-3.76388389423529,-0.0015118807841173084,0.0039059243357493995,-0.001971386368347204,20000.0,-5000.0,73197.0193910369
807.0,611.6357582543244,409.3101327706438,-1.1579151995965162,0.8341174039261432,-3.7658536736022308,-0.0026544059563927648,0.00467464694349193,-0.0020540462009707595,20000.0,-5000.0,73128.35186396063
808.0,610.4771629314859,410.1464602226621,-1.1592683875215357,0.8385171194005068,-3.7677960087437876,-0.0016780447284601824,0.00432157789734576,-0.0019517276750395578,20000.0,-5000.0,73059.32908641119
809.0,609.3172214792813,410.9871670094448,-1.1606074501270882,0.8428759667334589,-3.7697111247689614,-0.0011060382593096603,0.0025725212779316364,-0.0021096147925543465,20000.0,-5000.0,72989.95641301684
810.0,608.1559480312317,411.832212156129,-1.1619323710971798,0.847193733480907,-3.771599243334305,-0.001528039434423876,0.0057828106187107955,-0.0018247622806492965,20000.0,-5000.0,72920.2392266767
811.0,606.993356737087,412.68155447640663,-1.1632431342879954,0.8514702092009827,-3.7734605826733043,-0.0019047742055125314,0.00411514565550917,-0.0020574364820936638,20000.0,-5000.0,72850.18293767575
812.0,605.8294617626557,413.53515257453097,-1.1645397237283532,0.8557051854643305,-3.7752953576256596,-0.001026455942039539,0.004990511964998717,-0.0018032981870126478,20000.0,-5000.0,72779.79298279321
813.0,604.6642772896303,414.3929648473353,-1.1658221236196482,0.8598984558641689,-3.7771037796667466,-0.0017994901114876678,0.003390090870142472,-0.0019467168993469654,20000.0,-5000.0,72709.07482440418
814.0,603.4978175154164,415.2549494862593,-1.1670903183362498,0.8640498160263519,-3.778886056936976,-0.00191436878917263,0.003958840613832154,-0.0018741644039327458,20000.0,-5000.0,72638.03394957594
815.0,602.3300966529578,416.121064479388,-1.1683442924256724,0.8681590636195438,-3.7806423942713585,-0.0009228977519004566,0.0031864326868808832,-0.0016009587137974755,20000.0,-5000.0,72566.67586915848
816.0,601.161128930565,416.9912676134984,-1.1695840306085188,0.8722259983647405,-3.7823729932288233,-0.0016507461864787437,0.005331305886617247,-0.0016452719636771813,20000.0,-5000.0,72495.00611687054
817.0,599.9909285917407,417.8655164761175,-1.1708095177791051,0.8762504220453025,-3.7840780521215427,-0.0009644484549537363,0.004326983227179988,-0.0015505593240526488,20000.0,-5000.0,72423.03024838096
818.0,598.8195098950068,418.743768457589,-1.1720207390052906,0.8802321385165328,-3.7857577660443082,-0.0009199070799652154,0.004342057407606571,-0.0014746461392633626,20000.0,-5000.0,72350.75384038643
819.0,597.6468871137301,419.62598075315054,-1.173217679528534,0.8841709537151132,-3.78741232690369,-0.0023749725841994817,0.00532998695057464,-0.0017374573654138946,20000.0,-5000.0,72278.18248968573
820.0,596.4730745359498,420.5121103650192,-1.1744003247645765,0.8880666756688242,-3.7890419234470305,-0.0016760544528092018,0.005076851463312671,-0.0014322139820293878,20000.0,-5000.0,72205.32181225102
821.0,595.298086464201,421.4021141044882,-1.1755686603033837,0.8919191145056118,-3.7906467412912956,0.0003343334293209781,0.004626776201995398,-0.0017733828101856037,20000.0,-5000.0,72132.1774422968
822.0,594.121937215343,422.29594859403045,-1.1767226719089763,0.8957280824630516,-3.79222696295209,-0.002355582294896824,0.002308326715474727,-0.0014759345001661758,20000.0,-5000.0,72058.7550313471
823.0,592.944641120383,423.1935702694143,-1.1778623455201682,0.8994933938974725,-3.7937827678719893,-0.003334140679687353,0.0030197791735683747,-0.0016045692405369611,20000.0,-5000.0,71985.06024730066
824.0,591.7662125243027,424.0949353818254,-1.1789876672503965,0.9032148652928811,-3.795314332449,-0.0030547414660079056,0.002655264125247277,-0.001634342613901222,20000.0,-5000.0,71911.09877349598
825.0,590.5866657858822,425.00000000000006,-1.1800986233880053,0.906892315269971,-3.7968218300647307,-0.0010734877948543869,0.004412095501189281,-0.0014197155070104898,20000.0,-5000.0,71836.87630777506
826.0,589.4060152775266,425.90872001236534,-1.1811952003963029,0.9105255645950479,-3.7983054311124356,-0.001057222084780402,0.003788564470315409,-0.0013551167852947532,20000.0,-5000.0,71762.39856154767
827.0,588.2242753850896,426.82105112919015,-1.182277384913732,0.9141144361886688,-3.7997653030246847,-0.0011973148816802523,0.002120250553380501,-0.0013351331969474558,20000.0,-5000.0,71687.67125885571
828.0,587.0414605076992,427.7369488847427,-1.1833451637543817,0.9176587551343118,-3.801201610300712,0.0002023728551173228,0.003325633520423836,-0.0013980891619116995,20000.0,-5000.0,71612.70013543869
829.0,585.8575850575809,428.6563686394588,-1.1843985239077597,0.9211583486868449,-3.802614514533756,-0.003826299294984564,0.0019230411798913767,-0.0013849967675061375,20000.0,-5000.0,71537.49093780028
830.0,584.6726634598837,429.57926558211636,-1.1854374525387925,0.9246130462809958,-3.8040041744380932,-0.0006198750073518153,0.003376874582743354,-0.001313093266310651,20000.0,-5000.0,71462.04942227714
831.0,583.4867101525033,430.50559473202077,-1.1864619369885645,0.9280226795397652,-3.805370745875505,0.0006068774307262947,0.0016651784711200672,-0.0013176151598714798,20000.0,-5000.0,71386.38135410915
832.0,582.2997395859065,431.4353109411959,-1.1874719647741472,0.931387082282356,-3.806714381881633,-0.0021758570647855834,0.0038917666338064033,-0.0012654328355053213,20000.0,-5000.0,71310.49250651324
833.0,581.111766222955,432.3683688965855,-1.1884675235885425,0.9347060905325009,-3.808035232692247,-0.0013833748830831296,0.0036893688196253096,-0.0012843556734833102,20000.0,-5000.0,71234.38865975956
834.0,579.9228045387295,433.3047231222609,-1.1894486013011374,0.9379795425264774,-3.8093334457688863,-0.0017569534495914016,0.005235151121873221,-0.0011829557361358403,20000.0,-5000.0,71158.07560025158
835.0,578.7328690203527,434.24432798163843,-1.1904151859579315,0.9412072787208956,-3.8106091658242107,-0.0018895883435757624,0.004086716995365353,-0.001465363811367525,20000.0,-5000.0,71081.55911960974
836.0,577.5419741668136,435.1871376797027,-1.19136726578148,0.9443891418003716,-3.8118625348471458,-0.0012841837837239745,0.002718953743229721,-0.0012584640596873455,20000.0,-5000.0,71004.84501375993
837.0,576.3501344887898,436.1331062652392,-1.1923048291707232,0.9475249766853722,-3.81309369212788,0.0005545026513650412,0.003963661864787854,-0.0013909049390002138,20000.0,-5000.0,70927.93908202586
838.0,575.1573645084721,437.08218763307343,-1.1932278647018393,0.9506146305397465,-3.8143027742820053,0.0009953960112860343,0.0016127047357661227,-0.0011639628325113426,20000.0,-5000.0,70850.84712622745
839.0,573.9636787593861,438.03433552631867,-1.1941363611281872,0.9536579527782578,-3.8154899152747346,-0.0012506492989789542,0.0020189641673978086,-0.0009735998712668538,20000.0,-5000.0,70773.57494978388
840.0,572.7690917862158,438.98950353862995,-1.1950303073796817,0.9566547950735185,-3.8166552464447583,0.0010948870593592546,0.003320048266134268,-0.001212999048249679,20000.0,-5000.0,70696.12835682282
841.0,571.5736181446267,439.9476451164657,-1.1959096925641006,0.959605011363692,-3.8177988965274032,-0.0008350943386518988,0.0006819230263778271,-0.0011171680089842896,20000.0,-5000.0,70618.5131512958
842.0,570.3772724010876,440.90871356135733,-1.196774505966232,0.9625084578593999,-3.818920991677963,0.0009665835255036734,0.0028413379673608297,-0.0010180188745038004,20000.0,-5000.0,70540.7351361
843.0,569.1800691326943,441.8726620321845,-1.1976247370487272,0.9653649930507981,-3.8200216554941147,-0.0009399795484741536,0.0017717807100468299,-0.0013451934283650565,20000.0,-5000.0,70462.80011220693
844.0,567.9820229269901,442.8394435474589,-1.1984603754517593,0.9681744777143138,-3.8211010090383386,-0.0006920168721026422,0.0028912657016167236,-0.0011331931204982561,20000.0,-5000.0,70384.71387779816
845.0,566.7831483817907,443.80901098761314,-1.199281410993251,0.9709367749196929,-3.822159170859947,-0.0004335799927847951,0.0016176262015367556,-0.001002637866729487,20000.0,-5000.0,70306.4822274087
846.0,565.5834601050036,444.7813170972983,-1.200087833669329,0.9736517500364812,-3.823196257016424,0.002507380659068301,0.003132530589500501,-0.0013841331296376004,20000.0,-5000.0,70228.11095107798
847.0,564.3829727144521,445.7563144876861,-1.2008796336538126,0.9763192707405608,-3.824212381094858,0.00010098284008411393,0.0026638319564685994,-0.0011262498799667197,20000.0,-5000.0,70149.60583350892
848.0,563.181700837696,446.73395563877943,-1.2016568012989524,0.9789392070207725,-3.8252076542325946,-0.0015055095734371673,0.004052674061880002,-0.0008490413795789832,20000.0,-5000.0,70070.97265323531
849.0,561.9796591118542,447.71419290172764,-1.2024193271352033,0.9815114311851403,-3.8261821851377533,0.00025270508437164095,0.002555310364317788,-0.0008404296656498809,20000.0,-5000.0,69992.21718179791
850.0,560.7768621834256,448.6969785011497,-1.2031672018713948,0.9840358178670385,-3.82713608010923,-0.0011169055781748254,0.001700900836023055,-0.0008974330686058644,20000.0,-5000.0,69913.34518292912
851.0,559.5733247081114,449.6822645374617,-1.2039004163949016,0.9865122440314167,-3.8280694430563997,-0.0012352947329551714,0.0021955866642858505,-0.0008142726811800387,20000.0,-5000.0,69834.36241174705
852.0,558.3690613506358,450.67000298921255,-1.2046189617717573,0.9889405889807961,-3.8289823755184003,0.00023387737499924906,0.0010060345748334506,-0.0008762200651395892,20000.0,-5000.0,69755.27461395867
853.0,557.1640867845679,451.6601457154233,-1.2053228292468248,0.9913207343610679,-3.8298749766829587,-0.0006641904900316464,0.002778432195819615,-0.0008139407611603593,20000.0,-5000.0,69676.08752507258
854.0,555.9584156921421,452.6526444579347,-1.2060120102435121,0.9936525641672631,-3.8307473434050663,-0.00039207217853264536,0.0029211492888275964,-0.0009012526731405436,20000.0,-5000.0,69596.80686962145
855.0,554.7520627640808,453.64745084375784,-1.206686496364398,0.9959359647493216,-3.8315995702249412,-0.0006525878130674807,0.004827470280029528,-0.0008279101516545144,20000.0,-5000.0,69517.43836039455
856.0,553.5450426994133,454.6445163874333,-1.2073462793912313,0.9981708248175494,-3.832431749385763,-0.00030232974436816,0.0015637312089087593,-0.0009002433020020804,20000.0,-5000.0,69437.98769768015
857.0,552.3373702052984,455.64379249339294,-1.2079913512846474,1.0003570354479905,-3.833243970851145,-0.0001956831379287647,0.0018832854914181672,-0.0006463556738689044,20000.0,-5000.0,69358.46056851844
858.0,551.129059996844,456.6452304583293,-1.2086217041846226,1.0024944900877983,-3.8340363223219738,-0.002637730187300707,0.001514147998547597,-0.0005946783581355894,20000.0,-5000.0,69278.86264596472
859.0,549.9201267969291,457.64878147356853,-1.2092373304105877,1.004583084560437,-3.834808889252965,8.507796093023471e-05,0.0022847440471535827,-0.0005924165224165847,20000.0,-5000.0,69199.19958836326
860.0,548.7105853360229,458.6543966274502,-1.2098382224613147,1.0066227170707975,-3.8355617548689382,-0.0016149710676285358,0.0024121181149600814,-0.000793421559743815,20000.0,-5000.0,69119.47703863175
861.0,547.5004503520065,459.6620269077101,-1.2104243730150301,1.0086132882100856,-3.836295000180554,-0.0020789870079740997,0.0019104739773267664,-0.0008411830766073354,20000.0,-5000.0,69039.70062355691
862.0,546.2897365899928,460.67162320387035,-1.2109957749297564,1.0105547009606255,-3.8370087039995777,-0.0006247807041591359,0.003046730654310314,-0.000546375706468483,20000.0,-5000.0,68959.87595310062
863.0,545.078458802147,461.6831363096314,-1.2115524212431978,1.0124468607007486,-3.837702942954037,-0.0004619120870919965,0.001225734469877329,-0.0006174183063261193,20000.0,-5000.0,68880.00861971745
864.0,543.8666317475064,462.69651692527185,-1.212094305172684,1.014289675209227,-3.838377791502804,-0.0012558514734320602,0.002843868195920821,-0.0006246377821560726,20000.0,-5000.0,68800.10419768313
865.0,542.6542701918016,463.71171566004983,-1.2126214201155676,1.0160830546698492,-3.8390333219497212,0.00034467246599994455,0.0023287380183002063,-0.0007241051767858602,20000.0,-5000.0,68720.16824243452
866.0,541.4413889072753,464.72868303461155,-1.2131337596491676,1.0178269116758827,-3.8396696044575274,-0.0019010153037522608,0.0017065403332326954,-0.0005741599310430911,20000.0,-5000.0,68640.20628992042
867.0,540.2280026725033,465.7473694834016,-1.2136313175307123,1.019521161234195,-3.8402867070612827,-0.0009134475034789573,0.0013418224732333886,-0.0007414834834307147,20000.0,-5000.0,68560.22385596421
868.0,539.0141262722138,466.76772535707994,-1.2141140876976237,1.02116572076946,-3.840884695681365,-0.0010837315493959078,0.0041437785153935775,-0.0005102117367553774,20000.0,-5000.0,68480.22643563754
869.0,537.799774497108,467.7897009249405,-1.2145820642675744,1.0227605101281085,-3.841463634136102,-0.0005090347771403511,0.0007200519732652249,-0.0003992711199768737,20000.0,-5000.0,68400.2195026456
870.0,536.5849621436787,468.81324637733616,-1.2150352415384305,1.0243054515823928,-3.8420235841541706,-0.00015571353122289665,0.0018298757344344745,-0.0003491927246651262,20000.0,-5000.0,68320.20850872394
871.0,535.3697040140312,469.8383118281053,-1.2154736139882516,1.0258004698340528,-3.8425646053864537,-0.0014793295456937627,0.0006896781208723934,-0.00044414425855547786,20000.0,-5000.0,68240.19888304657
872.0,534.1540149157022,470.86484731700426,-1.2158971762755755,1.027245492018011,-3.8430867554174637,0.00033720967246761663,0.003277306477667468,-0.0006833021939427406,20000.0,-5000.0,68160.19603164561
873.0,532.93790966148,471.8928028121413,-1.216305923239588,1.0286404477058966,-3.843590089776396,-0.00033580475333967275,0.0022923228979062882,-0.00046960007995776364,20000.0,-5000.0,68080.20533684257
874.0,531.721403069223,472.92212821241606,-1.2166998498998396,1.02998526890957,-3.844074661948044,-0.0023544263691655464,0.000614133997546134,-0.00021115137240031455,20000.0,-5000.0,68000.23215669085
875.0,530.5045099616804,473.95277334996047,-1.217078951456358,1.0312798900843347,-3.8445405233830723,-0.0024089201009200234,0.001802666476446918,-0.0005637291025746454,20000.0,-5000.0,67920.28182442996
876.0,529.2872451663103,474.9846879925847,-1.2174432232898766,1.0325242481321482,-3.844987723507912,-0.00036966869376023635,0.0014872389593176807,-0.0004451969756623574,20000.0,-5000.0,67840.3596479509
877.0,528.0696235151006,476.01782184622476,-1.2177926609619476,1.0337182824048057,-3.845416309734367,-0.0005718581278936992,0.0006314748490963953,-0.00024485411309014334,20000.0,-5000.0,67760.47090927321
878.0,526.8516598443864,477.05212455739434,-1.2181272602147715,1.034861934706754,-3.8458263274688305,-0.00043475067444355637,0.0019070397064846415,-0.0003245925885545961,20000.0,-5000.0,67680.62086403309
879.0,525.6333689946711,478.08754571563827,-1.2184470169713109,1.035955149297962,-3.846217820121084,-0.00034143957709865426,0.00147290599578588,-7.616626031387724e-05,20000.0,-5000.0,67600.81474098309
880.0,524.4147658104438,479.12403485599026,-1.2187519273355178,1.036997872896677,-3.8465908291126816,-6.286872288394224e-05,0.0012418122070106024,-0.00045423279532267685,20000.0,-5000.0,67521.05774150277
881.0,523.19586514,480.1615414614316,-1.2190419875921066,1.0379900546820977,-3.846945393885138,0.0007030664926480771,0.000923283815597851,-0.0004675105388657109,20000.0,-5000.0,67441.35503912077
882.0,521.9766818352596,481.20001496535446,-1.2193171942067238,1.0389316462966178,-3.8472815519074457,-0.001423496443441512,0.0013646359082185907,-0.00017589889875955638,20000.0,-5000.0,67361.7117790478
883.0,520.7572307515866,482.23940475402486,-1.2195775438261762,1.0398226018483854,-3.8475993386833816,-0.0014719484922256008,0.001104213913859935,-0.000456205390942466,20000.0,-5000.0,67282.13307772076
884.0,519.5375267476072,483.2796601690512,-1.2198230332781463,1.0406628779135758,-3.847898787758572,-0.0013752812060081135,0.000876381911579941,-0.00031457983118694777,20000.0,-5000.0,67202.62402235784
885.0,518.3175846850303,484.320730509852,-1.2200536595712492,1.0414524335381543,-3.8481799307268503,7.732402920567096e-05,9.742197938940409e-05,-0.00028010640321978175,20000.0,-5000.0,67123.1896705243
886.0,517.0974194284647,485.36256503612753,-1.2202694198957147,1.0421912302404905,-3.84844279723645,0.001086608862853117,0.0024751741006540104,-0.00012588713574585128,20000.0,-5000.0,67043.8350497092
887.0,515.8770458452389,486.405112970333,-1.220470311622421,1.0428792320125524,-3.848687414995865,-0.0006421149158136487,-0.00043000918695317047,-0.0001596973637773233,20000.0,-5000.0,66964.56515691274
888.0,514.6564788052199,487.44832350015264,-1.220656332303463,1.0435164053221229,-3.84891380977926,-0.0027807328901436174,0.0010565503506264004,-0.00016088727584361986,20000.0,-5000.0,66885.38495824406
889.0,513.4357331806319,488.49214578097724,-1.2208274796722662,1.0441027191142496,-3.849122005431376,-0.0019361217778000675,0.00022777059837014095,-0.0002487724154368633,20000.0,-5000.0,66806.29938852959
890.0,512.2148238458753,489.53652893838114,-1.22098375164353,1.0446381448128932,-3.8493120238722884,-0.0010153183897399806,0.002340165756159782,-3.0992039969863605e-05,20000.0,-5000.0,66727.31335093181
891.0,510.99376567734487,490.581422070603,-1.221125146313085,1.0451226563221212,-3.849483885101659,-0.0007140781465182425,-0.0004807168384477798,0.0003340490279369297,20000.0,-5000.0,66648.43171657802
892.0,509.7725735532492,491.6267742510254,-1.2212516619581493,1.0455562300275005,-3.849637607202607,-0.0005438617349459048,-0.00035669154063667206,-5.934713733805713e-05,20000.0,-5000.0,66569.65932419946
893.0,508.55126235342857,492.672534530658,-1.221363297037101,1.0459388447973197,-3.849773206345377,-6.4063871674708e-05,-0.0006516325182634693,-0.00011424390635435863,20000.0,-5000.0,66491.00097978023
894.0,507.329846959175,493.71865194062,-1.2214600501896768,1.046270481983413,-3.8498906967903332,-0.000413575265280005,0.000642593231584977,-0.0002686159741137876,20000.0,-5000.0,66412.46145621628
895.0,506.1083422530492,494.76507549462485,-1.22154192023703,1.0465511254222974,-3.849990090890833,0.0010170450211403337,-0.0011730420854636548,-0.0001690249152787587,20000.0,-5000.0,66334.04549298389
896.0,504.8867631187009,495.8117541914646,-1.2216089061816149,1.0467807614358264,-3.8500713990956372,-0.0007627044453839295,-0.00029361581321449336,-9.864423983108166e-05,20000.0,-5000.0,66255.75779581803
897.0,503.665124440686,496.8586370174965,-1.2216610072071603,1.0469593788317866,-3.8501346299509334,-0.0009416002638513297,-0.002085684542516236,-0.0001201723444779157,20000.0,-5000.0,66177.60303640006
898.0,502.4434411042866,497.9056729491282,-1.2216982226788673,1.0470869689046367,-3.8501797901020254,0.0004683310282760032,0.0003521481282799474,-3.811139233023664e-05,20000.0,-5000.0,66099.58585205482
899.0,501.22172799532825,498.9528109553058,-1.2217205521432675,1.0471635254358773,-3.850206884294666,-0.0016121879670308367,-0.0004692617447038847,0.00020136839893235793,20000.0,-5000.0,66021.71084545694
900.0,500.00000000000006,499.99999999999994,-1.2217279953283082,1.0471890446942496,-3.850215915375906,0.00040533872644705273,-0.001547805655666821,0.00015391712827687596,20000.0,-5000.0,65943.98258434632
901.0,498.77827200467163,501.0471890446943,-1.2217205521432675,1.0471635254359057,-3.8502068842946797,0.00012155725541450772,0.0010781612305870785,-1.5394510103471482e-06,20000.0,-5000.0,65866.40560125261
902.0,497.5565588957135,502.09432705087175,-1.2216982226788389,1.0470869689046367,-3.850179790102037,-0.00012359017803747872,-0.0014622460436709533,-0.00011299078231223427,20000.0,-5000.0,65788.9843932283
903.0,496.33487555931396,503.14136298250355,-1.2216610072071603,1.0469593788317866,-3.8501346299509334,0.0016967073061856105,0.0006758390836124767,0.00021924461105252206,20000.0,-5000.0,65711.72342159082
904.0,495.1132368812992,504.1882458085353,-1.2216089061816149,1.0467807614358264,-3.8500713990956372,-0.0005876470248279181,-0.0009333159353679569,6.621557465020034e-05,20000.0,-5000.0,65634.62711167315
905.0,493.8916577469507,505.2349245053752,-1.2215419202370583,1.0465511254222974,-3.8499900908908216,0.0022174518918860486,0.0014107384379104717,-0.00012272216078222772,20000.0,-5000.0,65557.69985258265
906.0,492.6701530408251,506.2813480593799,-1.2214600501896768,1.046270481983413,-3.8498906967903332,-0.00014517144207284362,0.0004735064100569286,0.00019636570655208176,20000.0,-5000.0,65480.945996968694
907.0,491.4487376465714,507.32746546934203,-1.2213632970370725,1.0459388447973197,-3.8497732063453887,-0.0012240974860209003,-0.0014056492967736314,0.00025312829023778485,20000.0,-5000.0,65404.36986079796
908.0,490.22742644675094,508.37322574897456,-1.2212516619581777,1.0455562300275005,-3.8496376072025953,0.00019180237546661925,-0.0013619997703331885,-0.0001547290187229702,20000.0,-5000.0,65327.97572313823
909.0,489.006234322655,509.41857792939703,-1.2211251463131418,1.0451226563220928,-3.8494838851016224,-0.0009855037710711934,0.00017079583207409773,6.1030560955884625e-05,20000.0,-5000.0,65251.767825949995
910.0,487.78517615412466,510.46347106161875,-1.22098375164353,1.0446381448128932,-3.8493120238722884,-0.0006331072592356241,-0.0007828818219659751,0.00016730832838596186,20000.0,-5000.0,65175.75037388581
911.0,486.56426681936796,511.5078542190228,-1.2208274796722662,1.044102719114278,-3.84912200543139,0.0005766847731712185,-0.0007370117447830903,0.0002897555463777335,20000.0,-5000.0,65099.92753409744
912.0,485.3435211947801,512.5516764998473,-1.220656332303406,1.0435164053221513,-3.8489138097792965,0.0007564740163875373,0.0007115786367063379,0.00015364517050081328,20000.0,-5000.0,65024.30343605086
913.0,484.12295415476115,513.5948870296671,-1.220470311622364,1.042879232012524,-3.848687414995875,-0.00045369296516609527,-0.0014413379999739487,0.00013280879759679205,20000.0,-5000.0,64948.8821713482
914.0,482.9025805715354,514.6374349638724,-1.2202694198957715,1.0421912302404621,-3.8484427972364137,0.0012353777654182095,-0.0006184398093806527,0.00034348457487050474,20000.0,-5000.0,64873.66779355759
915.0,481.6824153149696,515.679269490148,-1.220053659571363,1.0414524335382112,-3.8481799307268316,0.0014271776741178065,0.00022878213879280718,0.00021420747552744062,20000.0,-5000.0,64798.664318050025
916.0,480.46247325239267,516.7203398309488,-1.219823033278118,1.0406628779135758,-3.8478987877585835,0.0017320304587456587,2.6689577569684667e-05,0.00035719283723148926,20000.0,-5000.0,64723.87572184335
917.0,479.24276924841337,517.7605952459752,-1.2195775438261762,1.0398226018484138,-3.847599338683395,0.0008035901126511724,-0.0010316372928984691,0.0001714419828318301,20000.0,-5000.0,64649.30594345358
918.0,478.0233181647403,518.7999850346456,-1.2193171942067522,1.0389316462965894,-3.847281551907421,0.0016859516378437444,-0.0012167797017363653,0.00016007636307056075,20000.0,-5000.0,64574.95888275294
919.0,476.80413485999986,519.8384585385684,-1.2190419875920782,1.0379900546820977,-3.8469453938851497,-0.0016736833889161922,-0.002775519615339439,0.0004385717432973798,20000.0,-5000.0,64500.83840083474
920.0,475.58523418955616,520.8759651440098,-1.2187519273355178,1.036997872896734,-3.8465908291127087,-3.3185919710820714e-05,-0.0021161083583386094,0.0003949512265200148,20000.0,-5000.0,64426.94831988534
921.0,474.3666310053288,521.9124542843618,-1.2184470169713393,1.0359551492979335,-3.8462178201210593,-0.0005894839574835333,-0.0007368270109136097,0.0004960942341238039,20000.0,-5000.0,64353.29242306244
922.0,473.1483401556135,522.9478754426057,-1.2181272602147715,1.0348619347067256,-3.8458263274688167,0.00045119105924429435,-0.0012618519235216177,0.0003350260723178072,20000.0,-5000.0,64279.874454380304
923.0,471.9303764848993,523.9821781537753,-1.2177926609619476,1.033718282404834,-3.8454163097343805,-0.00025237576142405173,-0.0010909077136202236,0.00032117531981675396,20000.0,-5000.0,64206.698118601154
924.0,470.7127548336896,525.0153120074153,-1.2174432232898482,1.0325242481321766,-3.8449877235079373,0.00018402529011928316,-0.00013821412027241638,0.0006058241403518282,20000.0,-5000.0,64133.76708113343
925.0,469.4954900383196,526.0472266500396,-1.2170789514563296,1.0312798900843063,-3.8445405233830705,0.002329435239500686,-0.0025044864827743862,0.00026857723805584596,20000.0,-5000.0,64061.08496793604
926.0,468.2785969307769,527.077871787584,-1.2166998498998396,1.02998526890957,-3.844074661948044,0.0002099796705054861,-0.001565384675510568,0.0006296638431306803,20000.0,-5000.0,63988.655365429186
927.0,467.0620903385199,528.1071971878588,-1.2163059232396165,1.028640447705925,-3.8435900897763977,0.0008317438456104515,-0.0011736003017777609,0.0006569212607091957,20000.0,-5000.0,63916.48182041124
928.0,465.8459850842977,529.1351526829958,-1.215897176275604,1.0272454920179825,-3.8430867554174384,0.0001745591462615776,-0.0021524225197536106,0.0006188887790777156,20000.0,-5000.0,63844.56783998191
929.0,464.6302959859687,530.1616881718948,-1.2154736139881948,1.0258004698340528,-3.842564605386477,0.0005097207198095603,1.8934005159153885e-05,0.00044670095712284286,20000.0,-5000.0,63772.916891471534
930.0,463.4150378563213,531.1867536226639,-1.2150352415383168,1.024305451582336,-3.842023584154189,0.00045203312431996287,-0.0005749111948529955,0.000449715630128468,20000.0,-5000.0,63701.53240237622
931.0,462.20022550289207,532.2102990750594,-1.2145820642676313,1.0227605101280801,-3.841463634136065,0.0009269022319986083,-0.0012680825568392535,0.0005435205361491497,20000.0,-5000.0,63630.41776029943
932.0,460.98587372778604,533.2322746429201,-1.2141140876976522,1.0211657207694316,-3.84088469568134,0.0016874706903552922,0.0002465998782903696,0.000428638268359621,20000.0,-5000.0,63559.57631289896
933.0,459.77199732749676,534.2526305165983,-1.2136313175306839,1.0195211612342518,-3.840286707061322,0.002203704691977868,-0.003228483930335425,0.0004888596713774724,20000.0,-5000.0,63489.01136784033
934.0,458.5586110927247,535.2713169653886,-1.2131337596491676,1.017826911675911,-3.839669604457541,0.0008270007501462522,-0.0017270897913349297,0.00070626141646269,20000.0,-5000.0,63418.72619275574
935.0,457.3457298081984,536.2882843399501,-1.212621420115596,1.0160830546698207,-3.839033321949696,0.0011329457920477106,-0.0013875719898346,0.0007260448690489174,20000.0,-5000.0,63348.72401520901
936.0,456.1333682524935,537.3034830747282,-1.212094305172684,1.014289675209227,-3.838377791502804,-0.000662574938473018,-0.002769373526650865,0.0005356578842296683,20000.0,-5000.0,63279.00802266623
937.0,454.92154119785306,538.3168636903686,-1.2115524212431694,1.012446860700777,-3.8377029429540626,0.00045785992506284097,-0.0015546981997869964,0.0007679862685832799,20000.0,-5000.0,63209.58136247223
938.0,453.71026341000714,539.3283767961298,-1.2109957749297848,1.010554700960597,-3.837008703999552,0.0015420683705531543,-0.0030678005795416858,0.0007600385091381632,20000.0,-5000.0,63140.44714183282
939.0,452.4995496479935,540.3379730922898,-1.2104243730150301,1.0086132882100856,-3.836295000180554,0.001479515511613165,-0.0012477071569051141,0.0009098147841430027,20000.0,-5000.0,63071.608427802625
940.0,451.2894146639771,541.3456033725499,-1.2098382224612578,1.0066227170708544,-3.8355617548689893,0.0008136276540475121,-0.0009147925499651567,0.0008132945356641944,20000.0,-5000.0,63003.068247278716
941.0,450.079873203071,542.3512185264315,-1.2092373304105877,1.0045830845604087,-3.834808889252951,0.001530243860590841,-0.0017808452759878225,0.0008933593763561568,20000.0,-5000.0,62934.82958699994
942.0,448.8709400031559,543.3547695416707,-1.2086217041846226,1.00249449008777,-3.83403632232196,0.001133461687718982,-0.004040216478631823,0.0008413369755962936,20000.0,-5000.0,62866.8953935518
943.0,447.66262979470173,544.356207506607,-1.207991351284619,1.000357035447962,-3.833243970851143,0.0018862137207608645,-0.003167445146904543,0.0009232228659409385,20000.0,-5000.0,62799.26857337696
944.0,446.45495730058667,545.3554836125667,-1.2073462793912313,0.998170824817521,-3.832431749385749,0.000953405054846332,-0.0016231509364612595,0.0006633527893671568,20000.0,-5000.0,62731.95199279161
945.0,445.24793723591927,546.352549156242,-1.2066864963644548,0.9959359647493784,-3.831599570224946,0.00029715415019485584,-0.0022370805071524544,0.0008271780911311778,20000.0,-5000.0,62664.94847800709
946.0,444.04158430785776,547.3473555420654,-1.2060120102435121,0.9936525641672915,-3.8307473434050805,0.0010311596171342751,-0.005109788232977801,0.0008574857744368061,20000.0,-5000.0,62598.260815157475
947.0,442.83591321543224,548.3398542845766,-1.2053228292467963,0.9913207343610679,-3.8298749766829703,-0.002351740266126003,-0.0010632547018261944,0.0008524019300138869,20000.0,-5000.0,62531.89175033251
948.0,441.63093864936417,549.3299970107876,-1.2046189617718142,0.9889405889807676,-3.828982375518363,0.0011094659080886937,-0.002262101584558577,0.0009575483782025557,20000.0,-5000.0,62465.84398961623
949.0,440.4266752918886,550.3177354625382,-1.20390041639493,0.9865122440313598,-3.82806944305636,-0.003069025068119465,-0.003304347958523057,0.0010014386640961998,20000.0,-5000.0,62400.12019913134
950.0,439.2231378165743,551.3030214988503,-1.2031672018713664,0.9840358178670385,-3.8271360801092413,-0.0010521198099830123,-0.0014655010625816004,0.000992038744716873,20000.0,-5000.0,62334.72300508884
951.0,438.0203408881459,552.2858070982722,-1.2024193271351749,0.9815114311851403,-3.826182185137765,0.0012251084388678812,-0.0032530502308715814,0.00094237568968045,20000.0,-5000.0,62269.654993843564
952.0,436.81829916230396,553.2660443612206,-1.2016568012989524,0.978939207020801,-3.825207654232609,0.0012665499826705587,-0.0033121752809073726,0.0008941030598120267,20000.0,-5000.0,62204.91871195524
953.0,435.617027285548,554.2436855123138,-1.2008796336538126,0.9763192707405892,-3.8242123810948723,-0.00042461916297655087,-0.00227098715535961,0.0011411060883325717,20000.0,-5000.0,62140.51666625508
954.0,434.41653989499633,555.2186829027017,-1.2000878336693006,0.9736517500364812,-3.8231962570164355,5.841674833150759e-05,-0.0008386966475589315,0.0010697668386792122,20000.0,-5000.0,62076.451323917936
955.0,433.2168516182094,556.1909890123868,-1.1992814109932795,0.9709367749197213,-3.82215917085995,0.002239300480406977,-0.0010498582117318233,0.0009219133742764906,20000.0,-5000.0,62012.72511254036
956.0,432.0179770730098,557.1605564525412,-1.1984603754517593,0.9681744777142853,-3.821101009038324,0.00032487191408979617,-0.0024117361889215224,0.0010448540419837715,20000.0,-5000.0,61949.34042022386
957.0,430.81993086730586,558.1273379678154,-1.1976247370487272,0.9653649930507413,-3.8200216554940862,0.003175913480930765,-0.0023520584174858993,0.0008748621136681985,20000.0,-5000.0,61886.29959566421
958.0,429.6227275989123,559.0912864386427,-1.196774505966232,0.9625084578594283,-3.8189209916779774,0.0008555253026163249,-0.0020567114030448515,0.0011157446916411848,20000.0,-5000.0,61823.60494824585
959.0,428.4263818553734,560.0523548835342,-1.1959096925640722,0.959605011363692,-3.8177988965274148,0.0012965190641297045,-0.0042342858632022536,0.001108389870441873,20000.0,-5000.0,61761.25874814263
960.0,427.2309082137842,561.01049646137,-1.1950303073797102,0.9566547950735185,-3.8166552464447467,0.0025684613542496385,-0.0023035169135473543,0.001083593698221499,20000.0,-5000.0,61699.263226423565
961.0,426.036321240614,561.9656644736813,-1.1941363611281872,0.9536579527782578,-3.8154899152747346,0.0010375094961279205,-0.0037836304785176878,0.0013717970021258664,20000.0,-5000.0,61637.62057516451
962.0,424.8426354915278,562.9178123669266,-1.1932278647019245,0.9506146305398033,-3.8143027742819995,-0.00012682442553619113,-0.0027352223503928816,0.0010554266453071247,20000.0,-5000.0,61576.33294756548
963.0,423.6498655112101,563.8668937347609,-1.1923048291706948,0.947524976685429,-3.8130936921279206,0.0008161661981903145,-0.003349345347435207,0.0013072980838855512,20000.0,-5000.0,61515.40245807362
964.0,422.4580258331864,564.8128623202974,-1.1913672657814232,0.9443891418003432,-3.811862534847154,0.0009077810169383735,-0.002637515984365792,0.0015121322735111424,20000.0,-5000.0,61454.8311825118
965.0,421.2671309796473,565.7556720183616,-1.1904151859579883,0.9412072787208672,-3.8106091658241725,-0.00046020693835697904,-0.0030819540452709554,0.001397493849937515,20000.0,-5000.0,61394.62115821276
966.0,420.07719546127043,566.6952768777392,-1.1894486013011658,0.9379795425265343,-3.809333445768904,0.0007077268654356993,-0.006447013620946109,0.001283074257147386,20000.0,-5000.0,61334.77438415924
967.0,418.88823377704495,567.6316311034146,-1.188467523588514,0.9347060905325293,-3.8080352326922737,0.00021632544444888466,-0.0031101554954201015,0.0011695726600668493,20000.0,-5000.0,61275.29282112945
968.0,417.7002604140934,568.5646890588042,-1.1874719647741188,0.9313870822822992,-3.806714381881615,0.0019642661539237575,-0.0026737686213993165,0.001164146663820156,20000.0,-5000.0,61216.178391848305
969.0,416.5132898474967,569.4944052679792,-1.186461936988593,0.9280226795397084,-3.8053707458754635,0.0010532577384589176,-0.002923184600196665,0.001304312721650933,20000.0,-5000.0,61157.43298114438
970.0,415.3273365401162,570.4207344178836,-1.1854374525387925,0.9246130462810243,-3.804004174438108,0.0007375558894438235,-0.003538870435083171,0.001293330564203213,20000.0,-5000.0,61099.05843611251
971.0,414.1424149424191,571.3436313605413,-1.1843985239077313,0.9211583486868449,-3.8026145145337678,0.0009356990120401357,-0.0017690473004391288,0.0013124803274593005,20000.0,-5000.0,61041.056566281906
972.0,412.95853949230076,572.2630511152573,-1.1833451637544385,0.9176587551343118,-3.8012016103006885,0.0012926503792530587,-0.003198080770368491,0.001384334296656268,20000.0,-5000.0,60983.42914379009
973.0,411.77572461491025,573.1789488708099,-1.1822773849137604,0.9141144361886973,-3.7997653030246883,0.0017165623921150395,-0.0031113483765669385,0.0014354709312130733,20000.0,-5000.0,60926.17790356238
974.0,410.59398472247324,574.0912799876347,-1.181195200396246,0.9105255645950479,-3.798305431112459,4.9527781546854525e-05,-0.002524629805763408,0.0015316181434134421,20000.0,-5000.0,60869.30454349694
975.0,409.41333421411775,575.0,-1.1800986233879769,0.9068923152699426,-3.796821830064727,2.035679352350799e-05,-0.0032781977058311527,0.0013427886732881582,20000.0,-5000.0,60812.81072465562
976.0,408.2337874756973,575.9050646181746,-1.178987667250425,0.9032148652928527,-3.7953143324489735,0.002267173568724628,-0.004633535924511911,0.0014353330596564922,20000.0,-5000.0,60756.69807146003
977.0,407.0553588796169,576.8064297305857,-1.1778623455201114,0.8994933938974441,-3.7937827678719973,0.00070360452170581,-0.006279633701933452,0.0015239790714075868,20000.0,-5000.0,60700.96817189372
978.0,405.87806278465706,577.7040514059695,-1.1767226719089479,0.8957280824631084,-3.792226962952132,-0.0003268889633991738,-0.004283418103053421,0.0015438877950603091,20000.0,-5000.0,60645.62257770932
979.0,404.701913535799,578.5978858955119,-1.1755686603033553,0.8919191145055834,-3.790646741291292,0.0016228063858571267,-0.0030392041526511706,0.0018191590736028097,20000.0,-5000.0,60590.66280464177
980.0,403.52692546405035,579.4878896349807,-1.1744003247646333,0.8880666756687674,-3.7890419234469763,0.0016574655603157455,-0.004241354359079107,0.0016458695389192691,20000.0,-5000.0,60536.090332626554
981.0,402.35311288626974,580.3740192468495,-1.173217679528534,0.8841709537151132,-3.78741232690369,-0.0004023841270587901,-0.0030839210435827592,0.0014429400723076895,20000.0,-5000.0,60481.90660602362
982.0,401.1804901049933,581.2562315424109,-1.1720207390052622,0.8802321385165328,-3.78575776604432,0.0014427768105220893,-0.003805565879524277,0.0017187465809713192,20000.0,-5000.0,60428.11303384698
983.0,400.0090714082592,582.1344835238825,-1.170809517779162,0.8762504220453593,-3.7840780521215502,0.001983472649200717,-0.0026632851808828222,0.0017597286311915763,20000.0,-5000.0,60374.71098999921
984.0,398.83887106943496,583.0087323865016,-1.1695840306085472,0.8722259983647405,-3.7823729932288117,0.0016220316083592305,-0.004352749551990093,0.0017023864478125988,20000.0,-5000.0,60321.701813511725
985.0,397.6699033470421,583.878935520612,-1.1683442924256155,0.8681590636195438,-3.780642394271382,0.0019042131346909594,-0.0036017005283564578,0.0015937187186256844,20000.0,-5000.0,60269.08680879026
986.0,396.5021824845837,584.7450505137407,-1.1670903183362498,0.8640498160264087,-3.7788860569370075,-0.0001995693395333933,-0.003604106360566999,0.0019862748359354278,20000.0,-5000.0,60216.86724586542
987.0,395.3357227103696,585.6070351526648,-1.1658221236196198,0.8598984558641405,-3.777103779666742,0.0016196294850100695,-0.002610420628488001,0.0016633116282942918,20000.0,-5000.0,60165.04436064891
988.0,394.1705382373445,586.464847425469,-1.1645397237283248,0.8557051854643305,-3.775295357625671,0.0009747240247325278,-0.0059892860636007236,0.001903146651229763,20000.0,-5000.0,60113.619355194474
989.0,393.006643262913,587.3184455235935,-1.1632431342880238,0.8514702092009543,-3.7734605826732768,0.0008015010179908818,-0.004732540416214644,0.001872746064651016,20000.0,-5000.0,60062.593397964294
990.0,391.84405196876844,588.1677878438709,-1.1619323710972083,0.8471937334808786,-3.7715992433342773,0.0022233525062611685,-0.0034145352488970373,0.001948877033762278,20000.0,-5000.0,60011.96762410032
991.0,390.68277852071856,589.0128329905552,-1.160607450127145,0.8428759667334589,-3.7697111247689383,0.002870662583330628,-0.0027303392498210276,0.0021122664605070507,20000.0,-5000.0,59961.74313570057
992.0,389.52283706851415,589.8535397773378,-1.1592683875215357,0.8385171194004784,-3.767796008743771,0.0032125434178761104,-0.004129570465852147,0.001998039354526943,20000.0,-5000.0,59911.92100210066
993.0,388.3642417456755,590.6898672293562,-1.1579151995964878,0.8341174039261432,-3.7658536736022423,0.002727842781960815,-0.004724499239094356,0.001887110594165557,20000.0,-5000.0,59862.50226015971
994.0,387.2070066693212,591.5217745851901,-1.156547902840174,0.8296770347462825,-3.7638838942353017,0.001260202579708773,-0.0036730694058363343,0.0021201100584988175,20000.0,-5000.0,59813.487914551566
995.0,386.05114593999514,592.3492212988488,-1.1551665139126328,0.8251962282782301,-3.761886442052406,0.0017553092886829426,-0.003597332826021523,0.0019335185031504924,20000.0,-5000.0,59764.87893806053
996.0,384.8966736414959,593.1721670417465,-1.1537710496456555,0.8206752029101381,-3.759861084952396,0.00220010601445902,-0.0049151275687906336,0.002059612631537221,20000.0,-5000.0,59716.67627188172
997.0,383.7436038407038,593.990571704669,-1.152361527042558,0.8161141789905173,-3.7578075872947885,0.0015425867074296618,-0.004237342133565091,0.0019081036768034936,20000.0,-5000.0,59668.880825926244
998.0,382.5919505874108,594.8043953997276,-1.1509379632779257,0.8115133788172102,-3.75572570987103,0.0015665903443479244,-0.0033926480260377465,0.0019686679444179123,20000.0,-5000.0,59621.493479130426
999.0,381.441727914148,595.6135984623035,-1.1495003756974143,0.8068730266266471,-3.7536152098762163,0.0023014194509882123,-0.0026936498332327478,0.002131276299416607,20000.0,-5000.0,59574.51507977003
1000.0,380.29294983601596,596.4181414529809,-1.1480487818175789,0.8021933485831028,-3.7514758408811595,0.0013969252048475363,-0.003926804667798251,0.0021993553735128912,20000.0,-5000.0,59527.946445778405
1001.0,379.1456303505128,597.2179851594697,-1.1465831993256188,0.7974745727674417,-3.749307352804597,0.0007139983795621696,-0.00469229853323843,0.0019730766572559105,20000.0,-5000.0,59481.78836506901
1002.0,377.9997834373647,598.0130905985158,-1.1451036460792636,0.792716929166204,-3.7471094918860013,0.00105541449386892,-0.004833207972729277,0.00227404800522163,20000.0,-5000.0,59436.04159586203
1003.0,376.8554230583543,598.8034190178021,-1.1436101401063468,0.7879206496602364,-3.7448820006587455,0.002159836579329873,-0.0042357032613611605,0.0021413084528470825,20000.0,-5000.0,59390.70686701515
1004.0,375.71256315715203,599.5889318978362,-1.1421026996047203,0.7830859680133244,-3.742624617923687,0.0015175120608366907,-0.004974082273568506,0.0024303916356923343,20000.0,-5000.0,59345.78487835812
1005.0,374.57121765914485,600.3695909538287,-1.1405813429421698,0.7782131198611069,-3.740337078723527,0.0018821756668348224,-0.004694557654323632,0.0022593146709052343,20000.0,-5000.0,59301.27630103134
1006.0,373.4314004712677,601.1453581375584,-1.1390460886559026,0.7733023426994237,-3.738019114317673,0.0022391782147290523,-0.006029974431787312,0.002194643221615716,20000.0,-5000.0,59257.181777827995
1007.0,372.29312548183304,601.9161956392276,-1.137496955452491,0.7683538758724353,-3.7356704521575,0.0011661710116023655,-0.0036180540332648604,0.002373504526745814,20000.0,-5000.0,59213.50192353997
1008.0,371.1564065603627,602.6820658893033,-1.1359339622076448,0.7633679605614816,-3.7332908158629143,0.002356527015602788,-0.006190483824403984,0.002282187788719459,20000.0,-5000.0,59170.23732530727
1009.0,370.02125755741775,603.4429315603505,-1.1343571279659557,0.7583448397731445,-3.7308799251993037,0.001977799141614614,-0.005491063161842484,0.002583264757091978,20000.0,-5000.0,59127.38854297064
1010.0,368.8876923044308,604.1987555688496,-1.1327664719406414,0.7532847583271405,-3.7284374960553044,0.0003131635447828963,-0.004976926608723895,0.0024584078234377426,20000.0,-5000.0,59084.956109427796
1011.0,367.7557246135365,604.9495010770048,-1.131162013513375,0.7481879628447814,-3.7259632404218728,0.0031115665098150743,-0.0030440986981855604,0.002471595911606574,20000.0,-5000.0,59042.9405309926
1012.0,366.62536827740405,605.6951314945392,-1.1295437722339443,0.7430547017366962,-3.7234568663720435,0.001104272046059332,-0.0055910235090327765,0.0025956173747222933,20000.0,-5000.0,59001.3422877573
1013.0,365.4966370690686,606.4356104804782,-1.1279117678200237,0.7378852251906665,-3.720918078041861,-8.267520175597926e-05,-0.0058802161741031275,0.0024311213844065423,20000.0,-5000.0,58960.16183395784
1014.0,364.369544741764,607.1709019449205,-1.1262660201572317,0.7326797851597462,-3.718346575612599,0.0005656046349709501,-0.0057962284079235435,0.0024289125188080556,20000.0,-5000.0,58919.3995983417
1015.0,363.2441050287541,607.9009700507977,-1.1246065492984485,0.727438635349813,-3.7157420552942493,0.0006042798669678147,-0.003533371259780435,0.0026715792141434836,20000.0,-5000.0,58879.0559845387
1016.0,362.1203316431671,608.6257792156201,-1.1229333754637025,0.7221620312070627,-3.713104209310149,0.00173428332692336,-0.008219471936457397,0.002518950588145076,20000.0,-5000.0,58839.13137143419
1017.0,360.9982382778267,609.3452941132118,-1.1212465190401701,0.716850229905674,-3.71043272588317,0.001408841205803966,-0.0063722706928351506,0.0025527040336806865,20000.0,-5000.0,58799.62611354457
1018.0,359.87783860508677,610.0594796754315,-1.1195460005816642,0.7115034903354172,-3.7077272892236826,0.0013569825675482708,-0.002523122155539257,0.0028258401014676247,20000.0,-5000.0,58760.54054139528
1019.0,358.7591462766634,610.7683010938827,-1.1178318408084067,0.7061220730888067,-3.7049875795188187,0.002365554416617338,-0.004784017591291292,0.002821808104871884,20000.0,-5000.0,58721.87496190083
1020.0,357.64217492346995,611.4717238216091,-1.1161040606069719,0.7007062404485964,-3.702213272923699,0.002088102030474904,-0.0065833011539812875,0.002637029596595828,20000.0,-5000.0,58683.62965874664
1021.0,356.52693815544944,612.1697135747798,-1.1143626810297746,0.695256256374762,-3.6994040415544314,0.002076906577893847,-0.005510528064264699,0.002750450026864799,20000.0,-5000.0,58645.8048927732
1022.0,355.4134495614104,612.8622363343586,-1.112607723294957,0.6897723864918248,-3.696559553483215,0.0021880201372903646,-0.005430516126869201,0.002750751811958191,20000.0,-5000.0,58608.400902361514
1023.0,354.30172270885953,613.5492583477635,-1.1108392087862171,0.6842548980759489,-3.6936794727354822,0.0024161560179663893,-0.0046540640982783875,0.0031172687276048703,20000.0,-5000.0,58571.41790382024
1024.0,353.19177114383797,614.2307461305105,-1.1090571590521563,0.6787040600415821,-3.6907634592892267,-0.000403786042497569,-0.0036540153208723934,0.0030459656701482068,20000.0,-5000.0,58534.856091774476
1025.0,352.0836083907552,614.9066664678467,-1.1072615958067047,0.6731201429289513,-3.6878111690768773,0.0014232377730321653,-0.005196167647912988,0.0029186647503191914,20000.0,-5000.0,58498.71563955564
1026.0,350.97724795222456,615.5769864163684,-1.1054525409281268,0.667503418890135,-3.68482225398937,-0.0004519608553485749,-0.006194452675174213,0.0030785137511065487,20000.0,-5000.0,58462.99669959228
1027.0,349.87270330889896,616.2416733056269,-1.1036300164591921,0.6618541616763309,-3.6817963618832388,0.0018667559767368829,-0.004846698434284247,0.0028771871309849865,20000.0,-5000.0,58427.69940380262
1028.0,348.7699879193062,616.9006947397211,-1.1017940446067769,0.6561726466244977,-3.6787331365903757,0.0018378653620284662,-0.006423794670127335,0.0029990584178172766,20000.0,-5000.0,58392.823863987054
1029.0,347.6691152196854,617.5540185988759,-1.099944647741637,0.6504591506435986,-3.6756322179304632,0.002943610912380955,-0.006804175592331679,0.003132888965485738,20000.0,-5000.0,58358.37017222198
1030.0,346.5700986238229,618.2016130410083,-1.0980818483980954,0.6447139522013003,-3.6724932417269094,0.0031048098878126273,-0.0075914829403980165,0.003214000393298192,20000.0,-5000.0,58324.338401254005
1031.0,345.4729515228892,618.8434465032785,-1.096205669273786,0.6389373313106148,-3.669315839826061,0.002093774518719851,-0.007420163253629474,0.0031847730402435313,20000.0,-5000.0,58290.72860489451
1032.0,344.37768728527533,619.4794877036295,-1.0943161332292846,0.6331295695157451,-3.6660996401194272,0.0013757512637005524,-0.00675563021344997,0.00326639482229732,20000.0,-5000.0,58257.540818414505
1033.0,343.28431925643065,620.10970564231,-1.0924132632880514,0.6272909498788408,-3.6628442665700875,0.002414166747308715,-0.0070789870193222835,0.003284818208437251,20000.0,-5000.0,58224.77505893973
1034.0,342.1928607586992,620.7340696033872,-1.0904970826359772,0.621421756966015,-3.6595493392426284,0.0013737095849184588,-0.0055585228259857344,0.0032947084706737035,20000.0,-5000.0,58192.43132584544
1035.0,341.1033250911587,621.352549156242,-1.0885676146210983,0.6155222768334738,-3.656214474337156,0.0019346513716916917,-0.0071620405527931235,0.00331847916870146,20000.0,-5000.0,58160.50960115135
1036.0,340.01572552945703,621.9651141570541,-1.0866248827533695,0.6095927970135904,-3.652839284227517,0.002975083923844239,-0.009214226923977796,0.003342941613030016,20000.0,-5000.0,58129.009849915936
1037.0,338.93007532565196,622.5717347502692,-1.0846689107043233,0.6036336065007504,-3.6494233775038762,0.0013824130707119344,-0.007059727879043394,0.0034650868036777134,20000.0,-5000.0,58097.93202063047
1038.0,337.8463877080484,623.1723813700556,-1.082699722306927,0.5976449957375394,-3.6459663590201505,0.0028138130702088492,-0.0064939808515497395,0.003528473933693331,20000.0,-5000.0,58067.27604561239
1039.0,336.7646758810381,623.7670247417443,-1.0807173415551006,0.5916272566003045,-3.6424678299460442,0.002693565448372364,-0.006661916357926464,0.003543965780036127,20000.0,-5000.0,58037.041841397746
1040.0,335.6849530249382,624.3556358832562,-1.0787217926034884,0.5855806823852845,-3.6389273878245287,0.001008991982270013,-0.004480307301880007,0.003416146969157725,20000.0,-5000.0,58007.22930913293
1041.0,334.6072322958311,624.9381861065149,-1.0767130997672893,0.5795055677940013,-3.6353446266341503,0.0030282507654600544,-0.006727414441910275,0.003480844386240997,20000.0,-5000.0,57977.83833496504
1042.0,333.5315268254036,625.5146470188442,-1.0746912875217447,0.5734022089188784,-3.6317191368572526,0.002754975028627607,-0.005201037709632827,0.003696287905883497,20000.0,-5000.0,57948.86879043147
1043.0,332.45784972078764,626.0849905243526,-1.0726563805019964,0.56727090322903,-3.6280505055540493,0.0021474604564154227,-0.006164874476470781,0.0038720344350473544,20000.0,-5000.0,57920.320532847654
1044.0,331.3862140643996,626.6491888253023,-1.0706084035027743,0.5611119495556522,-3.6243383164426075,0.001261567008163945,-0.00621663093382813,0.0037529878970012985,20000.0,-5000.0,57892.19340569358
1045.0,330.3166329137821,627.2072144234639,-1.0685473814780266,0.5549256480774147,-3.6205821499852506,0.0011738268583373727,-0.007068747359782226,0.0037275610758370267,20000.0,-5000.0,57864.487238998605
1046.0,329.24911930144356,627.7590401214571,-1.0664733395406643,0.5487123003060219,-3.6167815834817127,0.0015212882879575508,-0.006287862413750012,0.0038506660298905935,20000.0,-5000.0,57837.20184972433
1047.0,328.18368623470076,628.304639024076,-1.0643863029622196,0.5424722090712635,-3.612936191168904,0.002657902067018196,-0.007049127401608396,0.0037277205628812073,20000.0,-5000.0,57810.33704214575
1048.0,327.1203466955191,628.8439845395997,-1.062286297172534,0.5362056785062919,-3.6090455443280716,0.0011124818784880482,-0.006102746336317638,0.004075031029580533,20000.0,-5000.0,57783.892608230104
1049.0,326.0591136403557,629.3770503810886,-1.0601733477595587,0.5299130140330703,-3.6051092113995873,0.0025744877266737,-0.006551313680062553,0.003982421332052616,20000.0,-5000.0,57757.86832801363
1050.0,325.0,629.9038105676658,-1.0580474804689857,0.523594522347139,-3.6011267581051327,0.0008406983993878628,-0.007313808239421965,0.003923111909727736,20000.0,-5000.0,57732.26396997586
1051.0,323.9430186794177,630.4242394257828,-1.055908721203707,0.5172505114028354,-3.597097747578443,0.0019329298136215808,-0.0053248947883017044,0.004031924002401639,20000.0,-5000.0,57707.07929141159
1052.0,322.8881825575926,630.9383115904715,-1.0537570960238156,0.5108812903983448,-3.5930217405041924,0.002272095393595941,-0.005937691710987871,0.004034682815219438,20000.0,-5000.0,57682.314038799814
1053.0,321.8355044873701,631.4460020065795,-1.0515926311463488,0.5044871697605231,-3.5888982952656026,0.004714179301821878,-0.006872468121043774,0.004309263872514938,20000.0,-5000.0,57657.96794817044
1054.0,320.7849972952999,631.9472859299925,-1.0494153529445214,0.4980684611297761,-3.5847269681014122,0.0007510535422329055,-0.0062795112792702265,0.004170531856762468,20000.0,-5000.0,57634.04074546755
1055.0,319.73667378148104,632.4421389288391,-1.0472252879477821,0.49162547734482587,-3.580507313271921,0.003727564399366771,-0.006542152540156546,0.004263216650377828,20000.0,-5000.0,57610.53214690997
1056.0,318.6905467194043,632.9305368846822,-1.0450224628413878,0.48515853242776075,-3.576238883235245,0.002365050673523447,-0.007381194603477327,0.00436384776065281,20000.0,-5000.0,57587.44185934855
1057.0,317.64662885579827,633.4124559936946,-1.0428069044660333,0.4786679415683466,-3.5719212288331392,0.0026495929310842324,-0.006428928844264445,0.004251071337615511,20000.0,-5000.0,57564.769580620065
1058.0,316.60493291047226,633.8878727678189,-1.04057863981771,0.472154021108679,-3.5675538994875127,0.002357704064686964,-0.007171373329772958,0.004416299059171059,20000.0,-5000.0,57542.51499989783
1059.0,315.56547157616285,634.356764035912,-1.038337696047023,0.4656170885281199,-3.5631364434082444,0.002709853305363202,-0.007531154449984892,0.004476614868827767,20000.0,-5000.0,57520.67779803863
1060.0,314.5282575183782,634.8191069448751,-1.0360841004591634,0.45905746242755185,-3.558668407811462,0.0021000518508334527,-0.008258738189984257,0.00430175795483525,20000.0,-5000.0,57499.25764792611
1061.0,313.4933033752445,635.2748789607671,-1.0338178805135385,0.4524754625139167,-3.5541493391497703,0.003784951969195471,-0.006966032687674678,0.004575998365152612,20000.0,-5000.0,57478.25421481015
1062.0,312.46062175735113,635.7240578699029,-1.0315390638232884,0.44587140958464033,-3.549578783354408,0.0018103016653176342,-0.006025182661272564,0.004590878877445777,20000.0,-5000.0,57457.66715664258
1063.0,311.43022524759795,636.1666217799363,-1.0292476781550874,0.43924562551183044,-3.5449562860894592,0.003475352600008653,-0.007359039708129448,0.00466473475154596,20000.0,-5000.0,57437.496124408615
1064.0,310.40212640104096,636.6025491209266,-1.0269437514287176,0.43259843322687175,-3.5402813930191925,0.0016399432722617286,-0.004035813441248343,0.0047057151852702836,20000.0,-5000.0,57417.7407624543
1065.0,309.3763377447405,637.0318186463901,-1.024627311716813,0.4259301567046805,-3.5355536500881497,0.0022600109950569307,-0.005757408163414285,0.00478637964146265,20000.0,-5000.0,57398.400708809735
1066.0,308.35287177760733,637.454409434336,-1.02229838724449,0.41924112094756083,-3.5307726038144125,0.0012201483417793716,-0.005342550370509794,0.004972970339946419,20000.0,-5000.0,57379.47559550756
1067.0,307.33174097025153,637.8703008882852,-1.0199570063889212,0.412531651969573,-3.5259378015971357,0.0028208887553132786,-0.005892348229439032,0.004716338850437847,20000.0,-5000.0,57360.965048897524
1068.0,306.3129577648295,638.2794727382751,-1.017603197679108,0.40580207678084435,-3.521048792038171,0.0038631593952541746,-0.004812202520110589,0.004874111971393009,20000.0,-5000.0,57342.86868995589
1069.0,305.2965345748933,638.6819050418469,-1.0152369897954543,0.39905272337153974,-3.516105125278036,0.0022919308458696523,-0.007577679971738438,0.005053489027379203,20000.0,-5000.0,57325.18613459062
1070.0,304.2824837852386,639.0775781850182,-1.0128584115695105,0.39228392069537676,-3.5111063533463502,0.002179957792231716,-0.00944191925886271,0.005085900078387734,20000.0,-5000.0,57307.916993941326
1071.0,303.2708177517543,639.4664728832377,-1.0104674919834054,0.3854959986542781,-3.5060520305286076,0.0012377042938621925,-0.007261354887474377,0.005139016607517011,20000.0,-5000.0,57291.060874674826
1072.0,302.2615488012718,639.8485701823267,-1.0080642601698742,0.3786892880822279,-3.500941713747685,0.0021708740033325622,-0.0062353066235497565,0.005478362151328364,20000.0,-5000.0,57274.617379275136
1073.0,301.25468923141455,640.2238514594021,-1.0056487454114347,0.3718641207284463,-3.495774962960974,0.0007648928903611115,-0.006676628692297104,0.005270978648703188,20000.0,-5000.0,57258.586106328774
1074.0,300.2502513104489,640.5922984237836,-1.0032209771403586,0.36502082924209844,-3.490551341574824,0.0014843480923722998,-0.006565653314605024,0.005391845938871856,20000.0,-5000.0,57242.96665080478
1075.0,299.2482472771338,640.9538931178863,-1.0007809849382454,0.3581597471554119,-3.4852704168742914,0.0026819813314617135,-0.005495862599993723,0.005271893740651455,20000.0,-5000.0,57227.758604329465
1076.0,298.2486893405724,641.3086179180945,-0.9983287985357094,0.3512812088679311,-3.4799317604706843,0.003830243184269609,-0.006489700695096925,0.005245195347547573,20000.0,-5000.0,57212.96155545566
1077.0,297.2515896800624,641.6564555356222,-0.9958644478118401,0.34438554962997614,-3.474534948765581,0.005392425030060167,-0.006073060545874399,0.005387307531939684,20000.0,-5000.0,57198.57508992668
1078.0,296.25696044494873,641.9973890173544,-0.9933879627939177,0.3374731055261577,-3.4690795634321656,0.0018723992476428074,-0.007897956439188827,0.005572743861604729,20000.0,-5000.0,57184.59879093476
1079.0,295.2648137544746,642.3314017466745,-0.9908993736571574,0.33054421345929086,-3.4635651919144776,0.003987556804532448,-0.008076323469484609,0.005594275758919581,20000.0,-5000.0,57171.032239373715
1080.0,294.2751616976344,642.658477444273,-0.9883987107242262,0.3235992111337964,-3.457991427944048,0.0027602243010275947,-0.005273963888635389,0.005653426548689111,20000.0,-5000.0,57157.875014086145
1081.0,293.2880163330261,642.9786001689421,-0.9858860044649305,0.3166384370392734,-3.4523578720745562,0.002361392025444342,-0.006863537385291766,0.005637194882010063,20000.0,-5000.0,57145.126692104604
1082.0,292.30338968870456,643.2917543183515,-0.983361285495846,0.3096622304340144,-3.4466641322345284,0.002980674059689406,-0.007632006128550849,0.005677891630451652,20000.0,-5000.0,57132.786848887205
1083.0,291.32129376203443,643.5979246298101,-0.9808245845797785,0.30267093132852096,-3.440909824298244,0.002607079008447222,-0.007645019898825873,0.005762582983251305,20000.0,-5000.0,57120.855058547066
1084.0,290.341740519545,643.8970961810086,-0.978275932625678,0.2956648804688484,-3.4350945726745827,0.0026694403145719955,-0.007688442916959955,0.005935316681292451,20000.0,-5000.0,57109.330894076
1085.0,289.3647418967831,644.1892543907478,-0.9757153606880706,0.28864441932006457,-3.429218010914362,0.0021417876479810027,-0.007764920571247247,0.006011152212438021,20000.0,-5000.0,57098.213927562
1086.0,288.39030979816886,644.4743850196487,-0.9731428999667457,0.2816098900494808,-3.42327978233561,0.0011241424523331185,-0.008376061052537123,0.005845051405302613,20000.0,-5000.0,57087.50373040067
1087.0,287.4184560968496,644.7524741708468,-0.9705585818062445,0.2745616355101106,-3.4172795406672574,0.0009846258194281317,-0.008615611156138894,0.006125499111124603,20000.0,-5000.0,57077.19987350052
1088.0,286.44919263455637,645.0235082906689,-0.9679624376956895,0.26749999922395773,-3.4112169507106014,0.0032815154415442313,-0.007270989325793881,0.006013618095045777,20000.0,-5000.0,57067.30192748195
1089.0,285.4825312214582,645.2874741692947,-0.9653544992683862,0.2604253253652473,-3.405091689018631,0.0023260094601532852,-0.007697753452285044,0.006214624281201855,20000.0,-5000.0,57057.80946287012
1090.0,284.5184836360196,645.5443589413994,-0.962734798301085,0.2533379587436002,-3.398903444592992,0.0020055430327780366,-0.005941926003595955,0.006196193562410556,20000.0,-5000.0,57048.722050281256
1091.0,283.55706162485603,645.7941500867819,-0.9601033667140939,0.24623824478732104,-3.392651919598149,0.002646128012491359,-0.006800870251527466,0.006476546562290586,20000.0,-5000.0,57040.03926060275
1092.0,282.5982769025914,646.0368354309741,-0.9574602365706255,0.23912652952628832,-3.3863368300923096,0.0034758139359682546,-0.006841571808781035,0.006295410393667089,20000.0,-5000.0,57031.760665166796
1093.0,281.6421411517148,646.2724031458345,-0.9548054400762851,0.23200315957552675,-3.379957906775483,0.0028482194673374187,-0.007901982110601592,0.006433010266947248,20000.0,-5000.0,57023.88583591748
1094.0,280.68866602243884,646.5008417501251,-0.952139009578957,0.22486848211821098,-3.3735148957528853,0.00198983419788074,-0.007266045329557087,0.006550035464070596,20000.0,-5000.0,57016.41434557134
1095.0,279.73786313255687,646.7221401100709,-0.9494609775683216,0.21772284488827154,-3.3670075593134596,0.003959347899150921,-0.0067754468512491615,0.006431751268199692,20000.0,-5000.0,57009.34576777153
1096.0,278.7897440673022,646.9362874399017,-0.9467713766752865,0.21056659615391027,-3.360435676724049,0.004337962392940091,-0.00641642744253759,0.006595265600113045,20000.0,-5000.0,57002.67967723515
1097.0,277.8443203792063,647.1432733023787,-0.9440702396717882,0.20340008470083148,-3.353799045037207,0.0032213028486143694,-0.007269129969668468,0.006636198255393109,20000.0,-5000.0,56996.41564989415
1098.0,276.9016035879586,647.3430876093033,-0.9413575994703649,0.1962236598145637,-3.3470974799112927,0.0037311336219722326,-0.006058753629467222,0.006670702820000949,20000.0,-5000.0,56990.55326302933
1099.0,275.96160518026556,647.5357206220078,-0.9386334891236743,0.18903767126391813,-3.340330816443937,0.004021656379425151,-0.007182285167190741,0.0067450172302987365,20000.0,-5000.0,56985.09209539795
1100.0,275.02433660971127,647.7211629518312,-0.9358979418241802,0.1818424692839926,-3.333498910016206,0.003916724521561501,-0.0063749515930037835,0.007001827167910286,20000.0,-5000.0,56980.03172735426
1101.0,274.0898092966172,647.8994055605758,-0.933150990903556,0.17463840455849322,-3.3266016371461746,0.00339139267183939,-0.0077178414452295716,0.0068561376414937375,20000.0,-5000.0,56975.37174096354
1102.0,273.15803462790416,648.0704397609481,-0.9303926698325427,0.16742582820359075,-3.3196388963528247,0.003386361403133063,-0.009102024375988125,0.007065416391270038,20000.0,-5000.0,56971.11172010929
1103.0,272.2290239569521,648.234257216983,-0.927623012220522,0.16020509175007192,-3.3126106090257434,0.003315835153263394,-0.006945506318064391,0.007099913269066898,20000.0,-5000.0,56967.25125059348
1104.0,271.3027886034631,648.3908499444483,-0.924842051814835,0.15297654712628628,-3.305516720301744,0.0016451965458097878,-0.0064778250564258,0.0069542984530088685,20000.0,-5000.0,56963.78992023026
1105.0,270.37933985332245,648.5402103112356,-0.9220498225006395,0.14574054664149116,-3.298357199946319,0.0035267055656879147,-0.006641103224401134,0.00725641100578233,20000.0,-5000.0,56960.72731893248
1106.0,269.45868895846183,648.6823310377313,-0.9192463583003132,0.13849744296805966,-3.291132043236846,0.001398811533304534,-0.006807340328387989,0.00708351755694923,20000.0,-5000.0,56958.06303879168
1107.0,268.5408471367218,648.8172051971717,-0.9164316933731982,0.13124758912465495,-3.2838412718478374,0.001993743685923748,-0.007615635791536446,0.007401069208386856,20000.0,-5000.0,56955.79667415106
1108.0,267.62582557171544,648.9448262159806,-0.9136058620151175,0.1239913384588931,-3.2764849347349028,0.004187303570725499,-0.008098411222104822,0.007326487163118763,20000.0,-5000.0,56953.92782167149
1109.0,266.7136354126916,649.0651878740895,-0.9107688986578921,0.11672904463023315,-3.2690631090161753,0.0037164690139174818,-0.00669125700107424,0.007455549574488446,20000.0,-5000.0,56952.456080390875
1110.0,265.80428777439965,649.178284305241,-0.9079208378691135,0.10946106159258306,-3.261575900848522,0.0044007129162215415,-0.006827080262567539,0.007360099851051176,20000.0,-5000.0,56951.38105177649
1111.0,264.89779373695336,649.2841099972746,-0.9050617143514046,0.10218774357724669,-3.2540234462971065,0.0025820547263326506,-0.007859228742063162,0.0076000979472031095,20000.0,-5000.0,56950.702339770294
1112.0,263.99416434569684,649.3826597923955,-0.9021915629423631,0.09490944507552967,-3.246405912195087,0.0016771335778858803,-0.0061266412477801015,0.00776437276939692,20000.0,-5000.0,56950.41955082772
1113.0,263.09341061106863,649.4739288874257,-0.8993104186138225,0.08762652082123168,-3.2387234969914527,0.00263653193007595,-0.008203374252813098,0.007615149945632382,20000.0,-5000.0,56950.532293949145
1114.0,262.1955435084692,649.557912834038,-0.8964183164715962,0.08033932577399128,-3.230976431585386,0.0030036915185906684,-0.007896106048772812,0.007704325861033479,20000.0,-5000.0,56951.04018070485
1115.0,261.30057397812544,649.6346075389737,-0.8935152917551363,0.07304821510138026,-3.2231649801422946,0.0029906286129568914,-0.005590759345690423,0.007899601680214426,20000.0,-5000.0,56951.942825252816
1116.0,260.4085129249589,649.7040092642408,-0.8906013798367951,0.06575354416173695,-3.2152894408910093,0.004098538132512951,-0.006392815800441329,0.007966607957024896,20000.0,-5000.0,56953.23984434986
1117.0,259.51937121845185,649.7661146272972,-0.8876766162216825,0.05845566848716999,-3.2073501468986314,0.002554395378700951,-0.007671684403535229,0.007670576656073571,20000.0,-5000.0,56954.930857355765
1118.0,258.63315969251556,649.8209206012151,-0.8847410365470978,0.05115494376582319,-3.1993474668192334,0.003307139287805581,-0.007003051623061354,0.008282898823818061,20000.0,-5000.0,56957.01548623061
1119.0,257.74988914535766,649.8684245148288,-0.8817946765823024,0.04385172582459518,-3.1912818056147234,0.0019234093491422484,-0.007143279066508927,0.008162161377602103,20000.0,-5000.0,56959.4933555254
1120.0,256.86957033935096,649.9086240528643,-0.87883757222761,0.03654637061220001,-3.183153605244805,0.0034308570897369378,-0.010162102418438429,0.008245239258741542,20000.0,-5000.0,56962.36409236559
1121.0,255.99221400090244,649.9415172560532,-0.8758697595144298,0.02923923418126151,-3.17496334532139,0.002976382177147145,-0.008250719940603371,0.00820331594247828,20000.0,-5000.0,56965.62732642805
1122.0,255.1178308203221,649.9671025212268,-0.872891274604612,0.02193067267120341,-3.1667115437264366,0.002203882788249261,-0.0073619841711401865,0.008053318553671399,20000.0,-5000.0,56969.28268991125
1123.0,254.2464314516932,649.9853786013956,-0.8699021537901217,0.014621042291196318,-3.158398757189192,0.002749122100890395,-0.00768091693467778,0.008426250707646597,20000.0,-5000.0,56973.32981749857
1124.0,253.37802651274185,649.9963446058092,-0.8669024334924131,0.007310699302195189,-3.150025581818584,0.0028134309363191386,-0.007053496842635604,0.008333300015046737,20000.0,-5000.0,56977.76834631486
1125.0,252.51262658470839,650.0,-0.8638921502620889,0.0,-3.141592653589794,0.0027345438758025423,-0.0061358656682618425,0.008529594987111956,20000.0,-5000.0,56982.59791587658
1126.0,251.65024221221768,649.9963446058092,-0.8608713407785586,-0.007310699302195189,-3.133100648780116,0.00486851888658711,-0.007644967333904254,0.008494181631815763,20000.0,-5000.0,56987.81816803492
1127.0,250.79088390315127,649.9853786013956,-0.8578400418494425,-0.014621042291196318,-3.1245502843516113,0.0029341263477776097,-0.00841010876108005,0.008608542504026878,20000.0,-5000.0,56993.4287469125
1128.0,249.9345621285188,649.9671025212268,-0.8547982904101019,-0.02193067267120341,-3.1159423182774004,0.002793270061286828,-0.0069712007428831095,0.008540722321549437,20000.0,-5000.0,56999.42929883332
1129.0,249.08128732233106,649.9415172560532,-0.8517461235233554,-0.02923923418126151,-3.107277549808507,0.0008756875624663608,-0.007647586984545961,0.008799426490487058,20000.0,-5000.0,57005.81947224641
1130.0,248.23106988147208,649.9086240528643,-0.8486835783789104,-0.03654637061220001,-3.0985568196789464,0.002137603774826642,-0.007468575632141175,0.00860160786653758,20000.0,-5000.0,57012.59891764256
1131.0,247.38392016557324,649.8684245148288,-0.8456106922928655,-0.04385172582459518,-3.0897810102444057,0.0028044014063032534,-0.007607775684015225,0.009080020453740179,20000.0,-5000.0,57019.76728746487
1132.0,246.53984849688635,649.8209206012151,-0.842527502707398,-0.05115494376582319,-3.0809510455540376,0.0023749313077018456,-0.004970118570882568,0.009132752329929248,20000.0,-5000.0,57027.32423601279
1133.0,245.69886516015845,649.7661146272972,-0.8394340471901955,-0.05845566848716999,-3.072067891351595,0.004535755978016497,-0.009629973905141824,0.00911074230715488,20000.0,-5000.0,57035.269419339544
1134.0,244.86098040250596,649.7040092642408,-0.8363303634340582,-0.06575354416173695,-3.063132555002584,0.002937218559269687,-0.007700199712474077,0.009118314219533232,20000.0,-5000.0,57043.60249514358
1135.0,244.02620443329033,649.6346075389737,-0.8332164892563583,-0.07304821510138026,-3.0541460853471882,0.004459128676531834,-0.0072967279546672405,0.009001056862003287,20000.0,-5000.0,57052.32312265334
1136.0,243.19454742399324,649.557912834038,-0.8300924625986568,-0.08033932577399128,-3.0451095724753414,0.0031932660825015106,-0.008101660025649377,0.009204936475306435,20000.0,-5000.0,57061.43096250594
1137.0,242.36601950809302,649.4739288874257,-0.8269583215263197,-0.08762652082123168,-3.0360241474218825,0.003177901805405011,-0.006349103735260221,0.009097425876837092,20000.0,-5000.0,57070.92567661969
1138.0,241.5406307809406,649.3826597923955,-0.8238141042277505,-0.09490944507552967,-3.026890981781487,0.003056874426033878,-0.00643469952701029,0.008964705185377769,20000.0,-5000.0,57080.806928060294
1139.0,240.71839129963752,649.2841099972746,-0.8206598490143051,-0.10218774357724669,-3.017711287240984,0.0031632036339395973,-0.007325480335134573,0.009387848597081886,20000.0,-5000.0,57091.07438090118
1140.0,239.899311082912,649.178284305241,-0.817495594319638,-0.10946106159258306,-3.008486315027046,0.004957043745912526,-0.0075521924576553495,0.009386278066941508,20000.0,-5000.0,57101.7277000775
1141.0,239.08340011099824,649.0651878740895,-0.8143213786990771,-0.11672904463023315,-2.9992173552707952,0.0007664282954462616,-0.0073815905926056125,0.009286421704081584,20000.0,-5000.0,57112.76655123441
1142.0,238.27066832551384,648.9448262159806,-0.8111372408295381,-0.1239913384588931,-2.9899057362862886,0.0011071671708267092,-0.007368266326783043,0.009181061580492197,20000.0,-5000.0,57124.190600569294
1143.0,237.46112562933916,648.8172051971717,-0.8079432195087008,-0.13124758912465495,-2.9805528237635333,0.002633963194208071,-0.007334572140622962,0.009300513177543825,20000.0,-5000.0,57135.999514668154
1144.0,236.65478188649644,648.6823310377313,-0.8047393536546963,-0.13849744296805966,-2.971160019876517,0.0032238798114855513,-0.007442026457642123,0.00918727693319117,20000.0,-5000.0,57148.19296033619
1145.0,235.85164692202977,648.5402103112356,-0.8015256823055665,-0.14574054664149116,-2.961728762305651,0.0039363682275517335,-0.006976966342077393,0.009566384005626863,20000.0,-5000.0,57160.770604422745
1146.0,235.0517305218853,648.3908499444483,-0.798302244619066,-0.15297654712634312,-2.952260523176112,0.0037203839575885057,-0.0064488172871294425,0.009288107361656448,20000.0,-5000.0,57173.73211364044
1147.0,234.25504243279164,648.2342572169829,-0.7950690798716096,-0.16020509175007192,-2.9427568079127004,0.0028383343075633178,-0.008504298469771212,0.009556083358998104,20000.0,-5000.0,57187.07715437893
1148.0,233.46159236214208,648.0704397609481,-0.7918262274581878,-0.1674258282035339,-2.933219154012511,0.004307637138545634,-0.008309506883227825,0.009449716010565396,20000.0,-5000.0,57200.80539251292
1149.0,232.67138997787526,647.8994055605758,-0.7885737268921673,-0.17463840455843638,-2.9236491297371314,0.00432886495257913,-0.009027045603054503,0.009409336298311453,20000.0,-5000.0,57214.91649320487
1150.0,231.88444490835775,647.7211629518313,-0.7853116178042683,-0.1818424692839926,-2.9140483327273548,0.0034583416529562097,-0.006298448097697969,0.009644786813747959,20000.0,-5000.0,57229.410120702494
1151.0,231.10076674226673,647.5357206220078,-0.7820399399420239,-0.18903767126397497,-2.9044183885416994,0.004277752812447847,-0.006930220914287909,0.009602496481075449,20000.0,-5000.0,57244.2859381306
1152.0,230.3203650284737,647.3430876093033,-0.7787587331698091,-0.1962236598145637,-2.8947609491211055,0.0035695438367394114,-0.006655651545897509,0.009773792458115807,20000.0,-5000.0,57259.54360727809
1153.0,229.5432492759271,647.1432733023787,-0.7754680374682437,-0.20340008470083148,-2.8850776911852147,0.0027113922522988224,-0.008658364060700325,0.00953887778489517,20000.0,-5000.0,57275.18278837959
1154.0,228.76942895353721,646.9362874399017,-0.7721678929335098,-0.2105665961539671,-2.8753703145612732,0.004030684641028596,-0.005304762185191101,0.009625112580725877,20000.0,-5000.0,57291.20313989234
1155.0,227.9989134900601,646.7221401100708,-0.7688583397765854,-0.21772284488827154,-2.8656405404505856,0.0034292917997650637,-0.007784240659038198,0.009445435383680196,20000.0,-5000.0,57307.60431826779
1156.0,227.23171227398404,646.5008417501251,-0.7655394183233284,-0.22486848211815413,-2.855890109636661,0.003324979026002799,-0.006965197685249742,0.00949030222255183,20000.0,-5000.0,57324.3859777186
1157.0,226.46783465341343,646.2724031458345,-0.7622111690139661,-0.23200315957552675,-2.8461207806384854,0.0048649890173591,-0.0062403335278908125,0.009999811976815626,20000.0,-5000.0,57341.547769980745
1158.0,225.7072899359561,646.0368354309741,-0.7588736324020999,-0.23912652952628832,-2.836334327815131,0.0007928796302309848,-0.008144151876204514,0.01005126458127233,20000.0,-5000.0,57359.08934407098
1159.0,224.95008738860923,645.7941500867819,-0.7555268491544211,-0.24623824478732104,-2.8265325394253122,0.0018767787151394858,-0.007673975150729024,0.009819999741570879,20000.0,-5000.0,57377.010346039795
1160.0,224.19623623764727,645.5443589413994,-0.7521708600504269,-0.2533379587436002,-2.816717215647273,0.002125837543223433,-0.006907174354198532,0.009719514909085345,20000.0,-5000.0,57395.310418719775
1161.0,223.44574566850838,645.2874741692947,-0.7488057059819937,-0.2604253253652473,-2.8068901665644743,0.0029918696482665996,-0.004108813027547896,0.009795170161041379,20000.0,-5000.0,57413.98920146954
1162.0,222.69862482568328,645.0235082906689,-0.7454314279524112,-0.2674999992240146,-2.797053210123025,0.0031139881777360054,-0.006754939476351381,0.009948809024842456,20000.0,-5000.0,57433.04632991363
1163.0,221.95488281260356,644.7524741708467,-0.7420480670760128,-0.2745616355101106,-2.7872081700658695,0.0018200334367173465,-0.005384085155425153,0.009784685631297209,20000.0,-5000.0,57452.48143567796
1164.0,221.21452869153126,644.4743850196487,-0.7386556645780331,-0.28160989004942394,-2.777356873849334,0.002372188240608162,-0.005787308201057027,0.009882836965507995,20000.0,-5000.0,57472.29414612121
1165.0,220.4775714834475,644.1892543907478,-0.7352542617939548,-0.28864441932000773,-2.7675011505489318,0.002510475746445274,-0.006644708721121398,0.009855448277269372,20000.0,-5000.0,57492.48408406249
1166.0,219.74402016794335,643.8970961810087,-0.7318439001687693,-0.2956648804688484,-2.757642828759293,0.005970915608176261,-0.008042170268575921,0.009788508912973146,20000.0,-5000.0,57513.050867504695
1167.0,219.01388368310995,643.5979246298101,-0.7284246212566643,-0.3026709313285778,-2.7477837344948233,0.00529780276844186,-0.005896369819058953,0.009793630587539947,20000.0,-5000.0,57533.9941093546
1168.0,218.28717092543002,643.2917543183515,-0.724996466720313,-0.3096622304340144,-2.7379256890968047,0.0030042893560793273,-0.008542015783862166,0.009892813401587363,20000.0,-5000.0,57555.313417138896
1169.0,217.56389074966933,642.9786001689421,-0.7215594783307893,-0.31663843703921657,-2.7280705071525495,0.0030632023784270762,-0.005303336396205514,0.00973228623081926,20000.0,-5000.0,57577.00839271684
1170.0,216.84405196876844,642.6584774442731,-0.7181136979667997,-0.3235992111337964,-2.718219994433297,0.0022548081690500583,-0.006744852227238409,0.009903030109453006,20000.0,-5000.0,57599.07863198954
1171.0,216.12766335373573,642.3314017466745,-0.7146591676140872,-0.3305442134593477,-2.7083759458559955,0.0014741380489115244,-0.00969358333391857,0.009781726309638887,20000.0,-5000.0,57621.52372460581
1172.0,215.41473363354027,641.9973890173544,-0.7111959293648624,-0.3374731055261577,-2.6985401434743626,0.0033459979026639382,-0.007274846285702783,0.009846514509414156,20000.0,-5000.0,57644.34325366489
1173.0,214.705271495006,641.6564555356222,-0.7077240254176047,-0.3443855496299193,-2.688714354505206,0.0024382976013966238,-0.006223846336061669,0.009990706585868491,20000.0,-5000.0,57667.536795416105
1174.0,213.99928558270506,641.3086179180946,-0.7042434980765222,-0.3512812088679311,-2.67890032939553,0.0033965603571213163,-0.007133639691216064,0.009786520130562209,20000.0,-5000.0,57691.10391895547
1175.0,213.29678449885296,640.9538931178863,-0.7007543897507844,-0.3581597471554687,-2.6690997999347443,0.0018289197552241857,-0.0061260952430039865,0.00990644218384814,20000.0,-5000.0,57715.04418591959
1176.0,212.5977768032035,640.5922984237836,-0.6972567429538117,-0.36502082924209844,-2.6593144774172495,0.0027093252327381476,-0.007736341385816777,0.009555713642951578,20000.0,-5000.0,57739.35715017682
1177.0,211.90227101294533,640.2238514594021,-0.6937506003033889,-0.3718641207283895,-2.649546050859951,0.003664964032543669,-0.008192649998460814,0.009701096963325648,20000.0,-5000.0,57764.042357515675
1178.0,211.2102756025967,639.8485701823269,-0.6902360045209548,-0.37868928808217106,-2.63979618527904,0.00389971469447403,-0.0068902530638312665,0.009743182562104134,20000.0,-5000.0,57789.09934533108
1179.0,210.52179900390342,639.4664728832378,-0.6867129984306644,-0.38549599865439177,-2.630066520030307,0.003961424202039795,-0.006764483204966359,0.009956123838559736,20000.0,-5000.0,57814.52764230804
1180.0,209.83684960573538,639.0775781850181,-0.6831816249591611,-0.3922839206954336,-2.620358667216314,0.002162025984072713,-0.007140735145150617,0.009454270553561586,20000.0,-5000.0,57840.32676810328
1181.0,209.1554357539851,638.6819050418469,-0.6796419271350942,-0.3990527233714829,-2.6106742101637215,0.004432841769515711,-0.005482508324724884,0.009660109033489864,20000.0,-5000.0,57866.49623302455
1182.0,208.4775657514652,638.2794727382751,-0.6760939480886634,-0.40580207678084435,-2.6010147019741185,0.002719755999497025,-0.007623809462029108,0.009826047951688382,20000.0,-5000.0,57893.03553770842
1183.0,207.80324785780778,637.8703008882852,-0.6725377310509089,-0.412531651969573,-2.5913816641515637,0.004218582987897772,-0.0063937821543061865,0.009522176283956208,20000.0,-5000.0,57919.94417279592
1184.0,207.13249028936337,637.454409434336,-0.6689733193530856,-0.41924112094756083,-2.581776585308169,0.0035574214682047027,-0.006628553245216821,0.0095641049361505,20000.0,-5000.0,57947.221618606694
1185.0,206.4653012191016,637.0318186463901,-0.6654007564264361,-0.4259301567046805,-2.572200919950406,0.0021449641427605678,-0.008297877829171525,0.009601190021390144,20000.0,-5000.0,57974.867344811515
1186.0,205.8016887765105,636.6025491209266,-0.6618200858015939,-0.43259843322687175,-2.5626560873474236,0.0032558088872519093,-0.008029726692593232,0.009551495564286437,20000.0,-5000.0,58002.880810103554
1187.0,205.14166104749842,636.1666217799363,-0.6582313511079292,-0.43924562551183044,-2.5531434704832376,0.003972778803667667,-0.006624098907850294,0.009689073208396242,20000.0,-5000.0,58031.26146186831
1188.0,204.48522607429464,635.7240578699029,-0.6546345960729241,-0.44587140958464033,-2.543664415093435,0.004238320647866235,-0.0045541687510703005,0.009516968532721187,20000.0,-5000.0,58060.00873585245
1189.0,203.83239185535257,635.2748789607671,-0.6510298645218597,-0.4524754625139167,-2.534220228786628,0.00346204896090211,-0.005990497590026112,0.009589982408202647,20000.0,-5000.0,58089.12205583176
1190.0,203.18316634525092,634.8191069448751,-0.647417200377447,-0.45905746242755185,-2.5248121802516534,0.005209891778935789,-0.008365736052162327,0.009344935257568347,20000.0,-5000.0,58118.600833278135
1191.0,202.53755745459767,634.356764035912,-0.6437966476588315,-0.46561708852817674,-2.5154414985499196,0.004672439601284157,-0.009783660678508393,0.009260013109471072,20000.0,-5000.0,58148.44446702615
1192.0,201.89557304993326,633.8878727678187,-0.640168250481139,-0.472154021108679,-2.5061093724929937,0.0033653379304112493,-0.005762939133875585,0.009284416952825102,20000.0,-5000.0,58178.65234293883
1193.0,201.2572209536354,633.4124559936946,-0.6365320530552765,-0.47866794156828973,-2.496816950104102,0.004420316330610283,-0.0066023323358076385,0.009128968293683778,20000.0,-5000.0,58209.22383357327
1194.0,200.6225089438227,632.9305368846822,-0.6328880996873067,-0.48515853242776075,-2.4875653381635656,0.005659248894370945,-0.005291677456800589,0.009290345963714041,20000.0,-5000.0,58240.158297845934
1195.0,199.99144475426078,632.4421389288391,-0.6292364347776811,-0.4916254773448827,-2.478355601835868,0.005694701014419951,-0.007371045128367624,0.009140664357325988,20000.0,-5000.0,58271.45508069785
1196.0,199.36403607426735,631.9472859299924,-0.6255771028205572,-0.4980684611297761,-2.4691887643776154,0.0023858362774959313,-0.006066571870078459,0.009061989693370229,20000.0,-5000.0,58303.11351276016
1197.0,198.74029054861967,631.4460020065795,-0.6219101484037424,-0.5044871697604663,-2.4600658069245855,0.002707007752802074,-0.005526265354290446,0.009162089148304688,20000.0,-5000.0,58335.13291001934
1198.0,198.12021577745986,630.9383115904715,-0.6182356162081248,-0.5108812903983448,-2.4509876683554546,0.005222840400764251,-0.006847101156952475,0.008914130977037513,20000.0,-5000.0,58367.51257348354
1199.0,197.50381931620342,630.4242394257828,-0.6145535510067361,-0.5172505114028922,-2.441955245230729,0.002585035795094439,-0.0067998098634050605,0.009104228585307498,20000.0,-5000.0,58400.25178884891
1200.0,196.8911086754464,629.9038105676657,-0.610863997664211,-0.523594522347139,-2.4329693918037147,0.0023176307237325984,-0.006304974123003229,0.008903129313856149,20000.0,-5000.0,58433.34982616684
1201.0,196.282091320875,629.3770503810886,-0.6071670011365313,-0.5299130140330135,-2.424030920101794,0.003194979649920339,-0.00574111202555285,0.00905744391463289,20000.0,-5000.0,58466.805939512014
1202.0,195.67677467317333,628.8439845395997,-0.6034626064706288,-0.5362056785062919,-2.4151406000752904,0.004145170948044546,-0.006294507067020163,0.00881741105989736,20000.0,-5000.0,58500.61936665175
1203.0,195.07516610793374,628.304639024076,-0.5997508588033895,-0.5424722090713203,-2.406299159810583,0.0036088933840812756,-0.005240206361814231,0.008894643265054205,20000.0,-5000.0,58534.789328715946
1204.0,194.47727295556655,627.759040121457,-0.5960318033611713,-0.5487123003060788,-2.39750728580496,0.0030460014211435883,-0.006707202455984953,0.008788928660966902,20000.0,-5000.0,58569.31502986898
1205.0,193.8831025012114,627.2072144234638,-0.5923054854594056,-0.5549256480773579,-2.3887656233001366,0.003028642781730679,-0.007581557962804688,0.008808062037199712,20000.0,-5000.0,58604.19565698267
1206.0,193.29266198464774,626.6491888253023,-0.5885719505022848,-0.5611119495555954,-2.3800747766718047,0.0029961816976390035,-0.004116272085130691,0.008678725635624933,20000.0,-5000.0,58639.43037931125
1207.0,192.70595860020683,626.0849905243526,-0.584831243981796,-0.5672709032290868,-2.3714353098717327,0.0028294455430010754,-0.006774040857812884,0.008408229321370668,20000.0,-5000.0,58675.01834816776
1208.0,192.12299949668414,625.5146470188441,-0.5810834114770955,-0.5734022089188784,-2.3628477469189146,0.006124618365600638,-0.006708598627407498,0.008685867372984024,20000.0,-5000.0,58710.958696602785
1209.0,191.54379177725264,624.9381861065149,-0.5773284986542819,-0.5795055677939445,-2.354312572437077,0.004067886932707224,-0.006157682209448134,0.008497936092525202,20000.0,-5000.0,58747.25053908517
1210.0,190.96834249937558,624.3556358832562,-0.5735665512659978,-0.5855806823852845,-2.345830232236078,0.004687806228490441,-0.005990965816962509,0.008553156127630251,20000.0,-5000.0,58783.89297118511
1211.0,190.39665867472064,623.7670247417443,-0.5697976151503212,-0.5916272566003045,-2.3374011339323433,0.0032636924607743058,-0.006434366559079403,0.00848747798961611,20000.0,-5000.0,58820.885069259544
1212.0,189.82874726907494,623.1723813700556,-0.5660217362305673,-0.5976449957375394,-2.329025647606579,0.0035859040510425465,-0.006021308858360717,0.008253078559068403,20000.0,-5000.0,58858.22589014053
1213.0,189.2646152022595,622.5717347502692,-0.5622389605145486,-0.6036336065007504,-2.3207041064952274,0.0030439962480760603,-0.006015259414762812,0.008181521922177361,20000.0,-5000.0,58895.914470826
1214.0,188.70426934804584,621.9651141570541,-0.5584493340941208,-0.6095927970135335,-2.31243680771236,0.001034848141845675,-0.0057624964399901795,0.008320926358850754,20000.0,-5000.0,58933.94982817385
1215.0,188.14771653407126,621.3525491562422,-0.5546529031448415,-0.6155222768334738,-2.304224012999674,0.002366470555641129,-0.008366625996303435,0.008148004107449347,20000.0,-5000.0,58972.33095859882
1216.0,187.59496354175616,620.7340696033872,-0.5508497139250892,-0.6214217569660718,-2.2960659495008624,0.0019232259870307134,-0.003927938692121848,0.00824616915621202,20000.0,-5000.0,59011.056837773125
1217.0,187.0460171062211,620.10970564231,-0.5470398127753242,-0.6272909498788977,-2.287962810557724,0.0014731161158488288,-0.006007108553978102,0.008053604100559202,20000.0,-5000.0,59050.12642032999
1218.0,186.5008839162055,619.4794877036294,-0.5432232461180035,-0.6331295695156882,-2.2799147565259323,0.0025765207639465203,-0.005219254758479435,0.008146749971080345,20000.0,-5000.0,59089.53863957121
1219.0,185.95957061398508,618.8434465032786,-0.5394000604569555,-0.6389373313105011,-2.271921915606617,0.005204627577851487,-0.007225626633004887,0.008017427369048239,20000.0,-5000.0,59129.29240717831
1220.0,185.4220837952916,618.2016130410084,-0.5355703023764136,-0.6447139522013572,-2.2639843846917547,0.003786800575758247,-0.006250821675082008,0.007945382669938047,20000.0,-5000.0,59169.38661292783
1221.0,184.88843000923225,617.5540185988759,-0.5317340185407033,-0.6504591506436554,-2.2561022302215292,0.005181906216498449,-0.006428658111197137,0.007808289821782846,20000.0,-5000.0,59209.820124410406
1222.0,184.3586157582102,616.9006947397211,-0.5278912556937598,-0.6561726466244977,-2.2482754890496577,0.004273463416762506,-0.004168768951504619,0.007827715138537344,20000.0,-5000.0,59250.591786754434
1223.0,183.83264749784473,616.2416733056269,-0.5240420606584735,-0.6618541616763309,-2.240504169315614,0.004666368047030362,-0.006274721507650963,0.007890832891117831,20000.0,-5000.0,59291.70042235406
1224.0,183.31053163689324,615.5769864163684,-0.5201864803361218,-0.667503418890135,-2.2327882513215886,0.002921679388063152,-0.004844471978732169,0.007681549537276321,20000.0,-5000.0,59333.14483060167
1225.0,182.7922745371725,614.9066664678467,-0.5163245617056305,-0.6731201429289513,-2.225127688411268,0.004410053050391011,-0.006276856910324729,0.00769847578824801,20000.0,-5000.0,59374.92378762535
1226.0,182.27788251348198,614.2307461305105,-0.5124563518232321,-0.6787040600415821,-2.21752240784915,0.004629305733800924,-0.0060381702079055554,0.007583409811740191,20000.0,-5000.0,59417.03604603097
1227.0,181.76736183352602,613.5492583477635,-0.5085818978219834,-0.684254898075892,-2.209972311698442,0.00327775144465381,-0.005789572796055513,0.00753794288732495,20000.0,-5000.0,59459.480334649656
1228.0,181.26071871783802,612.8622363343587,-0.5047012469108267,-0.6897723864918817,-2.202477277695363,0.004465732931451894,-0.0041652846785009846,0.007680267796623763,20000.0,-5000.0,59502.25535829028
1229.0,180.75795933970437,612.1697135747797,-0.5008144463741928,-0.6952562563748188,-2.1950371601189413,0.004478773173134557,-0.007432661582215074,0.00756105312761487,20000.0,-5000.0,59545.35979749746
1230.0,180.25908982508963,611.4717238216091,-0.4969215435715171,-0.7007062404485964,-2.1876517906540878,0.003324311791848902,-0.006801398839720083,0.007367889931990159,20000.0,-5000.0,59588.79230831493
1231.0,179.76411625256134,610.7683010938825,-0.4930225859367283,-0.7061220730888067,-2.1803209792469476,0.002734111121604638,-0.007424118904662098,0.007330104362924426,20000.0,-5000.0,59632.55152205488
1232.0,179.27304465321617,610.0594796754315,-0.489117620977396,-0.711503490335474,-2.1730445149509228,0.0026762710146650166,-0.006495246247560757,0.0071627860064906405,20000.0,-5000.0,59676.63604507303
1233.0,178.78588101060654,609.3452941132116,-0.48520669627413326,-0.716850229905674,-2.165822166762576,0.00400385968757039,-0.006173458101637212,0.007174068243362404,20000.0,-5000.0,59721.044458549535
1234.0,178.3026312606679,608.6257792156201,-0.481289859480313,-0.722162031206949,-2.158653684445771,0.004259909045853055,-0.006973509123670159,0.007179867546996327,20000.0,-5000.0,59765.77531827633
1235.0,177.82330129164592,607.9009700507977,-0.47736715832152754,-0.7274386353497562,-2.1515387993436614,0.003101261871639068,-0.006022502449010279,0.007193206762332509,20000.0,-5000.0,59810.82715445067
1236.0,177.34789694402485,607.1709019449206,-0.4734386405946509,-0.732679785159803,-2.144477225176887,0.003959054881265074,-0.007318904836494958,0.007127534167480099,20000.0,-5000.0,59856.19847147504
1237.0,176.87642401045662,606.4356104804781,-0.4695043541672419,-0.7378852251907233,-2.137468658827579,0.00453059222321156,-0.006246321608310002,0.006845324585882873,20000.0,-5000.0,59901.887747763794
1238.0,176.40888823569037,605.6951314945392,-0.4655643469773736,-0.7430547017366393,-2.130512781108817,0.004585856065392047,-0.0039027487782622872,0.007050273429982315,20000.0,-5000.0,59947.89343555648
1239.0,175.94529531650187,604.9495010770048,-0.4616186670329512,-0.7481879628447814,-2.1236092575178924,0.005562683970960449,-0.004695235232753753,0.0068665652046528795,20000.0,-5000.0,59994.213960737994
1240.0,175.48565090162447,604.1987555688496,-0.45766736241083095,-0.7532847583271973,-2.1167577389736523,0.005282347447413011,-0.004883443532444593,0.006703889516742529,20000.0,-5000.0,60040.847722665996
1241.0,175.0299605916802,603.4429315603504,-0.4537104812562518,-0.7583448397732013,-2.109957862536949,0.0029181497200199717,-0.006084643546225441,0.006939171233766051,20000.0,-5000.0,60087.793094005116
1242.0,174.57822993911196,602.6820658893032,-0.44974807178255105,-0.7633679605614816,-2.103209252114384,0.005716335573315746,-0.00660228036400914,0.006903759954389941,20000.0,-5000.0,60135.04842056878
1243.0,174.1304644481151,601.9161956392275,-0.445780182270596,-0.7683538758723216,-2.09651151914419,0.00341830892097153,-0.006152086889379422,0.006705044340871765,20000.0,-5000.0,60182.6120211684
1244.0,173.68666957457077,601.1453581375586,-0.4418068610678745,-0.7733023426994237,-2.089864263264187,0.005062839708105458,-0.00497456679556749,0.006709697729833541,20000.0,-5000.0,60230.48218746995
1245.0,173.24685072597936,600.3695909538286,-0.4378281565879263,-0.7782131198611637,-2.083267072962333,0.0040520883248926585,-0.003988776576294226,0.006667082055505194,20000.0,-5000.0,60278.65718385847
1246.0,172.81101326139492,599.5889318978362,-0.4338441173100023,-0.7830859680132676,-2.0767195262084783,0.0035579842777510662,-0.003915165348489555,0.006695197954890608,20000.0,-5000.0,60327.13524731029
1247.0,172.37916249135935,598.8034190178021,-0.4298547917784674,-0.7879206496601796,-2.0702211910682897,0.002111664294313308,-0.004159547672610804,0.006563803377967414,20000.0,-5000.0,60375.91458727319
1248.0,171.95130367783798,598.0130905985159,-0.4258602286019766,-0.7927169291662608,-2.063771626298624,0.003818704441589857,-0.005544133027627816,0.006261550027577656,20000.0,-5000.0,60424.99338555458
1249.0,171.5274420341554,597.2179851594695,-0.421860476452963,-0.7974745727674986,-2.057370381924522,0.0023803261971515914,-0.004712674143572289,0.006625350488035805,20000.0,-5000.0,60474.369796218045
1250.0,171.10758272493206,596.4181414529809,-0.41785558406715495,-0.8021933485830459,-2.051016999797935,0.005013576637074078,-0.005033472103616476,0.006461200249107251,20000.0,-5000.0,60524.04194548789
1251.0,170.6917308660211,595.6135984623035,-0.4138456002429507,-0.8068730266265902,-2.0447110141380964,0.0055902004953171415,-0.0048692831138265275,0.006219641749870726,20000.0,-5000.0,60574.00793166243
1252.0,170.27989152444616,594.8043953997277,-0.4098305738407362,-0.811513378817267,-2.0384519520538498,0.003188614426069168,-0.0025016528996133526,0.006108770498793124,20000.0,-5000.0,60624.2658250355
1253.0,169.87206971833962,593.9905717046689,-0.40581055378225983,-0.816114178990631,-2.032239334047917,0.0043365879598227216,-0.006413660658492551,0.006251939524634882,20000.0,-5000.0,60674.813667826835
1254.0,169.46827041688164,593.1721670417464,-0.40178558905026307,-0.8206752029100812,-2.0260726745032964,0.003272894881947019,-0.004785124275307806,0.006109584926577864,20000.0,-5000.0,60725.64947412099
1255.0,169.0684985402391,592.3492212988488,-0.3977557286876561,-0.8251962282781165,-2.019951482151604,0.0033785637844371014,-0.0032405124963130506,0.006139432842754273,20000.0,-5000.0,60776.77122981511
1256.0,168.67275895950633,591.5217745851902,-0.3937210217970062,-0.8296770347462257,-2.0138752605248964,0.00484269802704892,-0.0059853382449380705,0.006145733257966166,20000.0,-5000.0,60828.17689257582
1257.0,168.28105649664508,590.6898672293563,-0.3896815175400832,-0.8341174039262,-2.0078435083896284,0.0040017926681496915,-0.0050896376969015176,0.0059398636529631454,20000.0,-5000.0,60879.8643918048
1258.0,167.89339592442616,589.8535397773378,-0.3856372651367508,-0.8385171194005352,-2.0018557201634346,0.005856100762378605,-0.004929562017527431,0.005828318337965106,20000.0,-5000.0,60931.83162861376
1259.0,167.50978196637158,589.0128329905552,-0.3815883138649383,-0.842875966733402,-1.9959113863160405,0.003549680812947503,-0.0045705623597755655,0.005970478379594601,20000.0,-5000.0,60984.07647580848
1260.0,167.13021929669628,588.167787843871,-0.3775347130600437,-0.8471937334808786,-1.9900099937535862,0.005095362867578575,-0.005957159755814205,0.00581435284805479,20000.0,-5000.0,61036.596777881925
1261.0,166.7547125402515,587.3184455235935,-0.3734765121138821,-0.8514702092010111,-1.984151026186507,0.004161801079176311,-0.0036365378225554504,0.005856044815607911,20000.0,-5000.0,61089.39035101713
1262.0,166.38326627246852,586.464847425469,-0.3694137604742025,-0.8557051854643873,-1.9783339644820241,0.004892732567719854,-0.003521083077295035,0.005630585089428351,20000.0,-5000.0,61142.45498309915
1263.0,166.01588501930308,585.6070351526647,-0.3653465076444036,-0.8598984558641405,-1.972558287001697,0.0036043665767075137,-0.0036435275136323286,0.005724124548148974,20000.0,-5000.0,61195.78843373656
1264.0,165.6525732571797,584.7450505137407,-0.36127480318273797,-0.864049816026295,-1.9668234699232892,0.00402235673215747,-0.005035625063307985,0.005802884381103813,20000.0,-5000.0,61249.3884342926
1265.0,165.2933354129376,583.8789355206121,-0.35719869670163007,-0.8681590636196006,-1.9611289875482842,0.003958146232000866,-0.003998106770602319,0.0057493588639178335,20000.0,-5000.0,61303.25268792593
1266.0,164.93817586377645,583.0087323865015,-0.35311823786713603,-0.8722259983647973,-1.955474312595448,0.003212983414579695,-0.004981234053341337,0.005537741584873202,20000.0,-5000.0,61357.378869640874
1267.0,164.58709893720334,582.1344835238825,-0.3490334763982901,-0.8762504220452456,-1.9498589164797626,0.00477555353608357,-0.00434902125996054,0.0054518420131145435,20000.0,-5000.0,61411.764626347605
1268.0,164.24010891097987,581.256231542411,-0.34494446206667817,-0.880232138516476,-1.9442822695784576,0.004767473854776969,-0.0017203312016930033,0.005559482948775945,20000.0,-5000.0,61466.40757693204
1269.0,163.89721001306998,580.3740192468496,-0.3408512446957559,-0.8841709537151701,-1.9387438414837797,0.004712681238819076,-0.0038177308083922746,0.005588823141406469,20000.0,-5000.0,61521.30531233533
1270.0,163.55840642158836,579.4878896349807,-0.33675387415993896,-0.8880666756688811,-1.9332431012424016,0.005698100526957387,-0.005109288903240774,0.005532165998045552,20000.0,-5000.0,61576.455395643614
1271.0,163.2237022647501,578.5978858955118,-0.3326524003843474,-0.8919191145055265,-1.9277795175830956,0.005611039746986408,-0.003643127176366979,0.00538206365980136,20000.0,-5000.0,61631.85536218721
1272.0,162.89310162081966,577.7040514059696,-0.328546873344294,-0.8957280824629947,-1.9223525591320143,0.003717529075722146,-0.005193213347588144,0.005445667014923993,20000.0,-5000.0,61687.50271965005
1273.0,162.5666085180615,576.8064297305858,-0.32443734306434635,-0.8994933938975578,-1.9169616946162527,0.004499538093080932,-0.004990544841278647,0.005558493857134166,20000.0,-5000.0,61743.39494818885
1274.0,162.24422693469097,575.9050646181745,-0.3203238596177016,-0.9032148652929095,-1.9116063930561005,0.0034667952734340206,-0.004782387318293833,0.005363102941376077,20000.0,-5000.0,61799.52950056243
1275.0,161.9259607988261,575.0,-0.3162064731258738,-0.9068923152699426,-1.9062861239463393,0.0041436060157905505,-0.0041174991529232645,0.005101465450641666,20000.0,-5000.0,61855.903802270695
1276.0,161.61181398843922,574.0912799876346,-0.3120852337580118,-0.910525564594991,-1.901000357427065,0.0034993099245614785,-0.0026364699966918677,0.005293857398892269,20000.0,-5000.0,61912.51525170406
1277.0,161.3017903313101,573.17894887081,-0.30796019173007494,-0.9141144361886973,-1.8957485644438423,0.005812038096961661,-0.002964973049449643,0.005487321974154966,20000.0,-5000.0,61969.36122030236
1278.0,160.99589360497907,572.2630511152572,-0.30383139730435005,-0.9176587551343687,-1.8905302168984068,0.004508946940843076,-0.0029779614516312353,0.005043007030529375,20000.0,-5000.0,62026.43905272416
1279.0,160.6941275367014,571.3436313605413,-0.29969890078891126,-0.921158348686788,-1.8853447877895428,0.003907538883008445,-0.004620194495811261,0.005172901198916483,20000.0,-5000.0,62083.74606702574
1280.0,160.39649580340125,570.4207344178836,-0.2955627525369948,-0.9246130462809674,-1.880191751344623,0.005379494032962103,-0.003995214802329678,0.0051091694948566975,20000.0,-5000.0,62141.27955485036
1281.0,160.1030020316274,569.4944052679793,-0.2914230029462317,-0.9280226795398221,-1.8750705831424006,0.0018837544125571266,-0.003104095421794116,0.005117328802150186,20000.0,-5000.0,62199.036781627154
1282.0,159.8136497975088,568.564689058804,-0.2872797024581075,-0.9313870822824128,-1.8699807602272016,0.002050077233084517,-0.003995253978857945,0.0050983842854010935,20000.0,-5000.0,62257.01498678028
1283.0,159.52844262671118,567.6316311034145,-0.2831329015574511,-0.9347060905324156,-1.8649217612147622,0.004976319256689609,-0.0035857736171742106,0.005184534754370291,20000.0,-5000.0,62315.21138394772
1284.0,159.24738399439389,566.6952768777392,-0.2789826507717521,-0.9379795425264206,-1.859893066389953,0.004214846839303385,-0.0027915138318748934,0.005024265103689048,20000.0,-5000.0,62373.623161210184
1285.0,158.97047732516768,565.7556720183617,-0.27482900067050764,-0.9412072787209809,-1.8548941577971947,0.004415826750634889,-0.0035675763460848494,0.00514190449705712,20000.0,-5000.0,62432.247481329774
1286.0,158.69772599305287,564.8128623202972,-0.27067200186465357,-0.9443891418004,-1.849924519323302,0.0027789938650029326,-0.0029237125789622516,0.004940740225546971,20000.0,-5000.0,62491.08148199839
1287.0,158.42913332143837,563.8668937347609,-0.26651170500582566,-0.9475249766853153,-1.844983636772823,0.004137753941396435,-0.0014560641911774295,0.004883549118034965,20000.0,-5000.0,62550.12227609602
1288.0,158.16470258304122,562.9178123669266,-0.2623481607859617,-0.9506146305398033,-1.8400709979372813,0.006249097470646546,-0.00324524737280585,0.004816185900449795,20000.0,-5000.0,62609.36695195871
1289.0,157.90443699986645,561.9656644736813,-0.25818141993661925,-0.9536579527783147,-1.8351860926575985,0.005025606915173873,-0.0017933913229230681,0.004647039613230102,20000.0,-5000.0,62668.812573656185
1290.0,157.64833974316798,561.0104964613699,-0.2540115332281232,-0.9566547950735185,-1.8303284128797752,0.004347954888215708,-0.0023916992264832546,0.00487835510205754,20000.0,-5000.0,62728.456181279114
1291.0,157.3964139334102,560.0523548835342,-0.2498385514691961,-0.9596050113636352,-1.8254974527051337,0.003717820923202092,-0.004452986537904972,0.005071343412454267,20000.0,-5000.0,62788.29479123574
1292.0,157.1486626402296,559.0912864386427,-0.2456625255064182,-0.9625084578593714,-1.8206927084346791,0.0037671067606460653,-0.0040263812176235545,0.004848439453908848,20000.0,-5000.0,62848.32539655829
1293.0,156.90508888239737,558.1273379678155,-0.24148350622331805,-0.965364993050855,-1.8159136786075212,0.001965800385990363,-0.00370007660869345,0.0048511760363180775,20000.0,-5000.0,62908.54496721846
1294.0,156.66569562778295,557.160556452541,-0.23730154453988916,-0.968174477714399,-1.8111598640344113,0.004451392683952314,-0.0036750494456345224,0.004690481784475759,20000.0,-5000.0,62968.9504504524
1295.0,156.4304857933176,556.1909890123867,-0.23311669141199332,-0.9709367749196076,-1.806430767825968,0.005065704560682788,-0.0028325512487280546,0.0046868302909829854,20000.0,-5000.0,63029.53877109478
1296.0,156.19946224495897,555.2186829027017,-0.2289289978307636,-0.9736517500363675,-1.8017258954160391,0.002550204216303563,-0.0020519244857027724,0.00481452459121668,20000.0,-5000.0,63090.30683192216
1297.0,155.97262779765606,554.243685512314,-0.224738514822036,-0.9763192707406461,-1.7970447545806856,0.003503877886031453,-0.0013381725690093384,0.004917419723683168,20000.0,-5000.0,63151.25151400526
1298.0,155.7499852153149,553.2660443612205,-0.2205452934453831,-0.9789392070208578,-1.7923868554521412,0.0029906255061854766,-0.0022755311926108968,0.004830154761866138,20000.0,-5000.0,63212.36967707016
1299.0,155.5315372107653,552.2858070982722,-0.21634938479385823,-0.9815114311850834,-1.7877517105289988,0.003193114453300629,-0.003011880041633187,0.004723388374563711,20000.0,-5000.0,63273.65815986827
1300.0,155.31728644572718,551.3030214988503,-0.21215083999339868,-0.9840358178669817,-1.7831388346822616,0.004255466333482727,-0.004666254457233605,0.004606320738902995,20000.0,-5000.0,63335.11378055527
1301.0,155.1072355307785,550.3177354625383,-0.20794971020197295,-0.9865122440314735,-1.7785477451572729,0.0020343009812757717,-0.002378961647175601,0.004606318682529493,20000.0,-5000.0,63396.733337078374
1302.0,154.90138702532323,549.3299970107873,-0.20374604660889872,-0.9889405889808245,-1.7739779615719808,0.004843839697534786,-0.0023774402383358617,0.0044663767111995205,20000.0,-5000.0,63458.51360757211
1303.0,154.6997434375607,548.3398542845766,-0.19953990043450176,-0.9913207343610111,-1.7694290059119147,0.004991485930137863,-0.0021657138281293464,0.0043600562259675886,20000.0,-5000.0,63520.451350762465
1304.0,154.50230722445423,547.3473555420653,-0.19533132292943378,-0.9936525641672347,-1.7649004025216017,0.003948582593996483,-0.00011680448861932282,0.004379601876354602,20000.0,-5000.0,63582.54330637936
1305.0,154.30908079170183,546.3525491562422,-0.19112036537384824,-0.9959359647492647,-1.7603916780926256,0.00163180724569991,-0.0009687209651763177,0.004505166428733297,20000.0,-5000.0,63644.78619557709
1306.0,154.12006649370653,545.3554836125668,-0.1869070790769456,-0.9981708248176346,-1.755902361648785,0.0031779978658756456,-0.0013939524238424233,0.004443811020008124,20000.0,-5000.0,63707.176721362484
1307.0,153.93526663354794,544.3562075066069,-0.1826915153762343,-1.000357035448019,-1.7514319845283668,0.005499082511466801,-0.003162539381739996,0.004279791823823074,20000.0,-5000.0,63769.71156903141
1308.0,153.75468346295406,543.3547695416707,-0.17847372563701924,-1.002494490087713,-1.7469800803634434,0.001329339901272051,-0.0026466172282346534,0.004438293530140291,20000.0,-5000.0,63832.38740661225
1309.0,153.5783191822739,542.3512185264315,-0.17425376125183334,-1.0045830845604087,-1.7425461850567543,0.0038595487196630357,-0.0021627663283078392,0.004385823230065978,20000.0,-5000.0,63895.20088531736
1310.0,153.4061759404504,541.3456033725499,-0.17003167363958482,-1.0066227170708544,-1.7381298367557803,0.002995742971014747,-0.002821643334048416,0.004263059333648904,20000.0,-5000.0,63958.148640001615
1311.0,153.23825583499473,540.3379730922898,-0.16580751424498885,-1.0086132882101424,-1.7337305758245576,0.005062045206333177,-0.0014454326144286008,0.004345260915327949,20000.0,-5000.0,64021.2272896281
1312.0,153.07456091196042,539.3283767961296,-0.16158133453816959,-1.0105547009605402,-1.7293479448134383,0.0035249427805387444,-0.001545546682232115,0.004334933793336951,20000.0,-5000.0,64084.43343774091
1313.0,152.9150931659184,538.3168636903687,-0.15735318601380754,-1.0124468607006634,-1.7249814884261707,0.00464928088053408,-0.002999492986433822,0.004282494368803267,20000.0,-5000.0,64147.76367294463
1314.0,152.7598545399328,537.3034830747283,-0.15312312019057117,-1.0142896752092838,-1.720630753485387,0.004819163661433452,-0.0005732253231840402,0.004457463294739981,20000.0,-5000.0,64211.21456939052
1315.0,152.60884692553725,536.2882843399501,-0.14889118861037787,-1.0160830546699344,-1.7162952888958232,0.006142793220313946,-0.001662199903507324,0.0040932103596290435,20000.0,-5000.0,64274.78268726914
1316.0,152.46207216271205,535.2713169653885,-0.1446574428379961,-1.0178269116758543,-1.7119746456059501,0.004023536544019367,-0.003517550624972756,0.004068381929213929,20000.0,-5000.0,64338.46457330922
1317.0,152.31953203986126,534.2526305165984,-0.14042193446039164,-1.0195211612341382,-1.707668376567704,0.00462750729482106,-0.0017228089393909755,0.004299709965685934,20000.0,-5000.0,64402.25676128264
1318.0,152.18122829379126,533.2322746429202,-0.1361847150858182,-1.0211657207694884,-1.7033760366943376,0.002693365175287981,-0.0013271769030270932,0.00429746025996943,20000.0,-5000.0,64466.155772515165
1319.0,152.04716260968962,532.2102990750594,-0.13194583634347623,-1.022760510128137,-1.69909718281719,0.00547789401610708,-0.000558013187095718,0.00432221709724385,20000.0,-5000.0,64530.158116403196
1320.0,151.9173366211043,531.1867536226639,-0.12770534988274562,-1.024305451582336,-1.69483137364047,0.0034502194523415436,-0.0018710067123206926,0.004192989999914145,20000.0,-5000.0,64594.260290935475
1321.0,151.79175190992413,530.1616881718948,-0.12346330737261724,-1.025800469833996,-1.6905781696949143,0.0036595249532022592,-0.0006088383186445421,0.004133836063756173,20000.0,-5000.0,64658.458783220616
1322.0,151.67041000635908,529.1351526829959,-0.11921976050106764,-1.0272454920180962,-1.6863371332900592,0.004221132103988297,-0.001225332766650247,0.0042342677059546705,20000.0,-5000.0,64722.750070019334
1323.0,151.553312388922,528.1071971878586,-0.11497476097434856,-1.0286404477059818,-1.6821078284651647,0.002620062234356523,-0.0027377455316013252,0.004169159509866416,20000.0,-5000.0,64787.13061828162
1324.0,151.44046048441038,527.077871787584,-0.11072836051647528,-1.0299852689095133,-1.6778898209390263,0.0044850307264037445,-0.0027917101738686775,0.00440399822221468,20000.0,-5000.0,64851.596885688734
1325.0,151.33185566788904,526.0472266500395,-0.10648061086843086,-1.0312798900842495,-1.6736826780584915,0.005254710640413761,-0.00010185637227622959,0.004161912104207108,20000.0,-5000.0,64916.145321199336
1326.0,151.22749926267352,525.0153120074154,-0.10223156378779663,-1.0325242481322334,-1.6694859687463466,0.004554365702722328,2.4809542387272667e-05,0.004185143544233081,20000.0,-5000.0,64980.77236560005
1327.0,151.12739254031345,523.9821781537751,-0.09798127104781429,-1.033718282404891,-1.6652992634476294,0.002598194207910221,-0.0008329685061448524,0.004487417141528429,20000.0,-5000.0,65045.474452059876
1328.0,151.0315367205779,522.9478754426057,-0.09372978443690272,-1.0348619347066688,-1.661122134075358,0.004123277121650311,0.0004373293506740887,0.004148518721413528,20000.0,-5000.0,65110.24800668839
1329.0,150.93993297143965,521.9124542843617,-0.08947715575817483,-1.0359551492978767,-1.6569541539554482,0.005024996879719688,3.10660774257049e-05,0.004232255370409181,20000.0,-5000.0,65175.08944909762
1330.0,150.85258240906154,520.8759651440099,-0.08522343682858491,-1.036997872896734,-1.6527948977705025,0.002300843791823048,-0.0003063746917940682,0.004234869480533459,20000.0,-5000.0,65239.99519296686
1331.0,150.76948609778248,519.8384585385683,-0.08096867947830333,-1.0379900546821546,-1.648643941502957,0.00313733029006123,-0.001914789447627906,0.0042372824710114375,20000.0,-5000.0,65304.961646611
1332.0,150.69064505010493,518.7999850346456,-0.07671293555017655,-1.0389316462965326,-1.6445008623775805,0.0051679501418580125,0.0008846760273118644,0.00417507796184983,20000.0,-5000.0,65369.98521355119
1333.0,150.61606022668212,517.7605952459752,-0.07245625689915869,-1.039822601848357,-1.6403652388032746,0.0045380604684177265,-0.00030778063639896544,0.004156028586136565,20000.0,-5000.0,65435.06229308851
1334.0,150.54573253630662,516.7203398309489,-0.06819869539151568,-1.0406628779136327,-1.6362366503140966,0.004686490189151943,-0.00121624693663616,0.00413766324405607,20000.0,-5000.0,65500.18928087979
1335.0,150.4796628358991,515.6792694901479,-0.06394030290428532,-1.041452433538268,-1.632114677509853,0.006192939848116556,-0.0014592787513714863,0.004047788784566625,20000.0,-5000.0,65565.3625695155
1336.0,150.41785193049805,514.6374349638724,-0.05968113132462349,-1.0421912302404621,-1.6279989019960346,0.004746901431207197,-0.00044630499426569713,0.004153058980334527,20000.0,-5000.0,65630.57854909959
1337.0,150.36030057324984,513.594887029667,-0.05542123254923581,-1.0428792320124671,-1.6238889063233608,0.004944540152527984,-0.0024007435036858273,0.004357676145190008,20000.0,-5000.0,65695.83360783086
1338.0,150.30700946539957,512.5516764998474,-0.0511606584836386,-1.0435164053221797,-1.6197842739266912,0.007080473968648847,0.00011602322082147811,0.004251573018672156,20000.0,-5000.0,65761.12413258578
1339.0,150.25797925628257,511.50785421902265,-0.04689946104153364,-1.0441027191143348,-1.6156845890636204,0.004039093865235219,-0.0015527286284477847,0.00413492614795368,20000.0,-5000.0,65826.44650950244
1340.0,150.2132105433165,510.46347106161875,-0.042637692144325,-1.044638144812808,-1.6115894367527583,0.003432109063054311,-0.00012447972434542672,0.0041987140541409436,20000.0,-5000.0,65891.79712456503
1341.0,150.17270387199392,509.41857792939703,-0.03837540372026638,-1.0451226563220644,-1.607498402711337,0.004707495630875719,-0.0010016072048571246,0.003981913762839624,20000.0,-5000.0,65957.1723641897
1342.0,150.13645973587597,508.3732257489746,-0.03411264770400635,-1.0455562300275858,-1.6034110732929037,0.0047195813742801586,-0.0006831299718054408,0.004053532948831526,20000.0,-5000.0,66022.56861580988
1343.0,150.1044785765859,507.32746546934186,-0.029849476035963107,-1.0459388447973765,-1.599327035424503,0.003715489291041635,-0.0011444275285041549,0.004199575760914346,20000.0,-5000.0,66087.98226846237
1344.0,150.07676078380405,506.28134805937987,-0.025585940661414952,-1.0462704819833561,-1.595245876543334,0.003189841110845122,-0.0004738434772888375,0.004263461827273321,20000.0,-5000.0,66153.40971337292
1345.0,150.05330669526307,505.23492450537515,-0.021322093530272923,-1.0465511254222406,-1.5911671845338455,0.006666567037897884,0.0017101027680022627,0.003982529212908222,20000.0,-5000.0,66218.84734454167
1346.0,150.0341165967435,504.1882458085354,-0.017057986596171304,-1.0467807614358833,-1.5870905476639838,0.004604177847084437,0.001236546262102279,0.004016133721463362,20000.0,-5000.0,66284.29155932787
1347.0,150.01919072207073,503.1413629825034,-0.012793671815842345,-1.0469593788318434,-1.5830155545215283,0.0035027043946304465,0.00021560836860024728,0.004343587892767672,20000.0,-5000.0,66349.7387590336
1348.0,150.00852925311182,502.0943270508717,-0.008529201148689936,-1.0470869689045799,-1.578941793950467,0.00521722964726256,-0.0001283831906788484,0.004085229696903759,20000.0,-5000.0,66415.18534948626
1349.0,150.00213231977335,501.0471890446942,-0.004264626555908535,-1.0471635254358205,-1.5748688549868433,0.004151072993111457,0.000827059921581746,0.004297760905523629,20000.0,-5000.0,66480.62774162016
1350.0,150.0,500.00000000000006,0.0,-1.0471890446941643,-1.5707963267948974,0.004001591336032898,0.0011753413126066672,0.004098057159877641,20000.0,-5000.0,66546.06235205587
1351.0,150.00213231977335,498.9528109553059,0.004264626555908535,-1.0471635254359626,-1.5667237986029523,0.004849449999431895,-0.0008120996102204626,0.004103115527119001,20000.0,-5000.0,66611.48560367792
1352.0,150.00852925311182,497.90567294912813,0.008529201148689936,-1.047086968904722,-1.5626508596393291,0.0029207683078302333,2.1525085283772782e-05,0.004035648093661776,20000.0,-5000.0,66676.89392621044
1353.0,150.01919072207073,496.85863701749645,0.012793671815842345,-1.0469593788317013,-1.558577099068265,0.004631178723532493,-0.00174201032190557,0.004190700805551522,20000.0,-5000.0,66742.28375679003
1354.0,150.0341165967435,495.81175419146473,0.017057986596171304,-1.0467807614357412,-1.5545021059258088,0.006253975214349928,0.0013723239560463258,0.0042433829703802835,20000.0,-5000.0,66807.65154053646
1355.0,150.05330669526307,494.76507549462497,0.021322093530272923,-1.0465511254223827,-1.5504254690559522,0.004748872803595329,0.002403079472520189,0.003949931279970926,20000.0,-5000.0,66872.99373112018
1356.0,150.07676078380405,493.71865194061996,0.025585940661414952,-1.0462704819834983,-1.5463467770464643,0.0038723733650385416,0.00038943843935516725,0.004036428319081959,20000.0,-5000.0,66938.30679132653
1357.0,150.1044785765859,492.67253453065797,0.029849476035963107,-1.0459388447972344,-1.542265618165288,0.0037358867937846048,-0.0018532082065506749,0.0041955313404281195,20000.0,-5000.0,67003.58719361699
1358.0,150.13645973587597,491.6267742510255,0.03411264770400635,-1.0455562300274437,-1.5381815802968868,0.0038361477720753106,0.0010414331132744719,0.004069695603622172,20000.0,-5000.0,67068.83142068629
1359.0,150.17270387199392,490.5814220706031,0.03837540372026638,-1.045122656322178,-1.5340942508784619,0.003998362354619204,-0.0004813478249809216,0.004028291344378068,20000.0,-5000.0,67134.03596601603
1360.0,150.2132105433165,489.53652893838114,0.04263769214435342,-1.04463814481295,-1.530003216837015,0.0038690523238500167,-0.00018001584835378311,0.004217684220889979,20000.0,-5000.0,67199.19733442398
1361.0,150.25797925628262,488.4921457809772,0.04689946104153364,-1.0441027191142211,-1.5259080645261696,0.005214586629321042,0.0012126046230336615,0.004233599515175161,20000.0,-5000.0,67264.312042609
1362.0,150.30700946539957,487.4483235001527,0.05116065848361018,-1.0435164053220376,-1.5218083796631243,0.0024580843060277874,0.0008765186118056292,0.004046666763963142,20000.0,-5000.0,67329.37661969141
1363.0,150.36030057324984,486.4051129703331,0.05542123254926423,-1.0428792320126092,-1.517703747266414,0.0051568477619001575,0.0001548800718205388,0.004133522913132266,20000.0,-5000.0,67394.3876077486
1364.0,150.4178519304981,485.3625650361275,0.059681131324651915,-1.0421912302405758,-1.5135937515937394,0.0038646033622963816,3.7710439618001985e-05,0.003963743591784497,20000.0,-5000.0,67459.34156234539
1365.0,150.47966283589915,484.32073050985196,0.0639403029042569,-1.0414524335381259,-1.5094779760799608,0.0046508651424623775,0.0008950648267294647,0.0040083598018276784,20000.0,-5000.0,67524.23505305912
1366.0,150.54573253630662,483.2796601690512,0.06819869539148726,-1.0406628779134905,-1.5053560032757167,0.0030857379222903806,0.0003890093055980788,0.004140604302031964,20000.0,-5000.0,67589.06466399957
1367.0,150.61606022668212,482.239404754025,0.07245625689915869,-1.0398226018484706,-1.5012274147865279,0.0056390987491704275,-0.0002881597555169128,0.004135982050667532,20000.0,-5000.0,67653.82699432236
1368.0,150.69064505010493,481.2000149653543,0.07671293555020497,-1.0389316462966747,-1.4970917912121973,0.005551861367507245,0.0005703572226577022,0.004020025869522693,20000.0,-5000.0,67718.51865873735
1369.0,150.76948609778253,480.1615414614316,0.08096867947827491,-1.0379900546820409,-1.4929487120868568,0.0052533709386540116,0.0013201147506537838,0.004058656909377392,20000.0,-5000.0,67783.13628800999
1370.0,150.85258240906148,479.1240348559902,0.08522343682855649,-1.0369978728966487,-1.488797755819313,0.0026786624648402783,0.0008321979600500515,0.00402366546349444,20000.0,-5000.0,67847.67652945677
1371.0,150.93993297143965,478.0875457156383,0.08947715575820325,-1.0359551492980188,-1.4846384996343314,0.005115585999336198,-0.0004022951350199622,0.004219778643393161,20000.0,-5000.0,67912.13604743383
1372.0,151.0315367205779,477.05212455739417,0.09372978443693114,-1.0348619347068109,-1.4804705195144223,0.004673168598341401,0.0021472112946853686,0.00392972167342475,20000.0,-5000.0,67976.51152381898
1373.0,151.1273925403135,476.0178218462247,0.09798127104778587,-1.0337182824047488,-1.47629339014218,0.002581163083777404,-0.0016799377481965662,0.004057075135095498,20000.0,-5000.0,68040.7996584862
1374.0,151.22749926267346,474.98468799258467,0.10223156378776821,-1.0325242481320913,-1.4721066848434623,0.004224396930544719,0.0007549084142513832,0.003961795327176754,20000.0,-5000.0,68104.99716977347
1375.0,151.33185566788904,473.9527733499605,0.10648061086845928,-1.0312798900843916,-1.4679099755312903,0.004627569754233218,0.0006243887577077828,0.004253638859996998,20000.0,-5000.0,68169.10079494302
1376.0,151.44046048441038,472.9221282124159,0.11072836051647528,-1.029985268909627,-1.4637028326507804,0.004825478032076775,0.0014738497909956637,0.003990093699682518,20000.0,-5000.0,68233.10729063346
1377.0,151.553312388922,471.89280281214127,0.11497476097434856,-1.0286404477058397,-1.459484825124615,0.004430078812133548,0.0019541022711775475,0.004227571984274972,20000.0,-5000.0,68297.01343330483
1378.0,151.67041000635908,470.8648473170042,0.11921976050106764,-1.0272454920179541,-1.4552555202997202,0.004547198229357626,0.0025919959510280624,0.004437509872548248,20000.0,-5000.0,68360.81601967514
1379.0,151.79175190992413,469.83831182810536,0.12346330737264566,-1.0258004698341097,-1.4510144838948666,0.005775574980640759,0.0007290106449615617,0.004453644377510992,20000.0,-5000.0,68424.51186714899
1380.0,151.91733662110437,468.813246377336,0.12770534988274562,-1.0243054515824497,-1.4467612799493383,0.005516526485694381,0.002130114824676335,0.004036633340929848,20000.0,-5000.0,68488.09781423755
1381.0,152.04716260968962,467.78970092494046,0.1319458363434478,-1.0227605101280233,-1.4424954707726183,0.0012575087760356685,0.0017735463545155894,0.004309159274938526,20000.0,-5000.0,68551.57072097034
1382.0,152.18122829379126,466.76772535707994,0.1361847150858182,-1.0211657207693747,-1.438216616895443,0.003907864613212966,-0.00016058718336018447,0.00416354455028162,20000.0,-5000.0,68614.92746929804
1383.0,152.31953203986126,465.7473694834017,0.14042193446039164,-1.0195211612342803,-1.4339242770221097,0.004065101729894373,0.0036462558786208134,0.004152055463139314,20000.0,-5000.0,68678.16496348662
1384.0,152.46207216271205,464.7286830346114,0.1446574428380245,-1.017826911675968,-1.4296180079838332,0.002412177701837482,0.00022250801387512322,0.004299452449499941,20000.0,-5000.0,68741.28013050219
1385.0,152.6088469255373,463.7117156600498,0.14889118861034945,-1.0160830546697923,-1.425297364693979,0.004330803401579326,0.0022049592891366515,0.00447964154592418,20000.0,-5000.0,68804.2699203869
1386.0,152.75985453993275,462.6965169252718,0.15312312019051433,-1.0142896752091417,-1.420961900104442,0.005529896980047857,0.0022237147202280854,0.00441710571465235,20000.0,-5000.0,68867.13130662551
1387.0,152.91509316591834,461.6831363096315,0.15735318601383597,-1.0124468607008055,-1.4166111651636182,0.0030989111075871456,0.002154191359347923,0.0042703376798894155,20000.0,-5000.0,68929.86128650222
1388.0,153.07456091196042,460.6716232038702,0.161581334538198,-1.0105547009607108,-1.4122447087763557,0.004577072328152265,0.0014023509602418315,0.004461554352474721,20000.0,-5000.0,68992.45688144807
1389.0,153.23825583499473,459.66202690771007,0.16580751424498885,-1.0086132882100287,-1.4078620777652195,0.003272573647636261,0.0028264606988372305,0.004114042263779269,20000.0,-5000.0,69054.91513737869
1390.0,153.4061759404504,458.6543966274501,0.1700316736395564,-1.0066227170707407,-1.4034628168340237,0.0035242326616641475,0.0003920819964183845,0.004314881003839993,20000.0,-5000.0,69117.23312502187
1391.0,153.57831918227384,457.6487814735686,0.17425376125186176,-1.004583084560494,-1.3990464685330275,0.0057577403962042915,0.0019956415250271713,0.0043234425347609675,20000.0,-5000.0,69179.40794023531
1392.0,153.75468346295412,456.64523045832914,0.17847372563704766,-1.0024944900878268,-1.3946125732263437,0.003654534293707365,0.0015265090104173186,0.004452565559824581,20000.0,-5000.0,69241.43670431411
1393.0,153.93526663354794,455.64379249339294,0.18269151537620587,-1.0003570354479052,-1.3901606690614356,0.004697448106869051,0.0014573396179569575,0.004436108951023495,20000.0,-5000.0,69303.31656428824
1394.0,154.12006649370653,454.6445163874333,0.18690707907691717,-0.9981708248174925,-1.385690291941012,0.0022680731578436143,0.002656498349643838,0.004462387351353579,20000.0,-5000.0,69365.04469320926
1395.0,154.30908079170177,453.64745084375795,0.19112036537387667,-0.9959359647494068,-1.3812009754971681,0.006149215834791578,0.003379872117411186,0.004477457702543604,20000.0,-5000.0,69426.618290427
1396.0,154.50230722445428,452.6526444579345,0.1953313229294622,-0.9936525641673484,-1.3766922510681874,0.004836617862873471,0.0019505769215091633,0.004521429263773994,20000.0,-5000.0,69488.03458185526
1397.0,154.6997434375607,451.66014571542325,0.19953990043450176,-0.9913207343610111,-1.3721636476778802,0.004017534207278824,0.0031680148303019897,0.004605438932333271,20000.0,-5000.0,69549.29082022712
1398.0,154.9013870253233,450.6700029892125,0.2037460466088703,-0.9889405889807392,-1.3676146920178247,0.004803560914089882,0.00245598303277158,0.004577799074568997,20000.0,-5000.0,69610.38428533952
1399.0,155.10723553077844,449.6822645374618,0.20794971020194453,-0.9865122440313314,-1.3630449084325205,0.0027359697603137603,0.0015238080895440054,0.004545343726430304,20000.0,-5000.0,69671.31228428657
1400.0,155.31728644572718,448.69697850114983,0.21215083999345552,-0.984035817867067,-1.358453818907496,0.0054298493755274005,0.0022320969580945107,0.004651563813024291,20000.0,-5000.0,69732.0721516827
1401.0,155.53153721076535,447.71419290172764,0.21634938479388666,-0.9815114311851971,-1.353840943060793,0.003860233214153742,0.0022367944828474325,0.004725965112600833,20000.0,-5000.0,69792.66124987394
1402.0,155.74998521531495,446.73395563877943,0.22054529344532625,-0.9789392070207157,-1.349205798137678,0.003982301637121308,0.0018714478069099042,0.004577900971869761,20000.0,-5000.0,69853.0769691389
1403.0,155.972627797656,445.7563144876862,0.22473851482200757,-0.976319270740504,-1.3445478990091053,0.0036804554704150012,0.0030894159989939014,0.0046621888881195825,20000.0,-5000.0,69913.31672787807
1404.0,156.19946224495897,444.7813170972984,0.22892899783082044,-0.973651750036538,-1.3398667581737396,0.0035851223986561255,0.0029353156839168754,0.004836401479416231,20000.0,-5000.0,69973.37797279234
1405.0,156.43048579331764,443.80901098761314,0.23311669141199332,-0.9709367749197781,-1.335161885763867,0.004908836594059555,0.001084118207286591,0.004580888848128241,20000.0,-5000.0,70033.25817905006
1406.0,156.66569562778295,442.83944354745887,0.23730154453986074,-0.9681744777142569,-1.3304327895553774,0.004449589506252897,0.0010680523599219385,0.0049641798518056885,20000.0,-5000.0,70092.9548504427
1407.0,156.90508888239737,441.8726620321846,0.24148350622328962,-0.9653649930507129,-1.3256789749822668,0.004858407816389901,0.003274746441287118,0.0046011525115521165,20000.0,-5000.0,70152.4655195297
1408.0,157.14866264022953,440.90871356135744,0.24566252550644663,-0.9625084578594851,-1.3208999451551164,0.004168374806420737,0.002031968783413333,0.0047492644227449116,20000.0,-5000.0,70211.78774777135
1409.0,157.39641393341026,439.94764511646565,0.24983855146925293,-0.9596050113637489,-1.3160952008846345,0.004708309828451929,0.0032410001974207798,0.004700586030180794,20000.0,-5000.0,70270.91912565073
1410.0,157.64833974316804,438.98950353862995,0.2540115332280948,-0.9566547950734332,-1.3112642407100255,0.0037357677462411263,0.003785817075633301,0.005114339518562452,20000.0,-5000.0,70329.85727278396
1411.0,157.90443699986645,438.0343355263188,0.25818141993659083,-0.953657952778201,-1.3064065609321944,0.00648757449858043,0.0016980977404011338,0.00480917238278366,20000.0,-5000.0,70388.59983801917
1412.0,158.16470258304122,437.08218763307354,0.2623481607859901,-0.9506146305398886,-1.3015216556525089,0.002534256094189725,0.0015982743141019309,0.004836961540117479,20000.0,-5000.0,70447.1444995241
1413.0,158.42913332143843,436.133106265239,0.26651170500582566,-0.9475249766854574,-1.2966090168170112,0.005473487405855958,0.0048544083477587065,0.004881005324926047,20000.0,-5000.0,70505.48896486202
1414.0,158.69772599305287,435.18713767970263,0.27067200186462514,-0.9443891418002863,-1.2916681342664889,0.005581479923461234,0.0035245361434075584,0.004967059181226614,20000.0,-5000.0,70563.63097105626
1415.0,158.97047732516768,434.24432798163843,0.27482900067050764,-0.9412072787208388,-1.2866984957925598,0.00326894950531675,0.0027687255004704325,0.004943739411766177,20000.0,-5000.0,70621.56828464355
1416.0,159.24738399439389,433.30472312226095,0.2789826507717805,-0.9379795425265911,-1.2816995871998635,0.006470734533239047,0.00227915377738511,0.004997401694396115,20000.0,-5000.0,70679.2987017156
1417.0,159.52844262671124,432.36836889658525,0.2831329015574795,-0.9347060905325577,-1.2766708923750474,0.005183987357907784,0.002765293895413476,0.004608295066272792,20000.0,-5000.0,70736.82004794934
1418.0,159.81364979750884,431.43531094119584,0.2872797024580791,-0.9313870822822423,-1.2716118933625697,0.005155183173060327,0.0021033289339534526,0.0050814652543794536,20000.0,-5000.0,70794.13017862578
1419.0,160.1030020316274,430.50559473202077,0.29142300294617485,-0.92802267953968,-1.2665220704474063,0.004170672381964268,0.00430590121180949,0.005107693134661363,20000.0,-5000.0,70851.22697863754
1420.0,160.3964958034012,429.5792655821165,0.29556275253702324,-0.9246130462810811,-1.2614009022451798,0.003912000631706858,0.0026242259217221743,0.0052652756455347505,20000.0,-5000.0,70908.10836248485
1421.0,160.69412753670144,428.6563686394586,0.2996989007889681,-0.9211583486869017,-1.2562478658002327,0.003916505309022715,0.004614588098522486,0.005330788458903622,20000.0,-5000.0,70964.77227426044
1422.0,160.99589360497913,427.7369488847427,0.3038313973043216,-0.917658755134255,-1.2510624366913792,0.0045368567713808166,0.0031052411538373494,0.005178722634251751,20000.0,-5000.0,71021.21668762286
1423.0,161.3017903313101,426.8210511291901,0.3079601917300181,-0.9141144361886404,-1.2458440891459897,0.005584365363860588,0.0024813521687027246,0.005335803882655416,20000.0,-5000.0,71077.43960575889
1424.0,161.61181398843917,425.9087200123654,0.3120852337580118,-0.9105255645951047,-1.2405922961627682,0.004311735100021723,0.003167641878917339,0.00513283138628942,20000.0,-5000.0,71133.43906133449
1425.0,161.9259607988261,424.9999999999999,0.31620647312593064,-0.9068923152699995,-1.2353065296434194,0.0031712727421972925,0.0009258165226429288,0.005397718153489759,20000.0,-5000.0,71189.21311643466
1426.0,162.24422693469103,424.0949353818254,0.3203238596176732,-0.9032148652927958,-1.2299862605336827,0.004972964680367925,0.003573842972593824,0.005267134141583912,20000.0,-5000.0,71244.75986249236
1427.0,162.56660851806146,423.1935702694143,0.3244373430642895,-0.8994933938974441,-1.224630958973558,0.0050696439376263416,0.0035664415456495,0.005226875477730185,20000.0,-5000.0,71300.07742020614
1428.0,162.8931016208196,422.2959485940305,0.32854687334435084,-0.8957280824631368,-1.219240094457776,0.004788474279106534,0.004644997766700963,0.00538600735088347,20000.0,-5000.0,71355.16393944721
1429.0,163.22370226475016,421.402114104488,0.33265240038440425,-0.8919191145056402,-1.213813136006685,0.004878932815520805,0.0018686589739753882,0.0056181081424402125,20000.0,-5000.0,71410.01759915511
1430.0,163.55840642158842,420.5121103650192,0.3367538741598821,-0.888066675668739,-1.2083495523473964,0.003817615635935446,0.005082598371372096,0.005504500461735519,20000.0,-5000.0,71464.63660722297
1431.0,163.89721001306992,419.62598075315054,0.34085124469569905,-0.8841709537150848,-1.2028488121060392,0.0031290037277245638,0.004770816826183198,0.00570427088077101,20000.0,-5000.0,71519.01920037209
1432.0,164.2401089109798,418.74376845758906,0.344944462066735,-0.8802321385165897,-1.1973103840113253,0.0031880624511952606,0.005262581836557224,0.005465133836899223,20000.0,-5000.0,71573.16364401541
1433.0,164.5870989372034,417.86551647611736,0.3490334763983185,-0.8762504220453593,-1.191733737110049,0.0023857570287028973,0.003948231815055203,0.00572534039166788,20000.0,-5000.0,71627.06823211095
1434.0,164.93817586377645,416.99126761349834,0.3531182378671076,-0.8722259983646836,-1.18611834099433,0.004329072796680688,0.0051002863443516105,0.0055545502370035445,20000.0,-5000.0,71680.73128700448
1435.0,165.2933354129376,416.121064479388,0.35719869670163007,-0.8681590636194869,-1.1804636660414647,0.003991483213409993,0.0025577732915274456,0.005702387244731125,20000.0,-5000.0,71734.15115926205
1436.0,165.6525732571797,415.25494948625936,0.3612748031827664,-0.8640498160264372,-1.1747691836665364,0.003616251245325034,0.004871981947848618,0.005741391294531084,20000.0,-5000.0,71787.32622749195
1437.0,166.01588501930314,414.3929648473351,0.365346507644432,-0.8598984558641973,-1.1690343665880938,0.0009951849058750092,0.003370188554734571,0.0058368842332229415,20000.0,-5000.0,71840.25489815688
1438.0,166.38326627246857,413.53515257453097,0.36941376047414565,-0.8557051854642737,-1.1632586891077785,0.0027676020905857313,0.0024964139052508186,0.005827314348556809,20000.0,-5000.0,71892.93560537591
1439.0,166.75471254025143,412.6815544764066,0.37347651211382527,-0.8514702092009543,-1.1574416274033195,0.005226321282729827,0.00308644863789112,0.005746789347718158,20000.0,-5000.0,71945.36681071643
1440.0,167.13021929669623,411.83221215612906,0.377534713060129,-0.8471937334809638,-1.1515826598361623,0.0033645886081030613,0.004302874460341047,0.005988821751966458,20000.0,-5000.0,71997.54700297644
1441.0,167.5097819663717,410.98716700944465,0.38158831386502357,-0.8428759667334873,-1.1456812672737084,0.004426346303797291,0.0034809103168756596,0.006136572858702496,20000.0,-5000.0,72049.47469795708
1442.0,167.89339592442627,410.1464602226621,0.3856372651366655,-0.8385171194004499,-1.139736933426406,0.0026000771786886213,0.004770455155430306,0.005894011862755672,20000.0,-5000.0,72101.14843822573
1443.0,168.28105649664502,409.31013277064375,0.3896815175399979,-0.8341174039260864,-1.1337491452001982,0.005538351157269764,0.0025391998620366927,0.005783277922996682,20000.0,-5000.0,72152.56679286943
1444.0,168.67275895950627,408.4782254148099,0.3937210217970346,-0.8296770347461973,-1.1277173930648572,0.00388729487091398,0.0022480824059453496,0.006115609614065121,20000.0,-5000.0,72203.72835723915
1445.0,169.0684985402391,407.65077870115135,0.3977557286876845,-0.8251962282782586,-1.1216411714382306,0.004333969814257953,0.005928407874201153,0.006057834885765073,20000.0,-5000.0,72254.63175268505
1446.0,169.46827041688164,406.8278329582534,0.4017855890502915,-0.8206752029102233,-1.1155199790865389,0.006446577764206866,0.0054811144338726145,0.006127746097034137,20000.0,-5000.0,72305.27562628235
1447.0,169.87206971833967,406.0094282953309,0.4058105537822314,-0.8161141789904889,-1.1093533195418364,0.0055998210647928825,0.003489483521569525,0.006258278571457444,20000.0,-5000.0,72355.65865054868
1448.0,170.2798915244461,405.1956046002724,0.40983057384067934,-0.8115133788171249,-1.1031407015359307,0.003698648292049552,0.004617456095815354,0.0061795150967466975,20000.0,-5000.0,72405.77952315244
1449.0,170.69173086602103,404.38640153769666,0.41384560024300754,-0.8068730266267039,-1.0968816394516998,0.003395465769187503,0.005720457738019309,0.006249343932120856,20000.0,-5000.0,72455.63696661274
1450.0,171.10758272493212,403.581858547019,0.41785558406718337,-0.8021933485831596,-1.0905756537918905,0.0036688217100682243,0.00513525940961906,0.006317327801726693,20000.0,-5000.0,72505.22972799068
1451.0,171.5274420341554,402.78201484053034,0.42186047645290614,-0.7974745727673849,-1.08422227166527,0.004532694107053301,0.004892384304005307,0.006558700602997069,20000.0,-5000.0,72554.5565785727
1452.0,171.95130367783793,401.98690940148424,0.42586022860194817,-0.7927169291661471,-1.0778210272911388,0.0038877085367782192,0.00591608859815033,0.006429115564417266,20000.0,-5000.0,72603.61631354535
1453.0,172.3791624913593,401.19658098219804,0.42985479177852426,-0.7879206496602649,-1.0713714625214952,0.0035808302446601946,0.004055428309286764,0.006321451258537692,20000.0,-5000.0,72652.40775166257
1454.0,172.81101326139498,400.4110681021637,0.4338441173100591,-0.7830859680133813,-1.0648731273813226,0.005512774367910671,0.004886195234911587,0.006375353499790762,20000.0,-5000.0,72700.92973490477
1455.0,173.2468507259794,399.6304090461713,0.43782815658786944,-0.7782131198610784,-1.0583255806274707,0.0038625761964233814,0.004873247354718395,0.006589551367948439,20000.0,-5000.0,72749.18112813032
1456.0,173.68666957457071,398.85464186244155,0.44180686106781764,-0.7733023426993384,-1.0517283903256158,0.0063679357425050305,0.004645907921062501,0.0064828365244300684,20000.0,-5000.0,72797.16081871984
1457.0,174.13046444811505,398.0838043607726,0.4457801822706813,-0.7683538758724637,-1.0450811344456024,0.0040649914444575745,0.00456173396677464,0.006479685216605954,20000.0,-5000.0,72844.8677162129
1458.0,174.57822993911208,397.3179341106966,0.4497480717826079,-0.7633679605615384,-1.0383834014753883,0.005822152539864974,0.005080312115384284,0.006801605363325559,20000.0,-5000.0,72892.30075193758
1459.0,175.02996059168026,396.5570684396495,0.45371048125616653,-0.7583448397731161,-1.0316347910528794,0.004331311936079555,0.005077390153538753,0.006858719715037019,20000.0,-5000.0,72939.45887863326
1460.0,175.4856509016244,395.8012444311504,0.4576673624107741,-0.7532847583271405,-1.0248349146161644,0.004955718550581383,0.003987914032658236,0.0067802645036836124,20000.0,-5000.0,72986.34107006638
1461.0,175.9452953165018,395.05049892299525,0.461618667033008,-0.7481879628448382,-1.0179833960718816,0.0031947864261545646,0.0059490181609214605,0.006913762563547583,20000.0,-5000.0,73032.94632063973
1462.0,176.40888823569043,394.3048685054607,0.46556434697743043,-0.7430547017367246,-1.0110798724809742,0.0030548039417856564,0.00413577950038557,0.006952917389376067,20000.0,-5000.0,73079.27364499532
1463.0,176.87642401045667,393.5643895195218,0.46950435416718506,-0.7378852251906096,-1.0041239947622014,0.004415311018382867,0.004960462267629105,0.007056568667681371,20000.0,-5000.0,73125.32207761073
1464.0,177.3478969440248,392.8290980550795,0.47343864059456564,-0.7326797851596893,-0.9971154284129191,0.004959648013310858,0.004916158255366434,0.0071097045088832,20000.0,-5000.0,73171.09067238974
1465.0,177.8233012916458,392.0990299492024,0.4773671583216128,-0.7274386353498414,-0.9900538542461054,0.003967482336372484,0.0056313592752800035,0.006766640366235197,20000.0,-5000.0,73216.57850224673
1466.0,178.30263126066802,391.3742207843798,0.4812898594804267,-0.7221620312070911,-0.9829389691440058,0.0025817239805597464,0.0030900118691626582,0.007112002911662857,20000.0,-5000.0,73261.78465868563
1467.0,178.78588101060666,390.65470588678824,0.485206696274048,-0.7168502299056172,-0.9757704868272637,0.0024990048701425205,0.006255952335498359,0.007259331577033388,20000.0,-5000.0,73306.70825137309
1468.0,179.27304465321612,389.9405203245686,0.4891176209773107,-0.7115034903353887,-0.9685481386388978,0.002423505609733525,0.0046599053362344186,0.007198750392632038,20000.0,-5000.0,73351.3484077065
1469.0,179.76411625256128,389.23169890611746,0.4930225859368136,-0.706122073088892,-0.9612716743428229,0.0020633650778340866,0.006667572579336927,0.007308105742967515,20000.0,-5000.0,73395.70427237666
1470.0,180.25908982508975,388.5282761783908,0.49692154357160234,-0.7007062404486248,-0.9539408629356452,0.004009811667912051,0.004935544007545853,0.007450736884327601,20000.0,-5000.0,73439.77500692582
1471.0,180.75795933970448,387.8302864252202,0.500814446374136,-0.6952562563747335,-0.9465554934708496,0.005060068700613778,0.00541612221001333,0.00742273077998708,20000.0,-5000.0,73483.55978930029
1472.0,181.26071871783802,387.13776366564133,0.5047012469107415,-0.6897723864917964,-0.9391153758944534,0.003869771262213045,0.007491308114759919,0.007653673274490456,20000.0,-5000.0,73527.05781339925
1473.0,181.76736183352597,386.4507416522366,0.5085818978220118,-0.6842548980759489,-0.9316203418913659,0.00152637683084167,0.0052456892472691075,0.007661650298895046,20000.0,-5000.0,73570.26828861846
1474.0,182.27788251348204,385.76925386948943,0.512456351823289,-0.6787040600416674,-0.9240702457406521,0.0036729120087969553,0.006855970139526857,0.007563055949381001,20000.0,-5000.0,73613.19043939031
1475.0,182.79227453717255,385.0933335321533,0.5163245617055452,-0.6731201429289229,-0.9164649651785864,0.003695728504404947,0.005640933411621401,0.007608480181959979,20000.0,-5000.0,73655.82350471927
1476.0,183.31053163689313,384.4230135836316,0.520186480336065,-0.6675034188901066,-0.9088044022682388,0.006038907412774209,0.006065089481117467,0.007336472220687588,20000.0,-5000.0,73698.16673771424
1477.0,183.83264749784468,383.75832669437307,0.5240420606585587,-0.6618541616763878,-0.9010884842741435,0.002336742316613092,0.005738153720971791,0.0077033241129492195,20000.0,-5000.0,73740.21940511638
1478.0,184.35861575821025,383.0993052602788,0.5278912556938167,-0.6561726466245545,-0.8933171645401272,0.0034396147312670575,0.0065794003418167026,0.0076320189175620445,20000.0,-5000.0,73781.98078682431
1479.0,184.8884300092323,382.44598140112396,0.5317340185406465,-0.6504591506435418,-0.8854904233682325,0.005613869942952063,0.005016289922765044,0.007881750514315857,20000.0,-5000.0,73823.45017541549
1480.0,185.42208379529154,381.7983869589917,0.5355703023763567,-0.6447139522012719,-0.8776082688980272,0.004301066968195886,0.004737349324692388,0.007928708989014306,20000.0,-5000.0,73864.62687566495
1481.0,185.95957061398502,381.1565534967214,0.5394000604570124,-0.6389373313106148,-0.8696707379832138,0.004412403264035128,0.005127974844918597,0.008051063852248911,20000.0,-5000.0,73905.51020406075
1482.0,186.50088391620557,380.5205122963705,0.5432232461180604,-0.6331295695157451,-0.8616778970638556,0.0039390614256852455,0.005926904693902289,0.00819281534808068,20000.0,-5000.0,73946.09948831705
1483.0,187.04601710622114,379.8902943576899,0.5470398127752674,-0.6272909498788124,-0.8536298430320551,0.004156425436518348,0.005624221105566772,0.008072354487434071,20000.0,-5000.0,73986.39406688469
1484.0,187.5949635417561,379.2659303966129,0.5508497139250323,-0.621421756966015,-0.8455267040889383,0.004615377531972848,0.006623130574246893,0.008412035185530246,20000.0,-5000.0,74026.3932884593
1485.0,188.1477165340712,378.6474508437579,0.5546529031449268,-0.6155222768335591,-0.8373686405901136,0.0029578210222012255,0.007271599664251172,0.008214116732406431,20000.0,-5000.0,74066.09651148747
1486.0,188.70426934804595,378.03488584294576,0.5584493340941776,-0.6095927970136188,-0.8291558458774542,0.004706343341601316,0.004929314668348944,0.008078348468275504,20000.0,-5000.0,74105.50310367097
1487.0,189.26461520225956,377.42826524973066,0.5622389605144349,-0.6036336065006935,-0.8208885470946216,0.002358068812142788,0.005210482109002157,0.008225052737575555,20000.0,-5000.0,74144.61244146929
1488.0,189.82874726907482,376.82761862994437,0.5660217362305104,-0.5976449957374541,-0.812567005983195,0.004120880022560725,0.004509267205331459,0.00830251177541355,20000.0,-5000.0,74183.42390960065
1489.0,190.39665867472058,376.23297525825575,0.5697976151503497,-0.591627256600276,-0.8041915196574027,0.003958325343182249,0.008144053827178553,0.008475368748559916,20000.0,-5000.0,74221.93690054158
1490.0,190.96834249937552,375.6443641167438,0.5735665512661114,-0.5855806823853698,-0.7957624213536907,0.0031244030743166782,0.00637774708561647,0.008338815907345204,20000.0,-5000.0,74260.15081402555
1491.0,191.5437917772528,375.061813893485,0.5773284986543672,-0.5795055677940297,-0.7872800811527177,0.003734833963962162,0.006588304223551696,0.00847198312011111,20000.0,-5000.0,74298.06505654051
1492.0,192.12299949668426,374.48535298115576,0.5810834114769818,-0.5734022089188215,-0.7787449066709287,0.0031038360874533974,0.004723311438497111,0.008541494186344001,20000.0,-5000.0,74335.67904082584
1493.0,192.70595860020677,373.91500947564737,0.5848312439817107,-0.5672709032289731,-0.770157343718035,0.0026295369047597667,0.006143912714819564,0.008558210757297695,20000.0,-5000.0,74372.99218536846
1494.0,193.29266198464768,373.3508111746978,0.5885719505023701,-0.5611119495556522,-0.7615178769179685,0.00336930754947049,0.006702323041755682,0.00876529625735624,20000.0,-5000.0,74410.00391389888
1495.0,193.8831025012115,372.79278557653606,0.5923054854594625,-0.5549256480774716,-0.7528270302897128,0.0025816101029786384,0.0059369181298031875,0.008795402229187357,20000.0,-5000.0,74446.71365488684
1496.0,194.4772729555666,372.24095987854287,0.5960318033610861,-0.5487123003060219,-0.7440853677848542,0.004058445199021145,0.007345617190819907,0.008910738289176224,20000.0,-5000.0,74483.12084103709
1497.0,195.07516610793368,371.695360975924,0.5997508588033327,-0.5424722090712351,-0.7352934937791809,0.002519137474411906,0.008657967379397098,0.0087758041871486,20000.0,-5000.0,74519.2249087853
1498.0,195.67677467317327,371.1560154604004,0.603462606470714,-0.5362056785063487,-0.726452053514487,0.004448635709892306,0.005294507934252949,0.009014288179278369,20000.0,-5000.0,74555.02529779419
1499.0,196.2820913208751,370.6229496189113,0.6071670011366166,-0.5299130140330988,-0.7175617334880112,0.0024717774180897335,0.005242451672408965,0.008746060325823434,20000.0,-5000.0,74590.52145045066
1500.0,196.8911086754465,370.0961894323342,0.6108639976640973,-0.5235945223470821,-0.7086232617861188,0.003104241971944407,0.005418251318302671,0.008790817316657363,20000.0,-5000.0,74625.71281136308
1501.0,197.5038193162033,369.57576057421716,0.6145535510066793,-0.5172505114027786,-0.6996374083590035,0.0030361265958316523,0.00802730773672281,0.00885933886476941,20000.0,-5000.0,74660.59882685995
1502.0,198.12021577745986,369.06168840952864,0.6182356162082385,-0.5108812903983733,-0.6906049852342776,0.005056653126187634,0.0074658791091950895,0.009056417693309374,20000.0,-5000.0,74695.17894448945
1503.0,198.74029054861978,368.5539979934204,0.6219101484037992,-0.50448716976058,-0.6815268466652751,0.004014295155132907,0.0062654450619376864,0.009248937600459113,20000.0,-5000.0,74729.45261252053
1504.0,199.36403607426746,368.0527140700075,0.6255771028204435,-0.49806846112971925,-0.6724038892122126,0.003442907783621767,0.00646887382715986,0.009070585045202025,20000.0,-5000.0,74763.41927944488
1505.0,199.99144475426067,367.55786107116097,0.6292364347775674,-0.49162547734482587,-0.6632370517539588,0.004174242610827429,0.005605634614089259,0.009129456531991315,20000.0,-5000.0,74797.07839348135
1506.0,200.6225089438226,367.06946311531783,0.632888099687392,-0.485158532427846,-0.6540273154262495,0.0014560081567883227,0.007404531689977909,0.009204014620592251,20000.0,-5000.0,74830.42940208153
1507.0,201.25722095363545,366.5875440063053,0.6365320530553902,-0.4786679415683466,-0.6447757034856643,0.0035952098940554345,0.0061070999007099445,0.009342711839631968,20000.0,-5000.0,74863.4717514377
1508.0,201.89557304993338,366.11212723218114,0.6401682504810822,-0.4721540211085937,-0.6354832810967576,0.005710016282688669,0.006254907307537843,0.0092533288531574,20000.0,-5000.0,74896.20488599267
1509.0,202.53755745459762,365.6432359640881,0.6437966476587178,-0.46561708852806305,-0.6261511550398435,0.0037621354722306138,0.007181513426044899,0.009285573070941895,20000.0,-5000.0,74928.62824795238
1510.0,203.1831663452508,365.180893055125,0.6474172003775323,-0.4590574624276087,-0.6167804733381376,0.00368724847123932,0.006375269638425789,0.009223325294442619,20000.0,-5000.0,74960.74127680049
1511.0,203.83239185535268,364.7251210392329,0.6510298645219734,-0.4524754625139735,-0.6073724248031444,0.004178834846466758,0.006348626001225047,0.009355559366159453,20000.0,-5000.0,74992.54340881616
1512.0,204.48522607429476,364.27594213009706,0.6546345960728388,-0.4458714095845835,-0.5979282384963612,0.004532309153250999,0.006625918325517611,0.009606935424180018,20000.0,-5000.0,75024.03407659422
1513.0,205.14166104749836,363.8333782200637,0.6582313511078439,-0.439245625511802,-0.5884491831065871,0.0015150752749249156,0.007463778947640148,0.009507057616183466,20000.0,-5000.0,75055.21270856884
1514.0,205.80168877651045,363.39745087907346,0.6618200858016507,-0.432598433226957,-0.5789365662424223,0.0018348268875593603,0.00837033797506079,0.009437416761928278,20000.0,-5000.0,75086.07872853997
1515.0,206.46530121910166,362.9681813536098,0.665400756426493,-0.4259301567047089,-0.5693917336393806,0.0037953517473296346,0.007287650995138097,0.009712805729467698,20000.0,-5000.0,75116.63155520344
1516.0,207.13249028936343,362.54559056566404,0.6689733193530287,-0.41924112094747557,-0.5598160682815727,0.002824906806845337,0.007534821510818825,0.009518148903807812,20000.0,-5000.0,75146.87060168429
1517.0,207.80324785780772,362.12969911171484,0.672537731050852,-0.41253165196954455,-0.5502109894382381,0.004925020471670604,0.006511643419443532,0.009794299900069182,20000.0,-5000.0,75176.79527507424
1518.0,208.47756575146514,361.72052726172495,0.6760939480887487,-0.4058020767809296,-0.5405779516157135,0.0032242686732900996,0.00600324671848408,0.00981949693645825,20000.0,-5000.0,75206.4049759724
1519.0,209.15543575398522,361.318094958153,0.679641927135151,-0.39905272337153974,-0.530918443426099,0.0015316318267557375,0.0074393233312306534,0.00967889520722407,20000.0,-5000.0,75235.6990980305
1520.0,209.83684960573544,360.9224218149819,0.6831816249590759,-0.39228392069534834,-0.5212339863734409,0.0022166080463603185,0.0069564788974246575,0.009511213818676407,20000.0,-5000.0,75264.67702750198
1521.0,210.52179900390337,360.5335271167623,0.6867129984306075,-0.3854959986543349,-0.5115261335594603,0.0006671079246751335,0.005317565835034711,0.010001314120788876,20000.0,-5000.0,75293.3381427956
1522.0,211.21027560259665,360.1514298176732,0.6902360045210401,-0.3786892880822563,-0.5017964683107977,0.003275274718616948,0.006474696587149734,0.009787560475417355,20000.0,-5000.0,75321.68181403329
1523.0,211.90227101294545,359.7761485405978,0.6937506003034741,-0.37186412072847475,-0.49204660272988865,0.00331442103168521,0.006748003889874087,0.00971917406536219,20000.0,-5000.0,75349.70740261287
1524.0,212.5977768032036,359.40770157621625,0.697256742953698,-0.3650208292420132,-0.48227817617251656,0.003060388856645244,0.006321232858360906,0.00989487354854893,20000.0,-5000.0,75377.41426077529
1525.0,213.29678449885284,359.04610688211375,0.7007543897506991,-0.35815974715535503,-0.4724928536549714,0.0046155760832764054,0.008411040884584966,0.009879599574416366,20000.0,-5000.0,75404.80173117715
1526.0,213.999285582705,358.69138208190554,0.7042434980766359,-0.35128120886795955,-0.4626923241942326,0.004731461006863134,0.007386204444069738,0.009969064663713143,20000.0,-5000.0,75431.86914646784
1527.0,214.70527149500612,358.3435444643778,0.70772402541769,-0.34438554963000456,-0.4528782990846389,0.003298985732369606,0.008332362730149551,0.00973816443689205,20000.0,-5000.0,75458.61582887241
1528.0,215.41473363354038,358.00261098264554,0.7111959293647772,-0.3374731055261577,-0.4430525101154789,0.0012471645544122334,0.007194670479095062,0.009870099566879526,20000.0,-5000.0,75485.04108977932
1529.0,216.12766335373567,357.6685982533255,0.7146591676139735,-0.33054421345926244,-0.43321670773376164,0.004100951161278587,0.007021602942029111,0.009693573184704459,20000.0,-5000.0,75511.14422933404
1530.0,216.84405196876833,357.341522555727,0.7181136979668565,-0.3235992111337964,-0.4233726591564686,0.004027814581563028,0.005978683828940315,0.009929515251530402,20000.0,-5000.0,75536.92453603825
1531.0,217.56389074966938,357.0213998310579,0.721559478330903,-0.3166384370392734,-0.41352214643725344,0.0037631987322900434,0.006980898881371117,0.009850015565309019,20000.0,-5000.0,75562.38128635472
1532.0,218.28717092543013,356.70824568164846,0.7249964667202846,-0.3096622304340144,-0.40366696449300465,0.004453459888692268,0.006997330926287619,0.009891293982998345,20000.0,-5000.0,75587.51374431817
1533.0,219.01388368310995,356.4020753701899,0.7284246212565506,-0.30267093132852096,-0.39380891909496046,0.002212118092060864,0.005576668321668795,0.009840508312052165,20000.0,-5000.0,75612.32116115237
1534.0,219.74402016794323,356.1029038189914,0.7318439001688262,-0.29566488046887685,-0.3839498248305084,0.005504231818618148,0.006452065261663249,0.009827732639578599,20000.0,-5000.0,75636.80277489319
1535.0,220.4775714834476,355.81074560925214,0.7352542617940685,-0.28864441932006457,-0.3740915030408777,0.0024079312134292164,0.00669123206893661,0.009749871170856583,20000.0,-5000.0,75660.95781001815
1536.0,221.21452869153137,355.5256149803513,0.7386556645780331,-0.28160989004945236,-0.3642357797404948,0.004176208597383338,0.007471473606772072,0.00995105945053032,20000.0,-5000.0,75684.78547708255
1537.0,221.95488281260367,355.24752582915323,0.7420480670759275,-0.2745616355101106,-0.3543844835239629,0.0016327830894721986,0.007534819796229331,0.01003201759930937,20000.0,-5000.0,75708.28497236187
1538.0,222.69862482568323,354.97649170933107,0.7454314279522976,-0.26749999922395773,-0.34453944346675075,0.002411202492157683,0.0064634953120912015,0.00977229790615474,20000.0,-5000.0,75731.45547750143
1539.0,223.44574566850827,354.7125258307053,0.748805705982079,-0.26042532536527574,-0.3347024870253193,0.004946970395818888,0.0075687160390987334,0.009900317086151196,20000.0,-5000.0,75754.29615917233
1540.0,224.19623623764738,354.4556410586005,0.7521708600505406,-0.25333795874362863,-0.32487543794251034,0.0030891960332447106,0.0069041504705083445,0.009874523687422945,20000.0,-5000.0,75776.80616873498
1541.0,224.95008738860935,354.20584991321806,0.7555268491543359,-0.24623824478729262,-0.315060114164482,0.004225033611468455,0.004120872718589446,0.009809555462476204,20000.0,-5000.0,75798.98464190934
1542.0,225.70728993595606,353.96316456902593,0.7588736324020147,-0.2391265295262599,-0.3052583257746623,0.0035886296241751017,0.00661337866893878,0.009605718213866828,20000.0,-5000.0,75820.8306984525
1543.0,226.46783465341338,353.72759685416554,0.7622111690140514,-0.2320031595755836,-0.2954718729513466,0.0032237204925598274,0.008251336227682123,0.009617256336756174,20000.0,-5000.0,75842.34344184383
1544.0,227.23171227398416,353.49915824987477,0.7655394183234137,-0.22486848211821098,-0.2857025439531721,0.004742197443580457,0.005390823205413642,0.0096634962564955,20000.0,-5000.0,75863.52195897738
1545.0,227.9989134900602,353.2778598899291,0.7688583397764717,-0.21772284488818627,-0.2759521131391455,0.003068076082487048,0.007268158994281573,0.00947612058481761,20000.0,-5000.0,75884.36531986207
1546.0,228.7694289535371,353.0637125600984,0.7721678929334246,-0.21056659615391027,-0.2662223390284814,0.001452609994559564,0.008810293203363882,0.009892345248013997,20000.0,-5000.0,75904.87257732957
1547.0,229.54324927592705,352.8567266976213,0.7754680374683574,-0.2034000847008599,-0.25651496240457866,0.002459928083228529,0.006380314851578497,0.009740696791092447,20000.0,-5000.0,75925.04276674999
1548.0,230.32036502847382,352.6569123906967,0.7787587331698944,-0.1962236598145921,-0.2468317044686981,0.0038592745851824058,0.007183442089436446,0.009666651082960963,20000.0,-5000.0,75944.87490575561
1549.0,231.10076674226684,352.4642793779921,0.7820399399419102,-0.18903767126391813,-0.23717426504805997,0.0036878320266943354,0.005834219746553818,0.009373387321165466,20000.0,-5000.0,75964.36799397266
1550.0,231.88444490835764,352.27883704816884,0.7853116178041546,-0.18184246928390735,-0.22754432086236892,0.0016369142204378843,0.008892201579305146,0.009390280467018031,20000.0,-5000.0,75983.52101276137
1551.0,232.67138997787515,352.1005944394243,0.788573726892281,-0.17463840455852164,-0.21794352385273644,0.0025038782841931466,0.007121641915895316,0.009585121683793498,20000.0,-5000.0,76002.3329249642
1552.0,233.4615923621422,351.9295602390518,0.7918262274583014,-0.16742582820361918,-0.20837349957735818,0.0026425976860092616,0.0072651554223561125,0.009797023983590615,20000.0,-5000.0,76020.80267466267
1553.0,234.25504243279175,351.76574278301706,0.7950690798715243,-0.1602050917500435,-0.19883584567708082,0.002857864538752354,0.008633319292704545,0.009434462515797952,20000.0,-5000.0,76038.92918694258
1554.0,235.05173052188525,351.6091500555517,0.7983022446189807,-0.1529765471263147,-0.1893321304136685,0.0017971415231539843,0.00792031083273443,0.009592581459262454,20000.0,-5000.0,76056.71136766789
1555.0,235.85164692202972,351.45978968876443,0.8015256823056518,-0.14574054664149116,-0.17986389128412525,0.0025649528598841406,0.006328764832631674,0.009390521955224858,20000.0,-5000.0,76074.1481032636
1556.0,236.65478188649655,351.3176689622687,0.8047393536547247,-0.13849744296805966,-0.1704326337132721,0.00245090272408784,0.006573211132176492,0.009418847994554337,20000.0,-5000.0,76091.23826050699
1557.0,237.46112562933916,351.1827948028283,0.807943219508644,-0.13124758912465495,-0.16103982982627274,0.004001455687737631,0.0077678561929671215,0.009522766486755234,20000.0,-5000.0,76107.98068632842
1558.0,238.27066832551384,351.0551737840194,0.8111372408295097,-0.1239913384588931,-0.1516869173035118,0.004030688993804351,0.006610091291716189,0.009289570681555418,20000.0,-5000.0,76124.37420762064
1559.0,239.08340011099818,350.9348121259105,0.8143213786991339,-0.11672904463023315,-0.14237529831898996,0.0030275116606603178,0.005062882916813585,0.00920512116700817,20000.0,-5000.0,76140.41763105776
1560.0,239.8993110829121,350.82171569475895,0.8174955943196665,-0.10946106159258306,-0.13310633856274412,0.002761454059320112,0.007215271986943184,0.009421974914810333,20000.0,-5000.0,76156.10974292301
1561.0,240.71839129963752,350.71589000272536,0.8206598490142767,-0.10218774357724669,-0.12388136634881516,0.0033047975500366195,0.005736161643690731,0.009207955823512434,20000.0,-5000.0,76171.44930894641
1562.0,241.54063078094066,350.61734020760446,0.8238141042276936,-0.09490944507550125,-0.11470167180828177,0.0022998737738842948,0.008961790573303981,0.009291099437074924,20000.0,-5000.0,76186.43507415132
1563.0,242.3660195080929,350.52607111257436,0.8269583215263481,-0.0876265208212601,-0.10556850616794292,0.00194629914910503,0.007468945720072572,0.009024726440879531,20000.0,-5000.0,76201.06576271106
1564.0,243.19454742399336,350.44208716596194,0.830092462598742,-0.0803393257740197,-0.09648308111447766,0.002151110605085235,0.0063476329361189755,0.009234571430530329,20000.0,-5000.0,76215.3400778149
1565.0,244.0262044332904,350.3653924610263,0.8332164892563014,-0.07304821510135184,-0.08744656824257893,0.002458648040383228,0.0065662066880348095,0.009045260540004034,20000.0,-5000.0,76229.25670154397
1566.0,244.86098040250596,350.29599073575923,0.8363303634340014,-0.06575354416173695,-0.07846009858721652,0.0018985890095704345,0.0053310120465463635,0.009014561627920461,20000.0,-5000.0,76242.81429475683
1567.0,245.6988651601584,350.23388537270284,0.8394340471902524,-0.05845566848716999,-0.06952476223819531,0.0032671362610083607,0.006155692379583667,0.008925490098578672,20000.0,-5000.0,76256.01149698517
1568.0,246.53984849688646,350.1790793987849,0.8425275027074406,-0.05115494376579477,-0.06064160803572085,0.0038473379930798676,0.00835910225541784,0.008794177052685112,20000.0,-5000.0,76268.84692633947
1569.0,247.38392016557327,350.13157548517125,0.8456106922928086,-0.0438517258246236,-0.0518116433454263,0.0014272138761193965,0.009625684085561931,0.008802679381044362,20000.0,-5000.0,76281.31917942486
1570.0,248.23106988147208,350.09137594713565,0.8486835783788393,-0.03654637061220001,-0.043035833910852334,0.0030938533022612427,0.008061808830956292,0.008693648209393993,20000.0,-5000.0,76293.4268312669
1571.0,249.08128732233095,350.05848274394685,0.8517461235234265,-0.029239234181233087,-0.034315103781251736,0.002828589290749816,0.007212110711562294,0.00881117015560508,20000.0,-5000.0,76305.16843524827
1572.0,249.93456212851893,350.0328974787732,0.854798290410173,-0.021930672671231832,-0.025650335312425596,0.003402180210216544,0.006859792403746844,0.00861130729311546,20000.0,-5000.0,76316.54252305509
1573.0,250.7908839031513,350.0146213986044,0.8578400418493715,-0.014621042291196318,-0.017042369238185254,0.003023066894667095,0.0063150853570481625,0.008394476183895402,20000.0,-5000.0,76327.5476046343
1574.0,251.65024221221768,350.0036553941908,0.8608713407785018,-0.007310699302195189,-0.008492004809679446,0.0015140895613916503,0.00945299139841466,0.008313921200811014,20000.0,-5000.0,76338.18216816135
1575.0,252.5126265847083,350.0,0.8638921502621457,0.0,-8.881784197001252e-16,0.0017024692149860763,0.007114371904440046,0.008249366335401994,20000.0,-5000.0,76348.4446800187
1576.0,253.37802651274197,350.0036553941908,0.8669024334924558,0.007310699302195189,0.008432928228788586,0.003035606763995015,0.009511098394854057,0.008479317681227859,20000.0,-5000.0,76358.3335847847
1577.0,254.2464314516932,350.0146213986044,0.8699021537900649,0.014621042291196318,0.01680610359939832,0.004064509403496458,0.008759459217788253,0.008200869874548664,20000.0,-5000.0,76367.84730523375
1578.0,255.1178308203221,350.0328974787732,0.8728912746045694,0.021930672671231832,0.025118890136675738,0.000680710759296555,0.005498402520312188,0.008319328676454936,20000.0,-5000.0,76376.984242347
1579.0,255.99221400090235,350.05848274394685,0.8758697595144866,0.029239234181233087,0.03337069173156057,0.00333275711123741,0.0066151570494441675,0.008237885886764865,20000.0,-5000.0,76385.74277533405
1580.0,256.86957033935107,350.09137594713565,0.8788375722276527,0.03654637061220001,0.041560951655008255,0.004199846607563781,0.006610336992058929,0.00815124423802734,20000.0,-5000.0,76394.121261666
1581.0,257.74988914535766,350.13157548517125,0.8817946765822455,0.0438517258246236,0.04968915202496396,0.0027925619415153217,0.007221234196938612,0.008151035870479112,20000.0,-5000.0,76402.11803711922
1582.0,258.63315969251556,350.1790793987849,0.8847410365471262,0.05115494376579477,0.057754813229404955,0.00351326421546055,0.007239235321730321,0.008053707422048159,20000.0,-5000.0,76409.73141583054
1583.0,259.5193712184519,350.23388537270284,0.8876766162216541,0.05845566848716999,0.06575749330883864,0.002198872718134627,0.010415845206461303,0.007636570034773267,20000.0,-5000.0,76416.9596903637
1584.0,260.40851292495887,350.29599073575923,0.890601379836852,0.06575354416176538,0.07369678730124159,0.0027951787391568947,0.00617579224791937,0.007867476925692509,20000.0,-5000.0,76423.80113178714
1585.0,261.3005739781256,350.3653924610264,0.8935152917551648,0.07304821510138026,0.08157232655249716,0.0012224713812611743,0.0075310544130099836,0.007895958776656477,20000.0,-5000.0,76430.25398976317
1586.0,262.1955435084692,350.442087165962,0.8964183164715678,0.08033932577399128,0.08938377799559409,0.00045908932780822217,0.007930414810757947,0.007981691327740695,20000.0,-5000.0,76436.31649264859
1587.0,263.09341061106875,350.52607111257436,0.8993104186137657,0.08762652082123168,0.09713084340166422,0.0038672432588550054,0.007283424526679176,0.007922871798460653,20000.0,-5000.0,76441.98684760707
1588.0,263.99416434569673,350.61734020760446,0.9021915629423916,0.09490944507550125,0.10481325860525753,0.0018511031220389074,0.0073952159602270855,0.0074817435928648725,20000.0,-5000.0,76447.26324073292
1589.0,264.89779373695353,350.71589000272536,0.9050617143514614,0.10218774357727511,0.11243079270733562,0.002390819124271987,0.006189047876379269,0.007541833533258311,20000.0,-5000.0,76452.14383718667
1590.0,265.80428777439965,350.821715694759,0.9079208378690282,0.10946106159258306,0.11998324725873855,0.0014114810444428826,0.007381412387482607,0.007326551782147425,20000.0,-5000.0,76456.62678134245
1591.0,266.7136354126916,350.9348121259105,0.9107688986578637,0.11672904463020473,0.12747045542635382,0.001375928833104853,0.007797071279006589,0.007642091150629726,20000.0,-5000.0,76460.7101969471
1592.0,267.6258255717154,351.0551737840194,0.9136058620151744,0.1239913384588931,0.13489228114509977,0.0026505796728221506,0.007600026750846706,0.007514081459342046,20000.0,-5000.0,76464.39218729128
1593.0,268.54084713672194,351.1827948028283,0.9164316933732266,0.13124758912465495,0.14224861825803842,0.0020613767406647016,0.007846148040445321,0.007366821499337744,20000.0,-5000.0,76467.67083539236
1594.0,269.45868895846183,351.3176689622687,0.9192463583002564,0.13849744296805966,0.1495393896470603,0.0032022119693567858,0.008715806125657671,0.0072784623832810634,20000.0,-5000.0,76470.54420418959
1595.0,270.37933985332245,351.45978968876443,0.9220498225005826,0.14574054664149116,0.1567645463565334,0.003268555637987728,0.00821413998963161,0.007362726931348117,20000.0,-5000.0,76473.01033675112
1596.0,271.302788603463,351.6091500555517,0.9248420518148919,0.15297654712634312,0.1639240667119991,0.003120327359952,0.007306429811021964,0.007276198318598954,20000.0,-5000.0,76475.06725649314
1597.0,272.22902395695223,351.7657427830171,0.9276230122206073,0.16020509175007192,0.17101795543593346,0.0030234901720471623,0.00600583338523167,0.007204006276178352,20000.0,-5000.0,76476.71296741151
1598.0,273.1580346279042,351.92956023905185,0.9303926698325427,0.16742582820356233,0.17804624276300035,0.004405108580268453,0.006592559533278425,0.0070518744812508305,20000.0,-5000.0,76477.94545432512
1599.0,274.0898092966173,352.10059443942424,0.9331509909034708,0.1746384045584648,0.18500898355636694,0.0016421758736252126,0.006979870690766234,0.006886907374650898,20000.0,-5000.0,76478.7626831322
1600.0,275.02433660971116,352.2788370481688,0.9358979418241802,0.1818424692839642,0.1919062564263818,0.0026841084822947906,0.00746211145146297,0.006959263144107786,20000.0,-5000.0,76479.16260107822
1601.0,275.9616051802657,352.46427937799217,0.9386334891237311,0.18903767126394655,0.19873816285415982,0.003907998753398829,0.006693056339726799,0.006899995465818408,20000.0,-5000.0,76479.1431370369
1602.0,276.9016035879586,352.6569123906967,0.9413575994703081,0.19622365981453527,0.20550482632148082,0.0040336892744296795,0.006207901672238952,0.00671058707549271,20000.0,-5000.0,76478.70220180329
1603.0,277.8443203792063,352.85672669762124,0.9440702396717313,0.20340008470083148,0.21220639144742434,0.0012280378621335256,0.005935560561627108,0.006625749577838593,20000.0,-5000.0,76477.83768839929
1604.0,278.7897440673021,353.06371256009834,0.9467713766753434,0.2105665961539671,0.21884302313429885,0.0023704717149692386,0.005443903737765236,0.0067441231989025935,20000.0,-5000.0,76476.54747239199
1605.0,279.737863132557,353.2778598899292,0.9494609775683784,0.21772284488824312,0.2254149057236235,0.004096469243331138,0.006906558465461111,0.0067449837662396745,20000.0,-5000.0,76474.82941222432
1606.0,280.68866602243884,353.4991582498748,0.9521390095789286,0.22486848211818256,0.23192224216306892,0.0032007109075041238,0.005611481443041612,0.006382688238585603,20000.0,-5000.0,76472.68134955851
1607.0,281.64214115171484,353.72759685416554,0.9548054400761998,0.23200315957555517,0.2383652531857366,0.0028637167885981556,0.006088324605105172,0.006378462954784654,20000.0,-5000.0,76470.10110963209
1608.0,282.59827690259124,353.96316456902593,0.9574602365706539,0.23912652952628832,0.24474417650250804,0.002422538082836995,0.006707824663971112,0.006390316260681845,20000.0,-5000.0,76467.08650162673
1609.0,283.55706162485615,354.2058499132181,0.9601033667141792,0.24623824478732104,0.2510592660083327,0.0022380694467458847,0.005716157136852341,0.006343360094374721,20000.0,-5000.0,76463.63531904964
1610.0,284.5184836360196,354.4556410586006,0.9627347983010281,0.2533379587436002,0.2573107910032118,0.0029253580005732024,0.0074885404040544844,0.0061554176940109145,20000.0,-5000.0,76459.74534012789
1611.0,285.4825312214582,354.7125258307053,0.9653544992683294,0.2604253253652473,0.2634990354288513,0.0023513121689673158,0.007850964967776583,0.006389204771927051,20000.0,-5000.0,76455.41432821553
1612.0,286.44919263455625,354.97649170933107,0.9679624376958031,0.2674999992240146,0.2696242971208312,0.0025577530180624793,0.006496667290087174,0.00614601804245266,20000.0,-5000.0,76450.64003221333
1613.0,287.4184560968498,355.24752582915335,0.9705585818063014,0.2745616355101106,0.27568688707744726,0.0026719857609496123,0.006600370450315485,0.006096995653563328,20000.0,-5000.0,76445.42018700168
1614.0,288.39030979816886,355.5256149803513,0.9731428999666605,0.28160989004942394,0.28168712874578483,0.0018730917759396093,0.007600400720416066,0.006186305014553042,20000.0,-5000.0,76439.75251388625
1615.0,289.36474189678313,355.8107456092522,0.9757153606880138,0.28864441932003615,0.2876253573245563,0.003120011925578973,0.006284831561895175,0.005851974940816947,20000.0,-5000.0,76433.63472105641
1616.0,290.3417405195449,356.10290381899136,0.9782759326257064,0.29566488046887685,0.29350191908480655,0.005585870241167117,0.0061990935200609805,0.00583499301208946,20000.0,-5000.0,76427.0645040568
1617.0,291.32129376203454,356.40207537018995,0.9808245845798353,0.3026709313285494,0.29931717070845937,0.0006943396820011879,0.008243215635390929,0.005630103003643815,20000.0,-5000.0,76420.0395462717
1618.0,292.30338968870456,356.70824568164846,0.9833612854957892,0.309662230433986,0.3050714786447239,0.002867732317168384,0.007903442771893754,0.005702753527784535,20000.0,-5000.0,76412.5575194224
1619.0,293.2880163330261,357.0213998310579,0.9858860044648736,0.31663843703921657,0.31076521848472616,0.0017279991395531902,0.007594193972834723,0.005479894224411741,20000.0,-5000.0,76404.61608407756
1620.0,294.2751616976343,357.3415225557269,0.9883987107243115,0.3235992111337964,0.31639877435422775,0.0031072712194658964,0.007915699598802579,0.00569595456265961,20000.0,-5000.0,76396.21289017642
1621.0,295.26481375447474,357.6685982533255,0.9908993736572427,0.3305442134593477,0.32197253832470885,0.0025430528980672266,0.004880276167699,0.005595900977278055,20000.0,-5000.0,76387.34557756528
1622.0,296.2569604449488,358.0026109826456,0.9933879627938325,0.3374731055261577,0.32748690984239676,0.003274982078348423,0.008328863253066547,0.005450684356167282,20000.0,-5000.0,76378.01177654661
1623.0,297.2515896800624,358.3435444643778,0.9958644478117549,0.3443855496299193,0.3329422951757617,0.0036931237488517727,0.007311855986107544,0.005413704886534668,20000.0,-5000.0,76368.20910844128
1624.0,298.2486893405723,358.69138208190543,0.9983287985357947,0.35128120886798797,0.33833910688091334,0.0026584158329331802,0.007938465351569043,0.005461709225029438,20000.0,-5000.0,76357.93518616387
1625.0,299.248247277134,359.0461068821138,1.000780984938359,0.3581597471554403,0.3436777632844859,0.0036235961020837596,0.007272517404881494,0.0051696180782654505,20000.0,-5000.0,76347.1876148109
1626.0,300.250251310449,359.4077015762163,1.0032209771402734,0.3650208292420132,0.3489586879849815,-4.54662687892184e-06,0.006903076055766974,0.005277470097097879,20000.0,-5000.0,76335.96399226182
1627.0,301.25468923141455,359.77614854059783,1.005648745411321,0.3718641207284179,0.3541823093711914,0.004075954142249734,0.006547865907646143,0.005281514980462832,20000.0,-5000.0,76324.26190979329
1628.0,302.26154880127166,360.15142981767315,1.008064260169931,0.3786892880822563,0.3593490601578966,0.002799495048792672,0.007197825033738804,0.004918577253573449,20000.0,-5000.0,76312.07895270611
1629.0,303.2708177517544,360.53352711676234,1.010467491983519,0.38549599865439177,0.36445937693887354,0.003518196953224876,0.006473050999784764,0.005166850337633992,20000.0,-5000.0,76299.4127009652
1630.0,304.2824837852387,360.92242181498193,1.012858411569482,0.39228392069534834,0.3695136997565407,0.0011158923352658887,0.007681085686529552,0.00481994560923562,20000.0,-5000.0,76286.26072985226
1631.0,305.29653457489337,361.31809495815304,1.0152369897954259,0.3990527233714829,0.37451247168820234,0.0015082658455346243,0.005108921503407083,0.004956706609112953,20000.0,-5000.0,76272.62061063167
1632.0,306.31295776482955,361.7205272617249,1.0176031976790227,0.40580207678087277,0.3794561384484291,0.0025118063501485062,0.006176142916804286,0.00477276009049893,20000.0,-5000.0,76258.48991122872
1633.0,307.3317409702514,362.1296991117148,1.0199570063889496,0.4125316519696014,0.3843451480073552,0.0023298727828693607,0.008846449703387233,0.005038540916063669,20000.0,-5000.0,76243.86619692104
1634.0,308.35287177760745,362.5455905656641,1.0222983872445752,0.41924112094756083,0.3891799502245884,0.002629587108876775,0.006048033328748455,0.004665119984690748,20000.0,-5000.0,76228.74703104243
1635.0,309.37633774474057,362.9681813536099,1.0246273117167846,0.42593015670465206,0.393960996498341,0.003450743039035106,0.006430388714382075,0.004550739032537931,20000.0,-5000.0,76213.12997569963
1636.0,310.402126401041,363.3974508790734,1.0269437514286324,0.43259843322687175,0.3986887394294273,0.00047408523522157807,0.005739715809348736,0.004717775443848678,20000.0,-5000.0,76197.01259250155
1637.0,311.43022524759783,363.83337822006365,1.0292476781551443,0.43924562551185886,0.40336363249966806,0.003310576351752877,0.006985818830452836,0.004597638670043906,20000.0,-5000.0,76180.39244330113
1638.0,312.4606217573513,364.2759421300971,1.0315390638233453,0.44587140958464033,0.40798612976459286,0.0022937156269207644,0.005849090876706273,0.00441083806073286,20000.0,-5000.0,76163.26709094986
1639.0,313.4933033752445,364.72512103923293,1.0338178805134817,0.45247546251388826,0.4125566855599724,0.002060554144834168,0.0063999627793452476,0.004609704877906924,20000.0,-5000.0,76145.63410006448
1640.0,314.52825751837827,365.1808930551249,1.0360841004591066,0.45905746242755185,0.4170757542216873,0.00072972386134924,0.007453763493240499,0.004247774429091949,20000.0,-5000.0,76127.49103780622
1641.0,315.56547157616274,365.64323596408803,1.0383376960470514,0.46561708852817674,0.42154378981848495,0.0027705169124700954,0.005821458958185652,0.004314859800863412,20000.0,-5000.0,76108.83547467235
1642.0,316.60493291047237,366.11212723218125,1.0405786398177952,0.472154021108679,0.4259612458976869,-0.00027643564197114964,0.007345702195354544,0.004321403061302347,20000.0,-5000.0,76089.66498529991
1643.0,317.6466288557983,366.5875440063054,1.0428069044660333,0.4786679415682613,0.43032857524327683,0.0028963400386210134,0.0073574993792987495,0.004441496878861533,20000.0,-5000.0,76069.97714928162
1644.0,318.69054671940444,367.0694631153178,1.0450224628413025,0.48515853242776075,0.4346462296454814,0.0006571744132983744,0.007576082904409052,0.004452920394584108,20000.0,-5000.0,76049.76955199371
1645.0,319.73667378148093,367.5578610711609,1.0472252879478106,0.49162547734491113,0.43891465968218246,0.0022520494227934846,0.006601148391150128,0.004380140556145166,20000.0,-5000.0,76029.03978543577
1646.0,320.78499729530006,368.0527140700076,1.0494153529445782,0.4980684611297761,0.4431343145115964,0.0020597178581288496,0.009802249315441514,0.004176574954898013,20000.0,-5000.0,76007.78544908253
1647.0,321.8355044873701,368.55399799342047,1.051592631146292,0.5044871697604663,0.4473056416757847,0.00338736934204175,0.007503290291915654,0.0038478238017766344,20000.0,-5000.0,75986.00415074712
1648.0,322.88818255759264,369.06168840952853,1.0537570960237588,0.5108812903983164,0.451429086914397,0.0019722164424504315,0.006719593031834677,0.004147962662529016,20000.0,-5000.0,75963.69350745625
1649.0,323.9430186794176,369.5757605742171,1.0559087212037355,0.5172505114028638,0.4555050939886594,0.0014231823966397229,0.005445521174046772,0.004233997327562416,20000.0,-5000.0,75940.8511463365
1650.0,325.0000000000001,370.09618943233426,1.0580474804690425,0.5235945223471674,0.4595341045153382,0.0016053693147689617,0.0062302950413608655,0.004157998198120621,20000.0,-5000.0,75917.47470551234
1651.0,326.0591136403557,370.62294961891143,1.0601733477595303,0.5299130140330419,0.46351655780978185,0.003443400300634298,0.007789175375618199,0.004016527229709164,20000.0,-5000.0,75893.56183501508
1652.0,327.1203466955192,371.15601546040034,1.0622862971724771,0.5362056785062634,0.4674528907382772,0.002664308131281702,0.008057773894077809,0.0037666892864308436,20000.0,-5000.0,75869.11019770303
1653.0,328.18368623470064,371.69536097592396,1.064386302962248,0.5424722090712919,0.47134353757911973,0.0016924072690540665,0.007790998324765719,0.0038031896456162287,20000.0,-5000.0,75844.11747019255
1654.0,329.24911930144367,372.2409598785429,1.066473339540721,0.5487123003060788,0.47518892989193834,0.001834598968568156,0.007043439092626342,0.004061638047005304,20000.0,-5000.0,75818.58134379993
1655.0,330.3166329137821,372.7927855765361,1.0685473814779698,0.5549256480774147,0.47898949639547744,0.00043742911418641426,0.004893746763921784,0.0036035230504954164,20000.0,-5000.0,75792.49952549367
1656.0,331.3862140643996,373.35081117469775,1.0706084035027175,0.5611119495555954,0.48274566285279275,0.0024585718484351152,0.006679350064675921,0.003592518778581491,20000.0,-5000.0,75765.86973885742
1657.0,332.4578497207875,373.9150094756473,1.07265638050211,0.56727090322903,0.48645785196421065,0.000210965640671152,0.0048538821337636,0.0038067337130210485,20000.0,-5000.0,75738.68972506314
1658.0,333.53152682540383,374.4853529811558,1.07469128752183,0.5734022089189068,0.49012648326744557,0.002810342461135468,0.00457013568854723,0.0035938497052960205,20000.0,-5000.0,75710.95724385405
1659.0,334.6072322958312,375.0618138934851,1.0767130997671757,0.5795055677939729,0.4937519730443791,0.0021490385869925147,0.00633799819077667,0.003458281048396204,20000.0,-5000.0,75682.6700745379
1660.0,335.6849530249382,375.64436411674376,1.0787217926034032,0.5855806823852845,0.4973347342347671,0.004484914315871117,0.006605051515480511,0.0037501737970540524,20000.0,-5000.0,75653.82601698951
1661.0,336.764675881038,376.2329752582557,1.0807173415551574,0.5916272566003613,0.500875176356268,0.0008446563171769304,0.006971806449527041,0.003576386090528644,20000.0,-5000.0,75624.422892663
1662.0,337.8463877080485,376.8276186299445,1.0826997223069839,0.5976449957375394,0.5043737054303334,0.0018690003636803371,0.006520272357675217,0.0034306543933705644,20000.0,-5000.0,75594.45854561315
1663.0,338.93007532565196,377.42826524973077,1.0846689107042664,0.6036336065006935,0.5078307239140636,0.003833073324573884,0.006526831027626816,0.003295058618424765,20000.0,-5000.0,75563.93084352583
1664.0,340.01572552945703,378.03488584294587,1.0866248827533127,0.6095927970135335,0.5112466306377046,0.003188578641756446,0.0049201465081922776,0.0036482258524920892,20000.0,-5000.0,75532.83767875723
1665.0,341.1033250911586,378.64745084375784,1.0885676146211551,0.6155222768335307,0.5146218207473785,0.0012119333694990816,0.005805288235475552,0.0033520098251197095,20000.0,-5000.0,75501.17696938156
1666.0,342.19286075869934,379.26593039661293,1.090497082636034,0.6214217569660718,0.5179566856528505,0.0021557845708297186,0.004316705520604489,0.003487345144446126,20000.0,-5000.0,75468.94666024706
1667.0,343.28431925643065,379.89029435769,1.092413263288023,0.6272909498788124,0.5212516129802843,0.0019116049317994214,0.0037700972523718765,0.0033854368058302076,20000.0,-5000.0,75436.14472404013
1668.0,344.3776872852754,380.52051229637055,1.0943161332292561,0.6331295695156882,0.5245069865296047,0.002189480038939012,0.0065935719394727005,0.003171500387408192,20000.0,-5000.0,75402.76916235709
1669.0,345.47295152288916,381.15655349672136,1.0962056692738145,0.6389373313106148,0.5277231862362548,0.0011561235168380157,0.005008827266904879,0.003133496989100106,20000.0,-5000.0,75368.81800678355
1670.0,346.570098623823,381.7983869589918,1.0980818483981238,0.6447139522013572,0.530900588137142,0.0017765824109337146,0.0066684409966343726,0.0033366837128386406,20000.0,-5000.0,75334.28931998086
1671.0,347.6691152196854,382.4459814011241,1.0999446477416086,0.6504591506435418,0.5340395643406413,0.00019388023887435954,0.006882197502043127,0.0033004416901616755,20000.0,-5000.0,75299.18119677964
1672.0,348.76998791930623,383.09930526027887,1.10179404460672,0.6561726466244693,0.5371404830005844,0.001983233329059004,0.005053321172243331,0.002850435366233308,20000.0,-5000.0,75263.49176527972
1673.0,349.87270330889885,383.758326694373,1.103630016459249,0.6618541616764162,0.5402037082934781,0.002297338202564759,0.006279399579908053,0.0031124089589671102,20000.0,-5000.0,75227.21918795648
1674.0,350.97724795222473,384.4230135836317,1.105452540928212,0.6675034188901634,0.54322960039956,0.0015792388468998005,0.004945286929446071,0.002992444063801612,20000.0,-5000.0,75190.36166277323
1675.0,352.0836083907553,385.09333353215334,1.1072615958066478,0.6731201429288944,0.5462185154870679,0.00012241015161478484,0.0036803254051620353,0.0028430767096577748,20000.0,-5000.0,75152.91742429917
1676.0,353.191771143838,385.7692538694895,1.1090571590521279,0.6787040600415821,0.5491708056994435,0.0028170301877843045,0.005695638135048609,0.002966454808706913,20000.0,-5000.0,75114.88474483261
1677.0,354.30172270885953,386.4507416522365,1.1108392087861318,0.684254898075892,0.5520868191456846,0.0021544436808295206,0.005044382672688591,0.0027314887482042484,20000.0,-5000.0,75076.26193552914
1678.0,355.4134495614103,387.1377636656413,1.1126077232950706,0.6897723864918817,0.5549668998934113,0.0010065698427990741,0.005042919549658088,0.0028047175612448357,20000.0,-5000.0,75037.04734753462
1679.0,356.52693815544967,387.83028642522027,1.1143626810298315,0.6952562563748188,0.5578113879646504,0.0014563014536835622,0.007521584680194842,0.0027283173501465013,20000.0,-5000.0,74997.23937312214
1680.0,357.64217492346995,388.5282761783909,1.1161040606068866,0.700706240448568,0.5606206193339205,0.00017365514737341056,0.0038457846956913336,0.0027300880355182106,20000.0,-5000.0,74956.83644683307
1681.0,358.75914627666344,389.2316989061174,1.1178318408083499,0.7061220730887783,0.563394925929029,0.0006543872770203012,0.005796869238330589,0.002748186744991911,20000.0,-5000.0,74915.83704662134
1682.0,359.87783860508665,389.94052032456847,1.119546000581721,0.711503490335474,0.5661346356339008,0.0011479334031016288,0.004329327365369086,0.0025972386323166643,20000.0,-5000.0,74874.23969500107
1683.0,360.9982382778269,390.65470588678835,1.121246519040227,0.7168502299057025,0.5688400722933702,0.002971432183248462,0.006274000636285762,0.0028826114394963145,20000.0,-5000.0,74832.04296019673
1684.0,362.1203316431671,391.3742207843799,1.1229333754636173,0.7221620312069774,0.5715115557203351,0.001014834201487169,0.005604616660936396,0.002715542473914939,20000.0,-5000.0,74789.24545729562
1685.0,363.2441050287541,392.0990299492023,1.1246065492983917,0.7274386353497846,0.5741494017044597,0.0023322420618172458,0.005653452876496415,0.0028426563029027904,20000.0,-5000.0,74745.84584940218
1686.0,364.3695447417639,392.82909805507944,1.1262660201573453,0.732679785159803,0.5767539220227935,0.0010926784203637234,0.004240465804507104,0.002568255358146006,20000.0,-5000.0,74701.84284879368
1687.0,365.4966370690688,393.5643895195219,1.127911767820109,0.7378852251906949,0.5793254244520494,0.0018967792657666222,0.004391130253925559,0.0024874173363963813,20000.0,-5000.0,74657.23521807713
1688.0,366.6253682774041,394.30486850546083,1.1295437722338306,0.7430547017366393,0.5818642127822597,0.0014780499887854595,0.006115850581744171,0.0027395932659067526,20000.0,-5000.0,74612.02177134635
1689.0,367.7557246135365,395.0504989229952,1.1311620135132898,0.748187962844753,0.584370586832095,0.0025194616904890164,0.0069569276313990154,0.002418974515082697,20000.0,-5000.0,74566.20137533947
1690.0,368.8876923044307,395.80124443115034,1.1327664719407267,0.7532847583271973,0.5868448424655097,0.001041271978911848,0.005578031748552221,0.002436338761420863,20000.0,-5000.0,74519.77295059581
1691.0,370.0212575574179,396.5570684396496,1.1343571279660125,0.7583448397732013,0.5892872716095203,-5.192375420998347e-05,0.004108146883746228,0.0025155234136681782,20000.0,-5000.0,74472.73547261198
1692.0,371.1564065603627,397.31793411069674,1.1359339622075595,0.7633679605614532,0.591698162273137,0.0001324762695861354,0.005357065735765945,0.0022425115103060843,20000.0,-5000.0,74425.08797299676
1693.0,372.29312548183304,398.0838043607725,1.1374969554524341,0.76835387587235,0.5940777985676771,0.0010028296216576054,0.0074921317169511625,0.002451932533438575,20000.0,-5000.0,74376.82954062382
1694.0,373.4314004712676,398.85464186244144,1.1390460886559879,0.7733023426994237,0.5964264607278434,0.0002429811343806266,0.005036157317302245,0.002405306136562979,20000.0,-5000.0,74327.95932278258
1695.0,374.571217659145,399.63040904617134,1.140581342942255,0.7782131198611637,0.5987444251337315,0.0019549884489530483,0.006412349799825292,0.0024594035752075454,20000.0,-5000.0,74278.47652632573
1696.0,375.7125631571521,400.41106810216377,1.1421026996046635,0.783085968013296,0.6010319643338984,0.0010299287506177403,0.00408370960142559,0.002382304399188891,20000.0,-5000.0,74228.38041881377
1697.0,376.85542305835435,401.19658098219793,1.143610140106233,0.7879206496601796,0.6032893470689634,0.003970425719406994,0.004771704672765205,0.002402871749047473,20000.0,-5000.0,74177.67032965546
1698.0,377.99978343736456,401.9869094014841,1.1451036460793205,0.7927169291662608,0.6055168382962169,-0.00032095823592685887,0.005421403732369977,0.002199048529091867,20000.0,-5000.0,74126.34565124397
1699.0,379.145630350513,402.78201484053045,1.146583199325704,0.7974745727674986,0.6077146992148009,0.0016843773897905086,0.005151491665011011,0.002076709407562184,20000.0,-5000.0,74074.40584008797
1700.0,380.29294983601596,403.5818585470191,1.148048781817522,0.8021933485830459,0.6098831872913546,0.00028534524583529917,0.0039020659755948026,0.002414329041249705,20000.0,-5000.0,74021.85041793727
1701.0,381.44172791414803,404.38640153769654,1.1495003756973574,0.8068730266265902,0.6120225562864118,0.0009313781875632783,0.0038179936662150046,0.0019365197754436726,20000.0,-5000.0,73968.67897290255
1702.0,382.5919505874107,405.1956046002723,1.1509379632779542,0.8115133788172386,0.6141330562812399,0.001577673464129305,0.005648542484205572,0.0019201378587626154,20000.0,-5000.0,73914.89116056809
1703.0,383.74360384070394,406.009428295331,1.1523615270426149,0.8161141789905741,0.616214933705003,-0.0010021972172185728,0.005820306373548409,0.0021374319220467475,20000.0,-5000.0,73860.48670509785
1704.0,384.8966736414959,406.82783295825345,1.1537710496455986,0.8206752029101096,0.6182684313626083,0.0016488286668003668,0.006113884254837318,0.002239972456249156,20000.0,-5000.0,73805.46540033327
1705.0,386.05114593999514,407.65077870115124,1.155166513912576,0.8251962282781733,0.6202937884626017,0.003367740184904399,0.006377278372570375,0.0020347977586405493,20000.0,-5000.0,73749.82711088308
1706.0,387.20700666932106,408.4782254148098,1.1565479028402592,0.8296770347463109,0.622291240645488,0.0009026979497057698,0.004600612541319617,0.002106943257072995,20000.0,-5000.0,73693.571773204
1707.0,388.36424174567566,409.31013277064386,1.157915199596573,0.8341174039262,0.6242610200124452,0.0016304820823359362,0.004096347715133795,0.0017097484240863256,20000.0,-5000.0,73636.69939667208
1708.0,389.5228370685142,410.1464602226622,1.1592683875214789,0.8385171194004499,0.6262033551539837,0.0024121999292094805,0.005784517745791793,0.0018670750336472895,20000.0,-5000.0,73579.2100646437
1709.0,390.6827785207186,410.98716700944476,1.1606074501270598,0.842875966733402,0.6281184711791463,0.001161455176540541,0.005080007699081317,0.0016703469969461132,20000.0,-5000.0,73521.1039355062
1710.0,391.8440519687683,411.832212156129,1.161932371097265,0.8471937334809638,0.6300065897445069,0.0007135549999260178,0.0032752181296392107,0.0019710421335984918,20000.0,-5000.0,73462.3812437166
1711.0,393.00664326291314,412.6815544764067,1.1632431342880807,0.8514702092010396,0.6318679290835063,-0.001063436155769387,0.0031805874691974213,0.0016571080439504132,20000.0,-5000.0,73403.0423008292
1712.0,394.1705382373445,413.5351525745311,1.164539723728268,0.8557051854642737,0.633702704035868,0.0019562226415009596,0.004725805665522122,0.0016638985092474858,20000.0,-5000.0,73343.08749650983
1713.0,395.3357227103697,414.39296484733524,1.1658221236195345,0.8598984558640836,0.635511126076951,0.0011575849215197183,0.003987922632902979,0.001858787261582698,20000.0,-5000.0,73282.51729953733
1714.0,396.50218248458356,415.25494948625925,1.1670903183363066,0.8640498160264372,0.6372934033472053,0.00020773895845130992,0.004102812699351563,0.0019003506716688031,20000.0,-5000.0,73221.33225879133
1715.0,397.6699033470423,416.1210644793881,1.1683442924257292,0.8681590636196006,0.6390497406815719,0.0013785359963912117,0.005203689223145472,0.0017238493487972358,20000.0,-5000.0,73159.53300422516
1716.0,398.838871069435,416.99126761349845,1.1695840306084904,0.8722259983646836,0.6407803396390088,0.000625496206781981,0.004835193450563678,0.0017881958609278939,20000.0,-5000.0,73097.12024782423
1717.0,400.0090714082593,417.8655164761175,1.1708095177790767,0.876250422045274,0.6424853985317438,0.0006687105388660003,0.0053863408037897395,0.0017587566819548123,20000.0,-5000.0,73034.09478454842
1718.0,401.18049010499317,418.743768457589,1.172020739005319,0.8802321385165897,0.6441651124545327,0.0018347160197145964,0.001951174097157588,0.0016405508266840983,20000.0,-5000.0,72970.457493258
1719.0,402.3531128862699,419.62598075315066,1.173217679528591,0.8841709537151701,0.645819673313903,-0.00020232867365195919,0.004180841004352121,0.001506977359328045,20000.0,-5000.0,72906.20933762308
1720.0,403.52692546405035,420.51211036501934,1.174400324764548,0.888066675668739,0.6474492698572012,0.002264857798695165,0.004596662264645118,0.0016869223713922145,20000.0,-5000.0,72841.35136701504
1721.0,404.701913535799,421.40211410448813,1.1755686603032984,0.8919191145055265,0.6490540877014896,-0.00029263291535910614,0.002242821595927604,0.0016681839854458377,20000.0,-5000.0,72775.8847173799
1722.0,405.87806278465695,422.2959485940304,1.176722671908891,0.8957280824630232,0.6506343093623149,0.00045753220948709973,0.003105948483628064,0.0016783478949906874,20000.0,-5000.0,72709.81061209281
1723.0,407.0553588796168,423.1935702694142,1.1778623455202535,0.8994933938975578,0.6521901142822051,0.00313265459147989,0.002869158834046202,0.0015821979315218096,20000.0,-5000.0,72643.13036279303
1724.0,408.23378747569745,424.0949353818255,1.1789876672504818,0.9032148652929095,0.6537216788591856,0.002290759590352979,0.0037220300888716434,0.0013753225316836823,20000.0,-5000.0,72575.84537019888
1725.0,409.41333421411775,425.0,1.1800986233878916,0.9068923152699142,0.6552291764749523,0.0012052895908552447,0.005348565712620506,0.0015807465685268077,20000.0,-5000.0,72507.9571249017
1726.0,410.59398472247324,425.90872001236534,1.1811952003961892,0.910525564594991,0.6567127775226574,0.00011108608918310495,0.005714861495506702,0.0014715660361333857,20000.0,-5000.0,72439.46720813858
1727.0,411.77572461491013,426.82105112919,1.1822773849138457,0.9141144361887257,0.6581726494348736,0.0005244578681182699,0.0027196121925063847,0.0013885133175938946,20000.0,-5000.0,72370.37729254317
1728.0,412.95853949230093,427.7369488847428,1.1833451637544954,0.9176587551343687,0.6596089567109005,0.0011367869844388723,0.004069655988088394,0.0013882437397177232,20000.0,-5000.0,72300.68914287344
1729.0,414.1424149424191,428.6563686394587,1.184398523907646,0.921158348686788,0.6610218609439779,0.0010851742688177215,0.004058380448552147,0.001316095073124937,20000.0,-5000.0,72230.40461671667
1730.0,415.3273365401162,429.57926558211636,1.1854374525387357,0.9246130462809674,0.6624115208483066,0.0009371869333938441,0.0038353552671354877,0.001487810916954737,20000.0,-5000.0,72159.52566517015
1731.0,416.5132898474966,430.50559473202065,1.1864619369886782,0.9280226795397937,0.6637780922856784,0.0009851856070678513,0.0038020175883715576,0.0011800893397012394,20000.0,-5000.0,72088.05433349754
1732.0,417.7002604140936,431.43531094119595,1.187471964774204,0.9313870822823844,0.6651217282918298,0.000779810534875296,0.003657643961092757,0.0012096339164774461,20000.0,-5000.0,72015.99276176009
1733.0,418.888233777045,432.3683688965854,1.1884675235884288,0.934706090532444,0.6664425791024695,-0.0005115592455995329,0.005051560077018274,0.0012689569591951733,20000.0,-5000.0,71943.34318542235
1734.0,420.07719546127043,433.30472312226084,1.1894486013010805,0.937979542526449,0.6677407921791,0.0004365813445883956,0.004397327182959584,0.0014861250690166037,20000.0,-5000.0,71870.10793593088
1735.0,421.26713097964716,434.2443279816383,1.1904151859580736,0.9412072787209524,0.6690165122343872,0.0019106805603196942,0.002102078114233608,0.0013946569020104073,20000.0,-5000.0,71796.28944126706
1736.0,422.4580258331866,435.18713767970274,1.19136726578148,0.9443891418004,0.6702698812573654,-0.0004784544705533347,0.00398652010048732,0.001039761384943014,20000.0,-5000.0,71721.89022647147
1737.0,423.6498655112101,436.1331062652391,1.192304829170638,0.9475249766853437,0.6715010385381055,0.0007331328574937574,0.004040948594210789,0.0013868940764280953,20000.0,-5000.0,71646.91291414089
1738.0,424.84263549152786,437.08218763307343,1.1932278647018677,0.9506146305397749,0.6727101206922134,6.309703832589662e-05,0.003394101996958828,0.0013646481305990012,20000.0,-5000.0,71571.36022489613
1739.0,426.03632124061386,438.03433552631867,1.194136361128244,0.9536579527783147,0.6738972616849456,0.0010170427450134543,0.004196935936465998,0.0010313477046721379,20000.0,-5000.0,71495.23497782114
1740.0,427.23090821378435,438.98950353863006,1.195030307379767,0.9566547950735469,0.6750625928549433,0.0004824280178687292,0.003169154933390617,0.000843308850514842,20000.0,-5000.0,71418.54009087197
1741.0,428.4263818553734,439.94764511646576,1.195909692563987,0.9596050113636352,0.6762062429376259,0.0024088137227042585,0.00313534835552642,0.0011239594995626403,20000.0,-5000.0,71341.27858125586
1742.0,429.6227275989123,440.90871356135733,1.1967745059661752,0.962508457859343,0.6773283380881626,0.0013844458791126744,0.0030060994758869153,0.0012499017127105235,20000.0,-5000.0,71263.45356577897
1743.0,430.81993086730574,441.87266203218445,1.1976247370488124,0.9653649930508266,0.6784290019042997,-0.0005215403468628076,0.0007337286848709081,0.0012863917539716937,20000.0,-5000.0,71185.06826116347
1744.0,432.01797707300994,442.839443547459,1.1984603754518162,0.968174477714399,0.6795083554485635,0.001526516337248698,0.0027022643594756244,0.0009612859163924835,20000.0,-5000.0,71106.12598433213
1745.0,433.2168516182094,443.80901098761325,1.1992814109932226,0.970936774919636,0.6805665172701354,7.973193023303273e-06,0.002043553784100127,0.0012638417132614357,20000.0,-5000.0,71026.63015266116
1746.0,434.4165398949964,444.78131709729826,1.2000878336692438,0.9736517500364243,0.6816036034266354,0.00019894722329759926,0.001457161308427246,0.0007516483722308136,20000.0,-5000.0,70946.58428419981
1747.0,435.61702728554786,445.7563144876861,1.2008796336538694,0.9763192707406461,0.6826197275050828,0.0011109033927401125,0.004135325919868546,0.0009602762249581136,20000.0,-5000.0,70865.9919978569
1748.0,436.81829916230413,446.73395563877955,1.2016568012990092,0.9789392070208294,0.683615000642805,0.00025835452735443456,0.0031205328359955767,0.0009334126279929122,20000.0,-5000.0,70784.85701355366
1749.0,438.0203408881459,447.71419290172776,1.202419327135118,0.981511431185055,0.6845895315479507,0.0016839063236369126,0.002517276555386479,0.0011064267857291252,20000.0,-5000.0,70703.1831523424
1750.0,439.22313781657436,448.69697850114966,1.2031672018713095,0.9840358178669533,0.6855434265194275,-6.506379762105229e-05,0.0019129249143704885,0.0011038569002892215,20000.0,-5000.0,70620.97433649044
1751.0,440.4266752918885,449.68226453746166,1.203900416394987,0.986512244031502,0.6864767894666128,8.208126547125795e-05,0.0027604470337708013,0.0010409117045218558,20000.0,-5000.0,70538.23458952924
1752.0,441.63093864936434,450.67000298921266,1.204618961771871,0.9889405889808529,0.6873897219285872,2.8480726469299862e-05,0.0034354897048030266,0.0007360908196967801,20000.0,-5000.0,70454.96803626805
1753.0,442.83591321543224,451.66014571542337,1.2053228292467395,0.9913207343609827,0.6882823230931565,0.00010817378654508474,0.0014958171629189047,0.000988942703866722,20000.0,-5000.0,70371.17890277201
1754.0,444.0415843078578,452.6526444579346,1.2060120102434269,0.9936525641672347,0.6891546898152923,0.00182516019161806,0.0023025929516477745,0.0009251193786893256,20000.0,-5000.0,70286.87151630376
1755.0,445.2479372359191,453.64745084375784,1.2066864963645116,0.9959359647494068,0.6900069166351424,0.0013211784896020532,0.003162051696906391,0.0006359502476673761,20000.0,-5000.0,70202.05030522887
1756.0,446.45495730058684,454.64451638743344,1.2073462793913166,0.9981708248176062,0.6908390957959616,0.002431029609230342,0.00019679930778375996,0.0005671030777473578,20000.0,-5000.0,70116.71979888467
1757.0,447.66262979470173,455.64379249339305,1.2079913512845337,1.0003570354479052,0.6916513172613549,0.002996407747578423,0.00210195131385337,0.0009303882710611675,20000.0,-5000.0,70030.88462741156
1758.0,448.8709400031559,456.64523045832925,1.2086217041845657,1.002494490087713,0.6924436687321603,-0.00044911313592847606,0.0016664961466902656,0.0007602325311403361,20000.0,-5000.0,69944.54952154741
1759.0,450.07987320307086,457.6487814735685,1.209237330410673,1.004583084560494,0.693216235663163,0.0006815057561603379,0.0019249100562475096,0.0006041075626457018,20000.0,-5000.0,69857.719312384
1760.0,451.28941466397725,458.65439662745024,1.209838222461343,1.0066227170708828,0.6939691012791737,-0.0006299061711364476,0.0014933317244202574,0.0007173642551832199,20000.0,-5000.0,69770.39893108583
1761.0,452.49954964799355,459.66202690771024,1.2104243730149449,1.0086132882100287,0.6947023465907664,-0.00023005236578473932,0.002109142495498592,0.0007684021183041005,20000.0,-5000.0,69682.59340857097
1762.0,453.71026341000714,460.6716232038703,1.2109957749296996,1.0105547009605687,0.6954160504097782,-9.135766271374003e-05,0.003917651537208609,0.0006937464462658197,20000.0,-5000.0,69594.30787515326
1763.0,454.92154119785295,461.6831363096314,1.2115524212432547,1.0124468607008055,0.6961102893642468,-0.0005503369600353082,0.0015305584156813275,0.0004930078404945398,20000.0,-5000.0,69505.5475601463
1764.0,456.13336825249365,462.6965169252719,1.2120943051727693,1.0142896752092554,0.6967851379129885,-0.0005596235378582373,0.002121520863684522,0.000897892514386829,20000.0,-5000.0,69416.31779142885
1765.0,457.3457298081985,463.7117156600499,1.2126214201155108,1.0160830546697923,0.697440668359922,0.0003696495089086847,0.0038434583230026946,0.000769840446294057,20000.0,-5000.0,69326.62399497157
1766.0,458.5586110927247,464.7286830346115,1.213133759649054,1.0178269116758543,0.698076950867765,-0.0007606237626467621,0.0011469533093166658,0.0005853024791783712,20000.0,-5000.0,69236.47169432449
1767.0,459.7719973274966,465.7473694834016,1.2136313175307976,1.0195211612342803,0.6986940534714945,0.001366104323977537,0.00355694329811206,0.0005711269726684178,20000.0,-5000.0,69145.86651006601
1768.0,460.98587372778627,466.76772535708005,1.2141140876977374,1.0211657207694884,0.699292042091538,-0.00047923009117120446,0.0016252111844967695,0.0006328291044098372,20000.0,-5000.0,69054.81415921269
1769.0,462.20022550289207,467.7897009249406,1.2145820642675176,1.0227605101280233,0.6998709805462889,0.003382956567218158,0.003423308877230519,0.00043003380238059157,20000.0,-5000.0,68963.32045459005
1770.0,463.4150378563213,468.8132463773361,1.2150352415383168,1.024305451582336,0.7004309305643943,-2.3733717866180248e-05,0.002300303284082178,0.0005903082261510479,20000.0,-5000.0,68871.39130416408
1771.0,464.6302959859687,469.83831182810525,1.215473613988138,1.025800469833996,0.7009719517966779,0.0005058766850967341,0.0017894596898150924,0.00036735539721162333,20000.0,-5000.0,68779.03271033404
1772.0,465.8459850842976,470.8648473170041,1.2158971762756892,1.0272454920180678,0.7014941018276499,-0.000931197496056857,0.0013517230307808802,0.0005040373263805163,20000.0,-5000.0,68686.25076918596
1773.0,467.0620903385201,471.8928028121414,1.2163059232397018,1.0286404477059534,0.7019974361865822,0.0021759320908142955,0.0007207903021450667,0.0003497358658942104,20000.0,-5000.0,68593.05166970733
1774.0,468.278596930777,472.922128212416,1.2166998498997543,1.0299852689095133,0.7024820083582568,0.0015509653244978037,0.0013985559447359328,0.00033723024089861686,20000.0,-5000.0,68499.44169296275
1775.0,469.4954900383196,473.9527733499604,1.2170789514562443,1.031279890084278,0.7029478697932965,0.0006805244231413033,0.002202882203494317,0.00065963502773851,20000.0,-5000.0,68405.42721123084
1776.0,470.7127548336895,474.98468799258455,1.217443223289962,1.0325242481322334,0.7033950699181235,-0.0010440250257892645,0.0012055582751025657,0.0004452024455138534,20000.0,-5000.0,68311.01468710255
1777.0,471.9303764848995,476.0178218462249,1.2177926609620044,1.033718282404891,0.7038236561445901,0.0005611441013114141,0.0008395073459702704,0.00044489872309881964,20000.0,-5000.0,68216.2106725409
1778.0,473.1483401556135,477.05212455739434,1.2181272602146862,1.0348619347066688,0.7042336738790294,-0.0008392810854192625,0.0008575814149226605,0.00015252393591983507,20000.0,-5000.0,68121.02180790248
1779.0,474.3666310053289,478.0875457156382,1.2184470169712824,1.0359551492978767,0.7046251665312605,0.001833405761938058,0.0021002959346645275,0.00030857279618217044,20000.0,-5000.0,68025.45482092061
1780.0,475.58523418955605,479.1240348559901,1.2187519273356031,1.0369978728967624,0.7049981755228928,0.0011391710778798796,0.002291807206547693,0.00042070664462856577,20000.0,-5000.0,67929.51652565085
1781.0,476.8041348600001,480.16154146143174,1.2190419875921634,1.0379900546821546,0.7053527402953474,0.000381904571612801,0.00027294855363354294,0.000369320416922119,20000.0,-5000.0,67833.2138213788
1782.0,478.0233181647404,481.2000149653544,1.2193171942066385,1.0389316462965326,0.705688898317645,-0.0022664236507549287,0.00022084038050534688,6.113622297530168e-05,20000.0,-5000.0,67736.55369149055
1783.0,479.24276924841337,482.2394047540248,1.219577543826091,1.039822601848357,0.7060066850936079,-0.0007699828635130417,0.0012602068641588055,0.00033418152322800597,20000.0,-5000.0,67639.54320230601
1784.0,480.46247325239256,483.2796601690511,1.2198230332782032,1.0406628779136327,0.706306134168781,0.0009534342006094706,0.0024037818466625996,0.0003355342954352312,20000.0,-5000.0,67542.18950187572
1785.0,481.6824153149698,484.32073050985207,1.2200536595714198,1.0414524335382396,0.7065872771370271,0.0014847770792448284,0.001956180626802261,0.00043043819110877366,20000.0,-5000.0,67444.4998187411
1786.0,482.9025805715354,485.3625650361276,1.2202694198956863,1.0421912302404337,0.70685014364664,0.001362031564119626,-0.0005887177298427382,0.000172877824562399,20000.0,-5000.0,67346.48146065894
1787.0,484.12295415476115,486.40511297033294,1.2204703116223072,1.0428792320124955,0.7070947614060897,-0.0014624797937235743,0.00038790831136804687,-4.119508588159898e-05,20000.0,-5000.0,67248.14181329023
1788.0,485.34352119478,487.4483235001526,1.2206563323034914,1.0435164053221797,0.7073211561894807,0.0004922443527428406,-0.00035622588372663847,9.428033534736934e-05,20000.0,-5000.0,67149.48833885383
1789.0,486.56426681936813,488.4921457809773,1.2208274796723515,1.0441027191143348,0.7075293518415873,0.0012200001655732517,0.0002826159784108824,6.371450363691075e-05,20000.0,-5000.0,67050.52857474571
1790.0,487.7851761541247,489.53652893838125,1.2209837516434732,1.0446381448128363,0.70771937028249,-0.0015760882445766402,0.0021787993631757017,0.00027185959355980206,20000.0,-5000.0,66951.27013212368
1791.0,489.0062343226551,490.58142207060297,1.2211251463130282,1.045122656322036,0.707891231511847,0.00012573325747666078,-0.0010206787399065686,-0.00017249007472641746,20000.0,-5000.0,66851.72069445885
1792.0,490.22742644675077,491.6267742510253,1.2212516619582345,1.0455562300275858,0.7080449536128178,0.0004039131645321167,-0.0012757722324234087,8.932742001880315e-05,20000.0,-5000.0,66751.88801605371
1793.0,491.44873764657154,492.67253453065814,1.2213632970371862,1.045938844797405,0.7081805527555884,-0.00020864686122151597,-0.0005046965365802204,0.0003025070822768644,20000.0,-5000.0,66651.77992052761
1794.0,492.67015304082514,493.71865194062013,1.2214600501895916,1.0462704819833561,0.708298043200546,-0.0018372188276034344,0.0006049870986157922,0.0001093323873914877,20000.0,-5000.0,66551.40429927062
1795.0,493.8916577469507,494.76507549462485,1.221541920236973,1.0465511254222406,0.7083974373010344,-0.00026434764464119547,0.0009008192852427231,0.00020096867179796507,20000.0,-5000.0,66450.76910986558
1796.0,495.1132368812991,495.8117541914646,1.2216089061817001,1.0467807614358549,0.7084787455058211,-0.00028090401336866734,0.0006591397036587698,-0.00013035040895356266,20000.0,-5000.0,66349.88237447974
1797.0,496.3348755593141,496.85863701749656,1.2216610072072172,1.046959378831815,0.708541976361129,-0.00010935960470552083,0.0013759956192751152,-0.00014351149332174584,20000.0,-5000.0,66248.752178226
1798.0,497.5565588957135,497.90567294912825,1.221698222678782,1.0470869689046083,0.7085871365122517,-0.0005563236353039205,-0.001731804246895933,0.00021350217171387762,20000.0,-5000.0,66147.38666749522
1799.0,498.7782720046717,498.9528109553058,1.2217205521431822,1.047163525435849,0.7086142307048925,-0.0004459137885762216,0.0012870888871272606,3.05539708526238e-05,20000.0,-5000.0,66045.79404825925
1800.0,499.9999999999999,499.99999999999994,1.2217279953283935,1.047189044694278,0.7086232617860901,-4.1300581114570365e-05,-0.00032462666720508323,1.274544170923373e-05,20000.0,-5000.0,65943.98258434635
1801.0,501.2217279953285,501.04718904469433,1.2217205521433527,1.0471635254359626,0.7086142307048772,0.0004453338534548907,0.0007098275993282673,-0.0001560576958706166,20000.0,-5000.0,65841.96059568919
1802.0,502.4434411042866,502.09432705087187,1.221698222678782,1.0470869689046083,0.7085871365122517,-0.00034642266794587313,-0.001478637313395234,-2.368935453792776e-05,20000.0,-5000.0,65739.73645654653
1803.0,503.66512444068604,503.14136298250355,1.221661007207075,1.0469593788317013,0.7085419763611329,-0.00047075552660404867,-0.00014794801454585276,-0.00019561957183653376,20000.0,-5000.0,65637.3185936989
1804.0,504.88676311870074,504.18824580853527,1.2216089061816717,1.0467807614358549,0.7084787455058327,3.651878101851644e-05,4.163088253022145e-05,7.420620515107357e-05,20000.0,-5000.0,65534.71548461971
1805.0,506.1083422530494,505.23492450537526,1.2215419202371436,1.0465511254223827,0.7083974373010324,-0.0020724731285873435,0.0009470173821365582,0.00024629975065805493,20000.0,-5000.0,65431.93565562187
1806.0,507.32984695917503,506.28134805938004,1.22146005018962,1.0462704819833561,0.7082980432005345,0.00040687758821165683,-0.001955046566030273,-4.871745466104685e-05,20000.0,-5000.0,65328.98767998167
1807.0,508.5512623534286,507.327465469342,1.2213632970370156,1.0459388447972344,0.7081805527555768,-0.00010477982247865843,-0.00032513864356944187,-0.0002049056955918348,20000.0,-5000.0,65225.880176039675
1808.0,509.77257355324906,508.3732257489745,1.2212516619582061,1.0455562300275858,0.7080449536128293,-7.77880486308234e-05,-0.0015369042296365179,-0.00045734804874573114,20000.0,-5000.0,65122.62180528061
1809.0,510.99376567734504,509.41857792939714,1.2211251463131987,1.045122656322178,0.7078912315118452,0.0008653548494505514,6.675026936908397e-05,-0.00037067713390980493,20000.0,-5000.0,65019.2212703923
1810.0,512.2148238458755,510.46347106161886,1.2209837516435016,1.0446381448128363,0.7077193702824786,-0.002180058899948184,0.000298454969733539,1.0950973225091684e-05,20000.0,-5000.0,64915.68731330513
1811.0,513.435733180632,511.5078542190228,1.2208274796721525,1.0441027191142211,0.707529351841614,-0.002216797524095406,0.0007779833523654048,-0.0003261231265155248,20000.0,-5000.0,64812.028713212276
1812.0,514.6564788052198,512.5516764998473,1.220656332303463,1.0435164053221513,0.7073211561894787,0.00010621367663948578,-0.0011682556722237578,-0.00026306121690755256,20000.0,-5000.0,64708.25428457269
1813.0,515.877045845239,513.5948870296671,1.2204703116224778,1.0428792320125808,0.7070947614060611,-0.0002008588171571821,0.0003018692276884864,-0.0001546302549908888,20000.0,-5000.0,64604.372875096575
1814.0,517.0974194284647,514.6374349638725,1.2202694198957147,1.0421912302404621,0.7068501436466419,-3.1316085493971775e-05,0.0007021456890887933,-7.080768841966862e-05,20000.0,-5000.0,64500.39336371533
1815.0,518.3175846850304,515.679269490148,1.2200536595712492,1.0414524335381543,0.7065872771370556,-0.0007038758523744538,-0.002473403290726534,-0.00029663644244287007,20000.0,-5000.0,64396.32465853635
1816.0,519.5375267476072,516.7203398309488,1.2198230332780327,1.040662877913519,0.7063061341687961,0.00045297113468307625,-0.0001779838633022005,-0.00034023734203933475,20000.0,-5000.0,64292.17569478372
1817.0,520.7572307515865,517.7605952459751,1.21957754382629,1.0398226018484706,0.7060066850935812,0.0007171669088433304,0.00013138188381206658,-0.00029977892986664056,20000.0,-5000.0,64187.95543272627
1818.0,521.9766818352598,518.7999850346457,1.2193171942067806,1.0389316462966462,0.7056888983176415,0.0002356371826258111,-0.0011853884309902974,-0.000404431325411875,20000.0,-5000.0,64083.67285559327
1819.0,523.19586514,519.8384585385684,1.219041987591993,1.0379900546820409,0.7053527402953624,-0.000553934758494095,-0.002226275630364389,-0.0004161783848210039,20000.0,-5000.0,63979.33696747955
1820.0,524.4147658104438,520.8759651440098,1.218751927335461,1.0369978728966203,0.7049981755228827,-0.002489803290006231,-3.6635086570838745e-05,-0.00031295535019829936,20000.0,-5000.0,63874.95679124029
1821.0,525.633368994671,521.9124542843616,1.2184470169714245,1.0359551492979904,0.7046251665312571,0.0004877892563771431,-0.0023156409695715263,-0.00035938336293777837,20000.0,-5000.0,63770.54136637731
1822.0,526.8516598443866,522.9478754426058,1.2181272602148283,1.0348619347068393,0.7042336738790531,0.0009436058863653085,-0.0013039461027337653,-0.00013768650313212725,20000.0,-5000.0,63666.09974691722
1823.0,528.0696235151006,523.9821781537753,1.2177926609618908,1.0337182824047773,0.7038236561445819,0.0003284204569481841,-0.0012105784186929162,-0.0003651421493695567,20000.0,-5000.0,63561.64099928302
1824.0,529.2872451663104,525.0153120074153,1.2174432232898198,1.032524248132063,0.7033950699180995,-0.001271816853243074,-0.00047492760472435684,-0.0002958263724519366,20000.0,-5000.0,63457.174200159774
1825.0,530.5045099616802,526.0472266500394,1.217078951456358,1.0312798900843632,0.7029478697932912,0.0003291620982970304,-0.0019212818737085677,-0.000588741741966447,20000.0,-5000.0,63352.70843435568
1826.0,531.7214030692231,527.0778717875841,1.2166998498998964,1.029985268909627,0.7024820083582536,0.0005085678529016258,-0.002031792492761761,-0.0004104053488039695,20000.0,-5000.0,63248.25279265959
1827.0,532.93790966148,528.1071971878587,1.216305923239588,1.0286404477058682,0.7019974361865874,0.001220069504707172,-0.0012670012823532818,-0.0005831788622160223,20000.0,-5000.0,63143.81636969595
1828.0,534.1540149157023,529.1351526829958,1.2158971762755186,1.0272454920179825,0.7014941018276782,-0.0013274423848535957,-0.00037318955847948283,-0.0004639379572744183,20000.0,-5000.0,63039.40826177817
1829.0,535.3697040140311,530.1616881718946,1.2154736139882516,1.0258004698341097,0.7009719517966864,-0.0006665146271411535,0.0009092761783800461,-0.00044661369385369537,20000.0,-5000.0,62935.03756476177
1830.0,536.5849621436788,531.186753622664,1.2150352415384873,1.0243054515824497,0.7004309305643799,0.0003315018878543431,-0.003087989901292586,-0.0005443311408609426,20000.0,-5000.0,62830.71337189796
1831.0,537.799774497108,532.2102990750595,1.2145820642675176,1.0227605101280233,0.6998709805462889,-0.00040086170218818463,-0.0012418616791296927,-0.0002723479482324148,20000.0,-5000.0,62726.4447716895
1832.0,539.0141262722138,533.2322746429201,1.214114087697567,1.0211657207693747,0.6992920420915523,-0.0016375642516947265,-0.0027498363614490923,-0.00041223167762628716,20000.0,-5000.0,62622.2408457485
1833.0,540.2280026725032,534.2526305165983,1.213631317530826,1.0195211612342518,0.6986940534714693,-5.889993863231831e-05,-0.0006096856813191573,-0.0004622577451437127,20000.0,-5000.0,62518.110666658904
1834.0,541.4413889072755,535.2713169653886,1.2131337596492244,1.017826911675968,0.6980769508677508,9.69475259350568e-05,-0.0026952825586579535,-0.0005323693867681181,20000.0,-5000.0,62414.063295843545
1835.0,542.6542701918016,536.2882843399502,1.2126214201155108,1.0160830546698207,0.6974406683599358,-0.0004282324287180038,-0.0024703551342249493,-0.0004282840970837762,20000.0,-5000.0,62310.10778143737
1836.0,543.8666317475065,537.3034830747282,1.2120943051726272,1.0142896752091133,0.6967851379129771,-0.0003060976674606862,-0.002431028428236361,-0.0008425307860286983,20000.0,-5000.0,62206.25315616751
1837.0,545.0784588021469,538.3168636903685,1.2115524212432547,1.012446860700777,0.696110289364233,-0.0008183586619442021,-0.0019467456261289312,-0.0005154324325615762,20000.0,-5000.0,62102.50843524175
1838.0,546.289736589993,539.3283767961298,1.21099577492987,1.0105547009607108,0.695416050409778,0.0009736111317353504,-0.0015806115192688757,-0.0008263042323200424,20000.0,-5000.0,61998.88261424592
1839.0,547.5004503520066,540.3379730922899,1.2104243730149165,1.0086132882100287,0.6947023465907779,-0.001515633287443024,-0.0014628688243506376,-0.0007931215831812714,20000.0,-5000.0,61895.38466705181
1840.0,548.7105853360229,541.3456033725498,1.209838222461201,1.0066227170707407,0.693969101279162,-0.0012044243486558214,-0.0020211009512229924,-0.00067377210515808,20000.0,-5000.0,61792.02354373602
1841.0,549.920126796929,542.3512185264314,1.2092373304107014,1.0045830845605224,0.6932162356631655,-0.0005968325310176183,-0.0034474027069838348,-0.0006105203614866549,20000.0,-5000.0,61688.808168511096
1842.0,551.1290599968443,543.3547695416709,1.2086217041846794,1.0024944900878268,0.6924436687321698,0.00029125649689127383,-0.0013560161127999003,-0.0009248260324263608,20000.0,-5000.0,61585.74743767025
1843.0,552.3373702052984,544.356207506607,1.2079913512845337,1.0003570354479052,0.6916513172613549,-0.0021952085546029588,-0.002216917711356624,-0.0008655413817649044,20000.0,-5000.0,61482.85021754615
1844.0,553.5450426994133,545.3554836125667,1.2073462793911744,0.998170824817521,0.6908390957959775,-0.002015335647603851,-0.0010021542268626045,-0.000810163546964839,20000.0,-5000.0,61380.12534248473
1845.0,554.7520627640807,546.352549156242,1.2066864963645116,0.9959359647494352,0.6900069166351563,-0.0027866825828931165,-0.002995286449569405,-0.0008652030554133028,20000.0,-5000.0,61277.581612835915
1846.0,555.9584156921424,547.3473555420655,1.206012010243569,0.9936525641673484,0.6891546898152906,-0.0006478255449134858,-0.0039742249489167795,-0.0007568977578483576,20000.0,-5000.0,61175.22779296088
1847.0,557.1640867845679,548.3398542845767,1.205322829246711,0.9913207343609542,0.688282323093154,-0.0018597326120340213,-0.0023913798185197727,-0.0004584443827465864,20000.0,-5000.0,61073.07260925806
1848.0,558.3690613506358,549.3299970107875,1.2046189617717005,0.9889405889807108,0.687389721928586,-0.001111197110077962,-0.0010562569857940844,-0.0008510170126854369,20000.0,-5000.0,60971.12474820777
1849.0,559.5733247081113,550.3177354625382,1.2039004163950153,0.9865122440314735,0.6864767894665872,-3.794589984356593e-05,-0.002284981222055327,-0.0010138808076762416,20000.0,-5000.0,60869.39285443736
1850.0,560.7768621834258,551.3030214988504,1.2031672018715085,0.9840358178670954,0.6855434265194172,-0.0014078467712541705,-0.002708093425514492,-0.0011036354798991698,20000.0,-5000.0,60767.88552880702
1851.0,561.9796591118543,552.2858070982724,1.2024193271350896,0.9815114311850834,0.6845895315479764,-0.0005146317567278696,-0.003453598881822988,-0.0010043536345079721,20000.0,-5000.0,60666.61132651766
1852.0,563.181700837696,553.2660443612206,1.2016568012988387,0.9789392070206873,0.6836150006428034,-0.0010812037560378987,-0.0007677353761033061,-0.0011009414707868724,20000.0,-5000.0,60565.578755241295
1853.0,564.382972714452,554.2436855123137,1.2008796336538694,0.9763192707406461,0.6826197275050828,-8.538255907019113e-05,-0.003714672006777853,-0.0009479966915838408,20000.0,-5000.0,60464.79627327526
1854.0,565.5834601050037,555.2186829027019,1.2000878336693859,0.9736517500365949,0.6816036034266632,-0.0003049057747663915,-0.003445768421335813,-0.0009708195837837515,20000.0,-5000.0,60364.27228772072
1855.0,566.7831483817907,556.1909890123869,1.199281410993251,0.9709367749196076,0.6805665172701095,-0.0015334455394567857,-0.0021457137768531743,-0.0011047851588858618,20000.0,-5000.0,60264.01515268681
1856.0,567.9820229269902,557.1605564525411,1.1984603754517025,0.9681744777142285,0.6795083554485237,-0.0010037604826730316,-0.004716435137467094,-0.0008237876061210556,20000.0,-5000.0,60164.033167520196
1857.0,569.1800691326941,558.1273379678154,1.197624737048784,0.965364993050855,0.6784290019043256,0.00024271736072232716,-0.0015072415058377236,-0.0011807727453500988,20000.0,-5000.0,60064.33457506223
1858.0,570.3772724010878,559.0912864386428,1.1967745059662889,0.9625084578594851,0.6773283380881883,-0.00044835038314229716,-0.002230734935619459,-0.0011261188792901845,20000.0,-5000.0,59964.92755993338
1859.0,571.5736181446267,560.0523548835343,1.195909692563987,0.9596050113636352,0.6762062429376259,-0.0023251526009940445,-0.0019914941188190075,-0.0010539913693099414,20000.0,-5000.0,59865.8202468461
1860.0,572.7690917862158,561.01049646137,1.195030307379625,0.9566547950734616,0.6750625928549578,-0.00020472307885498848,-0.002393002594961662,-0.0010443990855840207,20000.0,-5000.0,59767.020698946886
1861.0,573.963678759386,561.9656644736813,1.1941363611281304,0.953657952778201,0.6738972616849339,-0.002029381580320092,-0.003187675265252682,-0.0010185659999972893,20000.0,-5000.0,59668.536916188095
1862.0,575.157364508472,562.9178123669265,1.1932278647020098,0.9506146305398602,0.672710120692199,0.0005534627502187662,-0.0041723246303193165,-0.0011452293596552012,20000.0,-5000.0,59570.37683373048
1863.0,576.35013448879,563.866893734761,1.19230482917078,0.947524976685429,0.6715010385380913,0.00013491931090201404,-0.003258444163181321,-0.001090422992205504,20000.0,-5000.0,59472.54832037655
1864.0,577.5419741668136,564.8128623202973,1.1913672657813663,0.9443891418002863,0.6702698812573533,-0.0006432965598064766,-0.004173243282170171,-0.0013243464226537513,20000.0,-5000.0,59375.05917703627
1865.0,578.7328690203527,565.7556720183616,1.1904151859578747,0.9412072787208672,0.6690165122344245,-0.0007957861351933537,-0.0026991240693370936,-0.0011512409091832968,20000.0,-5000.0,59277.91713522458
1866.0,579.9228045387293,566.695276877739,1.1894486013011942,0.9379795425265911,0.6677407921791272,-0.0011912565680569395,-0.002411420191894072,-0.0011753108519656334,20000.0,-5000.0,59181.12985559252
1867.0,581.1117662229551,567.6316311034147,1.1884675235885993,0.9347060905325293,0.6664425791024441,-0.00028255000990522834,-0.0017601242169066904,-0.001122821432700522,20000.0,-5000.0,59084.704926491526
1868.0,582.2997395859065,568.5646890588041,1.1874719647740903,0.9313870822822423,0.6651217282918023,-0.0013884590685299323,-0.0029550105272881703,-0.0015381507917947238,20000.0,-5000.0,58988.64986257232
1869.0,583.4867101525033,569.4944052679792,1.1864619369885077,0.9280226795397084,0.6637780922857036,-0.0007722275731302717,-0.002425318810091358,-0.0014670622880215611,20000.0,-5000.0,58892.97210341794
1870.0,584.6726634598836,570.4207344178835,1.1854374525388494,0.9246130462810811,0.6624115208483197,-0.00012476199714522428,-0.0037412412104526993,-0.0012765290328539541,20000.0,-5000.0,58797.67901221243
1871.0,585.857585057581,571.3436313605414,1.1843985239078165,0.9211583486869017,0.6610218609439679,-0.00163050876477105,-0.003974626642069078,-0.0017284960134525415,20000.0,-5000.0,58702.77787444485
1872.0,587.0414605076992,572.2630511152573,1.1833451637543817,0.917658755134255,0.659608956710887,-0.0017015037973495252,-0.0030292653389667134,-0.0013638855924516568,20000.0,-5000.0,58608.275896649626
1873.0,588.2242753850898,573.1789488708099,1.1822773849136752,0.9141144361886404,0.6581726494348983,-0.002317303689644251,-0.00396858591986309,-0.0013172955108492399,20000.0,-5000.0,58514.18020518317
1874.0,589.4060152775265,574.0912799876346,1.1811952003963029,0.9105255645951047,0.6567127775226712,-0.0021965945458098457,-0.003331066239963275,-0.0015428689175774044,20000.0,-5000.0,58420.497845037564
1875.0,590.5866657858824,575.0000000000001,1.1800986233880622,0.9068923152699995,0.6552291764749278,-0.003005576174940879,-0.00475915115544245,-0.001548640548734716,20000.0,-5000.0,58327.23577869152
1876.0,591.7662125243027,575.9050646181746,1.1789876672503397,0.9032148652927958,0.6537216788591831,-0.0003590058351042551,-0.004616487754436504,-0.0016520940545096824,20000.0,-5000.0,58234.40088499901
1877.0,592.944641120383,576.8064297305857,1.1778623455201114,0.8994933938974441,0.6521901142822024,0.0007490489641083981,-0.0030824689642725,-0.0016080506595430298,20000.0,-5000.0,58141.999958115666
1878.0,594.1219372153429,577.7040514059695,1.1767226719090331,0.8957280824631084,0.6506343093623026,0.0003357165809600134,-0.0028648469680564457,-0.0016288028512781115,20000.0,-5000.0,58050.039706463635
1879.0,595.2980864642011,578.5978858955119,1.1755686603034405,0.8919191145056402,0.6490540877014929,-0.0028525491050614277,-0.0048559359355833005,-0.0016767915260870242,20000.0,-5000.0,57958.52675173482
1880.0,596.4730745359498,579.4878896349808,1.1744003247645196,0.8880666756687674,0.6474492698572282,-0.0004215311283913419,-0.003176539372871057,-0.0017082465768445065,20000.0,-5000.0,57867.46762793302
1881.0,597.6468871137301,580.3740192468495,1.1732176795284204,0.8841709537150564,0.6458196733139111,0.00028941432159600915,-0.004471394815608674,-0.0016755243273240755,20000.0,-5000.0,57776.868780454926
1882.0,598.8195098950066,581.2562315424109,1.1720207390053474,0.8802321385165897,0.6441651124545211,-0.0016792328300620496,-0.003943097937740432,-0.0017020762614829584,20000.0,-5000.0,57686.73656521025
1883.0,599.9909285917408,582.1344835238826,1.1708095177792757,0.8762504220453593,0.6424853985317089,-0.0011128334193480814,-0.0025292320724696945,-0.001461093389935564,20000.0,-5000.0,57597.077247781366
1884.0,601.1611289305652,583.0087323865016,1.1695840306085188,0.8722259983646836,0.6407803396389972,-0.0033211272665819723,-0.0032057695033047232,-0.0017664766596990592,20000.0,-5000.0,57507.89700262243
1885.0,602.3300966529579,583.878935520612,1.1683442924255587,0.8681590636194869,0.6390497406815792,-0.0009694098955292322,-0.003260263084434195,-0.0017009953924681947,20000.0,-5000.0,57419.201912297765
1886.0,603.4978175154163,584.7450505137406,1.1670903183363066,0.8640498160264087,0.6372934033471895,-0.002367348509511886,-0.0021448711820037775,-0.001840502399220341,20000.0,-5000.0,57330.997966760406
1887.0,604.6642772896305,585.6070351526648,1.165822123619705,0.8598984558642542,0.6355111260769758,-0.0010676464795233201,-0.004904457001762438,-0.0018681136837909835,20000.0,-5000.0,57243.29106267008
1888.0,605.8294617626557,586.4648474254691,1.1645397237282396,0.8557051854642737,0.6337027040358796,-0.0029133834876527713,-0.005239583461683825,-0.0020319406851451822,20000.0,-5000.0,57156.08700275117
1889.0,606.993356737087,587.3184455235934,1.1632431342879386,0.8514702092008974,0.631867929083485,-0.000739021080714125,-0.005006843137213899,-0.0020419848204619186,20000.0,-5000.0,57069.39149519028
1890.0,608.1559480312316,588.1677878438709,1.1619323710972935,0.8471937334809923,0.6300065897445112,-0.00025219285710527785,-0.004561841091616908,-0.0020236887316956937,20000.0,-5000.0,56983.210153073815
1891.0,609.3172214792816,589.0128329905554,1.160607450127202,0.8428759667335157,0.6281184711791523,-0.0021466181281470376,-0.006787398294533361,-0.0018789466415787398,20000.0,-5000.0,56897.54849386518
1892.0,610.477162931486,589.8535397773379,1.1592683875214789,0.8385171194004215,0.6262033551539676,-0.002528697911741676,-0.0045950383627261695,-0.0017959113174742928,20000.0,-5000.0,56812.41193892195
1893.0,611.6357582543245,590.6898672293562,1.1579151995964025,0.8341174039260864,0.6242610200124504,-0.0036028346830361963,-0.004986478830341451,-0.002176555624863838,20000.0,-5000.0,56727.8058130522
1894.0,612.7929933306788,591.5217745851901,1.1565479028402592,0.8296770347463394,0.6222912406455042,-0.0016514534940220522,-0.003645358293426137,-0.002051379218044489,20000.0,-5000.0,56643.735344110886
1895.0,613.948854060005,592.3492212988489,1.155166513912718,0.825196228278287,0.6202937884626087,-0.0019933728700332006,-0.004134346087893938,-0.0021800972917531054,20000.0,-5000.0,56560.20566263524
1896.0,615.1033263585042,593.1721670417467,1.1537710496455702,0.8206752029100812,0.6182684313626036,-0.003015789855620043,-0.005165840627309981,-0.0020720427174922423,20000.0,-5000.0,56477.221801519765
1897.0,616.2563961592962,593.990571704669,1.1523615270425012,0.8161141789904605,0.6162149337049838,-0.0009453346791248304,-0.003967262911851722,-0.0019349231537690156,20000.0,-5000.0,56394.78869572986
1898.0,617.4080494125892,594.8043953997276,1.150937963278011,0.811513378817267,0.6141330562812332,-0.0018986134034545145,-0.0038682724413754447,-0.0021513399925391172,20000.0,-5000.0,56312.9111820548
1899.0,618.5582720858522,595.6135984623036,1.149500375697471,0.8068730266267039,0.6120225562864315,-0.002563519969766223,-0.005459419793672726,-0.002130798726734871,20000.0,-5000.0,56231.59399889905
1900.0,619.7070501639841,596.418141452981,1.1480487818174652,0.8021933485830459,0.6098831872913778,-0.00203542795327881,-0.005212047246479225,-0.001974333829890333,20000.0,-5000.0,56150.84178611222
1901.0,620.8543696494871,597.2179851594697,1.146583199325562,0.7974745727673849,0.6077146992147923,-0.0003582479810069097,-0.007052926362163099,-0.0021266633800440258,20000.0,-5000.0,56070.659084857
1902.0,622.0002165626353,598.0130905985158,1.145103646079349,0.7927169291662608,0.6055168382962053,-0.0008593833563547385,-0.005911414042429518,-0.002306481604510914,20000.0,-5000.0,55991.050337515124
1903.0,623.1445769416458,598.8034190178022,1.1436101401063752,0.7879206496602933,0.6032893470689727,-0.0016357201452270901,-0.005587762002914617,-0.0022228247030493297,20000.0,-5000.0,55912.01988763087
1904.0,624.287436842848,599.5889318978363,1.1421026996046635,0.7830859680132676,0.6010319643338815,-0.000870435068691887,-0.004776620779896929,-0.0023745916171545455,20000.0,-5000.0,55833.571979891865
1905.0,625.4287823408552,600.3695909538287,1.1405813429420846,0.77821311986105,0.598744425133733,-0.0027358307244276982,-0.00587515463219479,-0.00225085868189689,20000.0,-5000.0,55755.71076014676
1906.0,626.5685995287322,601.1453581375584,1.1390460886559595,0.7733023426994237,0.5964264607278551,-0.001508523909779315,-0.00546369026335427,-0.0022697133947626592,20000.0,-5000.0,55678.440275459456
1907.0,627.7068745181671,601.9161956392276,1.1374969554526047,0.7683538758724353,0.594077798567659,-0.0014028255622190607,-0.0062417216046962865,-0.0025328750747693504,20000.0,-5000.0,55601.76447419966
1908.0,628.8435934396374,602.6820658893033,1.1359339622075595,0.7633679605614816,0.5916981622731543,-0.0020586152717633165,-0.004826533533295431,-0.0023736476913491593,20000.0,-5000.0,55525.68720616907
1909.0,629.9787424425822,603.4429315603505,1.1343571279658704,0.7583448397730876,0.5892872716095089,-0.0011308021405686747,-0.004598793099365317,-0.0024411700211098876,20000.0,-5000.0,55450.21222276306
1910.0,631.1123076955691,604.1987555688495,1.132766471940613,0.7532847583270836,0.5868448424654864,-0.002409326884793185,-0.004659917218536312,-0.0023911218910674516,20000.0,-5000.0,55375.343177167255
1911.0,632.2442753864634,604.9495010770047,1.1311620135134604,0.7481879628448951,0.5843705868321131,-0.0010810586678018804,-0.005102170835292485,-0.0023877154630273603,20000.0,-5000.0,55301.083624588624
1912.0,633.3746317225961,605.6951314945393,1.1295437722339443,0.743054701736753,0.5818642127822838,-0.001051105672202485,-0.006754319460261471,-0.0024636575039185247,20000.0,-5000.0,55227.437022520666
1913.0,634.5033629309313,606.4356104804782,1.1279117678199668,0.7378852251906096,0.579325424452054,-0.00467316661922533,-0.005832304522485322,-0.00259256350687638,20000.0,-5000.0,55154.40673104217
1914.0,635.630455258236,607.1709019449205,1.1262660201571748,0.7326797851596893,0.5767539220227919,-0.0004145100367627598,-0.005646955895384448,-0.002472825928644396,20000.0,-5000.0,55081.99601314891
1915.0,636.7558949712457,607.9009700507976,1.1246065492985053,0.7274386353498699,0.574149401704467,-0.00483632439152595,-0.005678365526594571,-0.0027289308099252728,20000.0,-5000.0,55010.208035118085
1916.0,637.879668356833,608.6257792156202,1.1229333754637878,0.7221620312070627,0.5715115557203196,-0.0023207999445883664,-0.005216210835225653,-0.002817634834263434,20000.0,-5000.0,54939.045866904715
1917.0,639.0017617221732,609.3452941132117,1.1212465190400849,0.7168502299056172,0.5688400722933737,-0.0006271693174257663,-0.003846490288116105,-0.003082801284680998,20000.0,-5000.0,54868.51248256965
1918.0,640.1221613949132,610.0594796754315,1.119546000581579,0.7115034903354172,0.5661346356339221,-0.0020373656351619935,-0.004519374658955875,-0.0027312295165554264,20000.0,-5000.0,54798.61076073833
1919.0,641.2408537233364,610.7683010938825,1.117831840808492,0.7061220730888635,0.5633949259290262,-0.003246026719929012,-0.0064257938406490685,-0.0028583980016505107,20000.0,-5000.0,54729.343485090256
1920.0,642.3578250765302,611.4717238216092,1.1161040606070856,0.7007062404486533,0.560620619333895,-0.0028722330177751334,-0.004727266041020807,-0.0027426807439980896,20000.0,-5000.0,54660.71334487806
1921.0,643.4730618445506,612.1697135747798,1.1143626810297178,0.6952562563747051,0.5578113879646227,-0.0006800302746176776,-0.004800914993308043,-0.003070135624584104,20000.0,-5000.0,54592.72293547598
1922.0,644.5865504385896,612.8622363343586,1.1126077232949,0.689772386491768,0.5549668998934062,-0.003760393492800243,-0.006339112091226879,-0.0029421549244972854,20000.0,-5000.0,54525.374758956896
1923.0,645.6982772911404,613.5492583477634,1.1108392087862171,0.6842548980760057,0.5520868191457244,-0.0006009594226906714,-0.004651213376968863,-0.002840009481930769,20000.0,-5000.0,54458.67122469749
1924.0,646.808228856162,614.2307461305106,1.1090571590522131,0.6787040600416958,0.5491708056994838,-0.001846121065229554,-0.005734193701480485,-0.003061247424992671,20000.0,-5000.0,54392.614650010895
1925.0,647.9163916092448,614.9066664678468,1.1072615958066763,0.6731201429288944,0.5462185154870565,-0.0030425818163147206,-0.007066886951743895,-0.0029200948770433843,20000.0,-5000.0,54327.207260806106
1926.0,649.0227520477754,615.5769864163684,1.10545254092807,0.6675034188900213,0.5432296003995227,-0.002422318161624791,-0.005159510461906151,-0.003076147657459644,20000.0,-5000.0,54262.45119227367
1927.0,650.1272966911009,616.2416733056268,1.103630016459249,0.6618541616763878,0.5402037082934592,-0.0028873164060877737,-0.005439712791263606,-0.0030486076850042287,20000.0,-5000.0,54198.34848959684
1928.0,651.2300120806939,616.9006947397212,1.1017940446068906,0.6561726466246114,0.5371404830006116,-0.0009416782174551364,-0.005934324927754549,-0.0030086214944029235,20000.0,-5000.0,54134.901108687736
1929.0,652.3308847803147,617.554018598876,1.0999446477416086,0.6504591506435418,0.5340395643406413,-0.0010942616281418888,-0.005768304124447015,-0.0030023594973749494,20000.0,-5000.0,54072.110916947895
1930.0,653.4299013761771,618.2016130410083,1.0980818483980102,0.6447139522012435,0.5309005881371102,-0.003657678654005013,-0.006508868086517272,-0.003146774247860905,20000.0,-5000.0,54009.9796940521
1931.0,654.5270484771107,618.8434465032785,1.0962056692738429,0.6389373313106148,0.5277231862362436,-0.002302654857629737,-0.005157562691434878,-0.003297260594050285,20000.0,-5000.0,53948.50913275554
1932.0,655.6223127147248,619.4794877036295,1.0943161332293698,0.6331295695157451,0.5245069865295986,-0.0027940475512902843,-0.005868385993656065,-0.0032923147681693504,20000.0,-5000.0,53887.70083972308
1933.0,656.7156807435695,620.10970564231,1.0924132632879946,0.627290949878784,0.521251612980276,-0.0005640779184405424,-0.0056807741257751425,-0.003196541601842746,20000.0,-5000.0,53827.55633638016
1934.0,657.8071392413008,620.7340696033871,1.0904970826359204,0.621421756966015,0.517956685652856,-0.003327133046287332,-0.0055128545258491006,-0.0034409325087008725,20000.0,-5000.0,53768.07705978467
1935.0,658.8966749088413,621.352549156242,1.0885676146211836,0.6155222768335875,0.5146218207474069,-0.0002674573364772825,-0.007115424867072309,-0.0033770033143379697,20000.0,-5000.0,53709.26436351905
1936.0,659.9842744705431,621.9651141570542,1.0866248827534264,0.6095927970136472,0.5112466306377395,-0.0019839835586042305,-0.006874525715089101,-0.0034431716910193616,20000.0,-5000.0,53651.11951860202
1937.0,661.0699246743482,622.5717347502693,1.084668910704238,0.6036336065006935,0.5078307239140747,-0.0031711689770735386,-0.008272579466914605,-0.003449218834375587,20000.0,-5000.0,53593.64371441928
1938.0,662.1536122919516,623.1723813700556,1.0826997223068702,0.5976449957374257,0.5043737054302975,-0.0026802528797518523,-0.005415756986934489,-0.0036023327824862197,20000.0,-5000.0,53536.83805967225
1939.0,663.2353241189619,623.7670247417442,1.0807173415551574,0.5916272566003613,0.500875176356268,-0.0028227705385239724,-0.0072930397292170065,-0.003748040374548284,20000.0,-5000.0,53480.70358334443
1940.0,664.3150469750619,624.3556358832564,1.0787217926035169,0.5855806823853982,0.49733473423480434,-0.0033279181658488572,-0.005922951713574616,-0.0034973350314097033,20000.0,-5000.0,53425.24123568465
1941.0,665.3927677041689,624.938186106515,1.0767130997671757,0.5795055677939445,0.49375197304435864,-0.0019166181639521849,-0.005703352475114622,-0.0034851387322560735,20000.0,-5000.0,53370.451889206466
1942.0,666.4684731745963,625.5146470188442,1.0746912875217163,0.5734022089188215,0.49012648326742775,-0.0033055788258262364,-0.005490793587239282,-0.003868238971764639,20000.0,-5000.0,53316.336339702895
1943.0,667.5421502792124,626.0849905243526,1.07265638050211,0.56727090322903,0.48645785196421065,-0.004309354952348004,-0.0073974906526098365,-0.0036448797699346297,20000.0,-5000.0,53262.89530727603
1944.0,668.6137859356005,626.6491888253023,1.0706084035028312,0.5611119495556522,0.48274566285279075,-0.002449420869272595,-0.00624040558326786,-0.003600498481831319,20000.0,-5000.0,53210.12943738077
1945.0,669.683367086218,627.2072144234639,1.0685473814779698,0.5549256480774147,0.47898949639547744,-0.003942777013651424,-0.00446247859119713,-0.003704823063138915,20000.0,-5000.0,53158.03930188185
1946.0,670.7508806985564,627.7590401214571,1.0664733395406074,0.5487123003060219,0.47518892989193956,-0.0028629011202576425,-0.004443571133123042,-0.003874402097836836,20000.0,-5000.0,53106.62540012371
1947.0,671.8163137652992,628.304639024076,1.0643863029623049,0.5424722090713203,0.4713435375791193,-0.0030391266512153157,-0.005226344505476181,-0.00398445968580348,20000.0,-5000.0,53055.888160012204
1948.0,672.879653304481,628.8439845395998,1.0622862971725908,0.5362056785063487,0.46745289073829815,-0.003012675008941114,-0.005928553252093348,-0.0039034961033601666,20000.0,-5000.0,53005.82793910797
1949.0,673.9408863596444,629.3770503810887,1.0601733477594735,0.5299130140330135,0.4635165578097818,-3.8101964801284024e-05,-0.007351041809131526,-0.0039288131111947094,20000.0,-5000.0,52956.44502573018
1950.0,675.0,629.9038105676658,1.058047480468872,0.5235945223470821,0.45953410451533755,-0.002073636656101656,-0.005583775373292437,-0.0039939079784261445,20000.0,-5000.0,52907.73964007046
1951.0,676.0569813205822,630.4242394257828,1.055908721203764,0.5172505114028922,0.4555050939886705,-0.0018899690012917584,-0.006520982120061297,-0.0040747398303497846,20000.0,-5000.0,52859.711935316125
1952.0,677.1118174424075,630.9383115904716,1.0537570960239577,0.5108812903983448,0.4514290869143447,-0.004005769815478239,-0.005798636042348286,-0.004233339902911882,20000.0,-5000.0,52812.361998782064
1953.0,678.1644955126301,631.4460020065795,1.0515926311462636,0.5044871697604663,0.44730564167579523,-0.0028510928021406225,-0.0070646682140455015,-0.004095220795858596,20000.0,-5000.0,52765.689853050666
1954.0,679.2150027047,631.9472859299925,1.049415352944436,0.4980684611297761,0.44313431451164886,-0.0019597240719693354,-0.006610722984159328,-0.0041373812357192894,20000.0,-5000.0,52719.69545711906
1955.0,680.263326218519,632.4421389288391,1.0472252879476969,0.49162547734482587,0.4389146596821575,-0.003262111164231871,-0.0062842260956489605,-0.004219258288781647,20000.0,-5000.0,52674.378707553136
1956.0,681.3094532805954,632.9305368846822,1.0450224628414162,0.4851585324278176,0.43464622964548455,-0.0012646680788632255,-0.006222601163120471,-0.00427934411465136,20000.0,-5000.0,52629.739439647616
1957.0,682.3533711442018,633.4124559936947,1.042806904466147,0.4786679415683466,0.43032857524330304,-0.003472899140744444,-0.005988708838956614,-0.0041352499600670846,20000.0,-5000.0,52585.77742859144
1958.0,683.3950670895277,633.8878727678189,1.0405786398176815,0.47215402110862215,0.4259612458976827,-0.0025324686065741286,-0.007127877519705785,-0.004469449430460001,20000.0,-5000.0,52542.492390638174
1959.0,684.4345284238372,634.356764035912,1.0383376960469377,0.46561708852806305,0.42154378981843466,-0.0028568526447823985,-0.007945499762836317,-0.004284599556605584,20000.0,-5000.0,52499.88398428034
1960.0,685.4717424816216,634.819106944875,1.0360841004592203,0.45905746242755185,0.41707575422164667,-0.0020889892536684134,-0.004880789098831486,-0.004584140595619412,20000.0,-5000.0,52457.95181142748
1961.0,686.5066966247556,635.2748789607671,1.0338178805135954,0.4524754625139735,0.4125566855600012,-0.0029387255440749605,-0.004003822953944454,-0.004407952851288804,20000.0,-5000.0,52416.695418587085
1962.0,687.5393782426488,635.7240578699029,1.0315390638232316,0.44587140958464033,0.407986129764633,-0.0025668718105431266,-0.006149532815982848,-0.004444312428934169,20000.0,-5000.0,52376.11429804788
1963.0,688.569774752402,636.1666217799363,1.0292476781550022,0.4392456255117736,0.4033636324996478,-0.0025432674570423953,-0.008013641611113754,-0.004684861617365831,20000.0,-5000.0,52336.20788906484
1964.0,689.5978735989588,636.6025491209265,1.026943751428746,0.4325984332269286,0.3986887394294347,-0.003074058339384119,-0.007461975088340545,-0.004496332878036988,20000.0,-5000.0,52296.97557904539
1965.0,690.6236622552595,637.0318186463902,1.0246273117169267,0.42593015670473733,0.3939609964983628,-0.0018181105855395463,-0.0061490963255756296,-0.004696509281934329,20000.0,-5000.0,52258.4167047361
1966.0,691.6471282223927,637.454409434336,1.0222983872444615,0.41924112094744714,0.3891799502245323,-0.0020871924459108003,-0.005304287869685858,-0.004916191433322011,20000.0,-5000.0,52220.53055340955
1967.0,692.6682590297485,637.8703008882851,1.019957006388836,0.41253165196951613,0.3843451480073221,-0.0024397667822817722,-0.007981113075336731,-0.004908081831073847,20000.0,-5000.0,52183.31636405041
1968.0,693.6870422351703,638.279472738275,1.0176031976791364,0.40580207678095803,0.379456138448463,-0.0028077505254203074,-0.006868789369446145,-0.004776540095008515,20000.0,-5000.0,52146.77332854059
1969.0,694.7034654251067,638.681905041847,1.0152369897955396,0.3990527233715966,0.3745124716882612,-0.0015438659435691897,-0.006555278853902155,-0.004857300778895999,20000.0,-5000.0,52110.900592842605
1970.0,695.7175162147614,639.0775781850182,1.012858411569482,0.3922839206953199,0.3695136997565163,-0.002630052438938771,-0.005879069087661846,-0.005157123753807561,20000.0,-5000.0,52075.69725818085
1971.0,696.7291822482457,639.4664728832377,1.010467491983377,0.3854959986542781,0.3644593769388222,-0.0027160875913682715,-0.0071547137776690325,-0.005099506019751545,20000.0,-5000.0,52041.16238222012
1972.0,697.7384511987282,639.8485701823267,1.008064260169931,0.37868928808228475,0.3593490601579213,-0.002300479709811357,-0.008442544422347013,-0.005113416317476057,20000.0,-5000.0,52007.29498024077
1973.0,698.7453107685856,640.2238514594022,1.005648745411463,0.37186412072850317,0.35418230937122,-0.0006569329619172677,-0.006188089345331194,-0.005257831302234361,20000.0,-5000.0,51974.09402631028
1974.0,699.7497486895511,640.5922984237837,1.003220977140245,0.3650208292420416,0.3489586879850156,-0.003828054839050121,-0.005682227668093718,-0.004961288927764207,20000.0,-5000.0,51941.558454450584
1975.0,700.7517527228661,640.9538931178863,1.0007809849382738,0.35815974715535503,0.3436777632844374,-0.0016453208785777774,-0.006955717886557573,-0.005280953311553095,20000.0,-5000.0,51909.68715980048
1976.0,701.7513106594276,641.3086179180945,0.9983287985357947,0.3512812088679311,0.33833910688086266,-0.004427454914788944,-0.006465587346682911,-0.005375362507894785,20000.0,-5000.0,51878.47899977301
1977.0,702.7484103199376,641.6564555356222,0.9958644478118686,0.34438554962997614,0.33294229517577745,-0.0022444206941083494,-0.0073975948179966205,-0.005279131525170023,20000.0,-5000.0,51847.93279520706
1978.0,703.7430395550514,641.9973890173544,0.9933879627938609,0.3374731055261577,0.32748690984238804,-0.0008442110399945104,-0.007800400609277791,-0.00552995067504997,20000.0,-5000.0,51818.04733151293
1979.0,704.7351862455254,642.3314017466745,0.9908993736570437,0.33054421345929086,0.3219725383247175,-0.00198633634151656,-0.005869308156227489,-0.005419737662340107,20000.0,-5000.0,51788.821359811125
1980.0,705.7248383023655,642.658477444273,0.9883987107243115,0.3235992111337964,0.31639877435422775,-0.0023292085268634024,-0.006549833509812689,-0.005809480470154442,20000.0,-5000.0,51760.25359806428
1981.0,706.711983666974,642.9786001689421,0.9858860044650442,0.3166384370392734,0.31076521848472805,-0.0031016654223945173,-0.006458432319766995,-0.005719634849791299,20000.0,-5000.0,51732.34273220161
1982.0,707.6966103112956,643.2917543183515,0.9833612854957892,0.3096622304340144,0.3050714786447502,-0.002498416125450267,-0.005421324318271535,-0.005594554525273402,20000.0,-5000.0,51705.08741723548
1983.0,708.6787062379656,643.5979246298101,0.9808245845796932,0.30267093132852096,0.29931717070847375,-0.002804860154082428,-0.008095871670495422,-0.0055909963171156705,20000.0,-5000.0,51678.4862783696
1984.0,709.658259480455,643.8970961810086,0.9782759326257064,0.29566488046890527,0.29350191908483314,-0.003372147328052455,-0.007587447400776699,-0.005941341756668565,20000.0,-5000.0,51652.53791209871
1985.0,710.635258103217,644.1892543907479,0.9757153606881275,0.28864441932006457,0.28762535732455136,-0.002868031119806122,-0.0068632204725698285,-0.006017211096372216,20000.0,-5000.0,51627.24088729911
1986.0,711.6096902018312,644.4743850196487,0.9731428999666605,0.2816098900493671,0.28168712874573093,-0.002372042819007846,-0.007628363621307269,-0.005899204621764149,20000.0,-5000.0,51602.59374630981
1987.0,712.5815439031503,644.7524741708467,0.9705585818061877,0.2745616355101106,0.27568688707747796,-0.0033882537395056047,-0.006240364138535914,-0.006108306553050544,20000.0,-5000.0,51578.595006003765
1988.0,713.5508073654436,645.0235082906689,0.9679624376958031,0.2674999992240146,0.2696242971208312,-0.0034406971650528767,-0.0072630788044520935,-0.006127071942334485,20000.0,-5000.0,51555.24315884916
1989.0,714.5174687785419,645.2874741692947,0.9653544992684147,0.2604253253652473,0.2634990354288291,-0.0040286800475682,-0.008113405530054352,-0.0060485929218285555,20000.0,-5000.0,51532.53667396009
1990.0,715.4815163639804,645.5443589413994,0.9627347983010281,0.2533379587436002,0.2573107910032118,-0.0022191527397455255,-0.007025127729257863,-0.006287034218548037,20000.0,-5000.0,51510.473998136295
1991.0,716.442938375144,645.7941500867819,0.9601033667140655,0.24623824478732104,0.2510592660083612,-0.0020700616159816184,-0.00692853634316866,-0.0065258671541807796,20000.0,-5000.0,51489.05355689204
1992.0,717.4017230974085,646.0368354309741,0.9574602365706824,0.23912652952628832,0.24474417650250108,-0.002408001173279686,-0.006145330901500539,-0.006507577684646828,20000.0,-5000.0,51468.273755473274
1993.0,718.3578588482853,646.2724031458345,0.9548054400763135,0.2320031595755836,0.23836525318573737,-0.0016566891808850622,-0.006720097286512891,-0.00640973851686705,20000.0,-5000.0,51448.132979863214
1994.0,719.3113339775612,646.5008417501252,0.9521390095789002,0.22486848211821098,0.23192224216310386,-0.0025808355285727278,-0.006660494860681491,-0.006705145145305868,20000.0,-5000.0,51428.62959777567
1995.0,720.2621368674431,646.7221401100709,0.9494609775682648,0.2177228448882147,0.22541490572362116,-0.0022760653707818647,-0.0068177908480025135,-0.006576283096314218,20000.0,-5000.0,51409.76195963634
1996.0,721.2102559326977,646.9362874399017,0.946771376675315,0.21056659615391027,0.218843023134248,-0.0023793317488568994,-0.007357160183510233,-0.006776060523121971,20000.0,-5000.0,51391.52839955118
1997.0,722.1556796207938,647.1432733023787,0.9440702396718734,0.20340008470083148,0.21220639144739334,-0.0028021041649027305,-0.007916445134830506,-0.006466707933227044,20000.0,-5000.0,51373.92723626219
1998.0,723.0983964120414,647.3430876093033,0.9413575994703365,0.1962236598145637,0.20550482632150371,-0.0032705108234532807,-0.0068807708405245645,-0.006466906655148358,20000.0,-5000.0,51356.956774089915
1999.0,724.0383948197344,647.5357206220078,0.9386334891236174,0.18903767126391813,0.19873816285415416,-0.00042677287091842826,-0.007537095759157652,-0.006929880665635341,20000.0,-5000.0,51340.6153038627
2000.0,724.9756633902887,647.7211629518312,0.9358979418241802,0.1818424692839926,0.19190625642641104,-0.0032113469644956183,-0.005441960455034214,-0.006832902183374177,20000.0,-5000.0,51324.901103832315
2001.0,725.9101907033828,647.8994055605758,0.9331509909036413,0.17463840455849322,0.18500898355636333,-0.0034452502334876766,-0.005812246529425318,-0.007048533536010156,20000.0,-5000.0,51309.8124405758
2002.0,726.841965372096,648.0704397609481,0.9303926698324858,0.1674258282035339,0.17804624276298142,-0.002312553022310192,-0.006558407320508402,-0.0070336877549486065,20000.0,-5000.0,51295.3475698834
2003.0,727.7709760430478,648.2342572169829,0.9276230122204652,0.16020509175007192,0.17101795543595913,-0.0025133420576378736,-0.006830977278430903,-0.006838515716967695,20000.0,-5000.0,51281.504737632036
2004.0,728.6972113965369,648.3908499444483,0.924842051814835,0.15297654712634312,0.163924066712009,-0.004247792029488958,-0.007323763364121507,-0.007184300167114817,20000.0,-5000.0,51268.28218064472
2005.0,729.6206601466774,648.5402103112356,0.9220498225006963,0.14574054664149116,0.15676454635651438,-0.001630090380326852,-0.008551312838166963,-0.00722763939250145,20000.0,-5000.0,51255.6781275352
2006.0,730.5413110415383,648.6823310377313,0.91924635830037,0.13849744296805966,0.14953938964704205,-0.002907041268683527,-0.0074713307952932574,-0.00737428480478708,20000.0,-5000.0,51243.69079953784
2007.0,731.4591528632782,648.8172051971717,0.9164316933731129,0.13124758912465495,0.14224861825805582,-0.0039757856846595815,-0.0071475807758705785,-0.007182099105687147,20000.0,-5000.0,51232.3184113227
2008.0,732.3741744282845,648.9448262159806,0.9136058620150607,0.1239913384588931,0.13489228114511634,-0.0015948808180715028,-0.007020602565878949,-0.0077918123034908604,20000.0,-5000.0,51221.55917179553
2009.0,733.2863645873083,649.0651878740895,0.9107688986579774,0.11672904463023315,0.12747045542636878,-0.002191714183505818,-0.006776749097614797,-0.00750916407277676,20000.0,-5000.0,51211.41128488252
2010.0,734.1957122256005,649.178284305241,0.9079208378691419,0.10946106159258306,0.11998324725872365,-0.004168908423991105,-0.0063123267953317285,-0.007525494319101002,20000.0,-5000.0,51201.872950299745
2011.0,735.1022062630466,649.2841099972746,0.9050617143513477,0.10218774357724669,0.11243079270731862,-0.0010160966315400876,-0.007995753913245583,-0.007666580137533091,20000.0,-5000.0,51192.942364307135
2012.0,736.0058356543032,649.3826597923955,0.9021915629422779,0.09490944507552967,0.1048132586053018,-0.0021903982659464013,-0.007991114046946239,-0.0075434015527604615,20000.0,-5000.0,51184.61772044694
2013.0,736.9065893889311,649.4739288874257,0.8993104186138794,0.08762652082123168,0.09713084340165203,-0.002897228748491688,-0.00577594772768792,-0.00756639401288301,20000.0,-5000.0,51176.897210266405
2014.0,737.8044564915309,649.557912834038,0.8964183164716815,0.08033932577399128,0.08938377799558282,-0.0012434936695560677,-0.006487214580995562,-0.007953523042898142,20000.0,-5000.0,51169.7790240248
2015.0,738.6994260218745,649.6346075389737,0.8935152917550226,0.07304821510138026,0.08157232655251007,-0.0027427743600783234,-0.007699352103235774,-0.007585131010088948,20000.0,-5000.0,51163.26135138432
2016.0,739.591487075041,649.7040092642408,0.8906013798367098,0.06575354416173695,0.07369678730122156,-0.0029485484419946298,-0.007407789251865406,-0.008083065853709458,20000.0,-5000.0,51157.34238208539
2017.0,740.4806287815479,649.7661146272972,0.8876766162217677,0.05845566848716999,0.06575749330883024,-0.003616984333950088,-0.0074061383465886714,-0.007811952722863451,20000.0,-5000.0,51152.02030660567
2018.0,741.3668403074845,649.8209206012151,0.8847410365472683,0.05115494376582319,0.057754813229427715,-0.0023357567427641063,-0.007269129435143606,-0.008015679894019799,20000.0,-5000.0,51147.29331680306
2019.0,742.2501108546425,649.8684245148288,0.881794676582274,0.04385172582459518,0.04968915202493021,-0.0024559924837300523,-0.006812624167770267,-0.008159094259714334,20000.0,-5000.0,51143.15960654243
2020.0,743.130429660649,649.9086240528643,0.8788375722274964,0.03654637061220001,0.04156095165501564,-0.002947188952536341,-0.00466946726767414,-0.008209751517426221,20000.0,-5000.0,51139.61737230647
2021.0,744.0077859990975,649.9415172560532,0.875869759514444,0.02923923418126151,0.033370691731594605,-0.0037948549401353063,-0.007110473245568559,-0.008225166687128528,20000.0,-5000.0,51136.66481378984
2022.0,744.8821691796779,649.9671025212268,0.8728912746047399,0.02193067267120341,0.025118890136638292,-0.0028486560245555657,-0.006619892950016324,-0.008256572506029746,20000.0,-5000.0,51134.300134477446
2023.0,745.7535685483069,649.9853786013956,0.8699021537901217,0.014621042291196318,0.016806103599397222,-0.00306702192426733,-0.00906417932175408,-0.008456540344707029,20000.0,-5000.0,51132.52154220604
2024.0,746.6219734872582,649.9963446058092,0.8669024334923279,0.007310699302195189,0.00843292822878983,-0.004392018153429725,-0.007814890991925163,-0.008431923128769133,20000.0,-5000.0,51131.32724970978
2025.0,747.4873734152916,650.0,0.8638921502621315,0.0,-8.881784197001252e-16,-0.004546455370091827,-0.006032544541802822,-0.008557577884119908,20000.0,-5000.0,51130.71547514927
2026.0,748.3497577877824,649.9963446058092,0.8608713407786013,-0.007310699302195189,-0.008492004809678466,-0.0024382086153925085,-0.006892051862992753,-0.008671138030560206,20000.0,-5000.0,51130.68444262429
2027.0,749.2091160968488,649.9853786013956,0.8578400418493857,-0.014621042291196318,-0.01704236923818497,-0.005742885318675237,-0.011875334347211934,-0.008680032479637065,20000.0,-5000.0,51131.23238267012
2028.0,750.0654378714812,649.9671025212268,0.8547982904100309,-0.02193067267120341,-0.025650335312396633,-0.0028333009294122242,-0.006608009155930267,-0.00877828956807582,20000.0,-5000.0,51132.357532737595
2029.0,750.9187126776689,649.9415172560532,0.8517461235234123,-0.02923923418126151,-0.03431510378128564,-0.003554635211149226,-0.005312665849532343,-0.008744602051813967,20000.0,-5000.0,51134.0581376567
2030.0,751.768930118528,649.9086240528643,0.8486835783789957,-0.03654637061220001,-0.043035833910844416,-0.0017069398885760341,-0.009382293702643589,-0.008694896577090907,20000.0,-5000.0,51136.332450083966
2031.0,752.6160798344268,649.8684245148288,0.8456106922927802,-0.04385172582459518,-0.05181164334539452,-0.003591319932179619,-0.005723891980216907,-0.008787989785429292,20000.0,-5000.0,51139.17873093339
2032.0,753.4601515031136,649.8209206012151,0.8425275027073553,-0.05115494376582319,-0.060641608035760575,-0.0024023585241433106,-0.010185227376378234,-0.008612898815226293,20000.0,-5000.0,51142.595249791244
2033.0,754.3011348398416,649.7661146272972,0.8394340471902524,-0.05845566848716999,-0.06952476223819531,-0.0035114204844345605,-0.006323638430988196,-0.00918204483076623,20000.0,-5000.0,51146.58028531457
2034.0,755.1390195974941,649.7040092642408,0.8363303634340582,-0.0657535441617938,-0.07846009858727876,-0.0029904635626691023,-0.007305269195407251,-0.008902980030792857,20000.0,-5000.0,51151.13212561343
2035.0,755.9737955667097,649.6346075389736,0.8332164892563014,-0.07304821510138026,-0.0874465682426128,-0.002352528199918223,-0.009737218787832966,-0.009010698919992418,20000.0,-5000.0,51156.249068617086
2036.0,756.8054525760067,649.557912834038,0.8300924625986568,-0.08033932577393443,-0.09648308111438575,-0.003610212260579324,-0.006825101569522354,-0.008960304300221647,20000.0,-5000.0,51161.92942242403
2037.0,757.633980491907,649.4739288874257,0.8269583215263765,-0.08762652082123168,-0.10556850616790532,-0.002102610322918577,-0.006088011030317277,-0.009020873929403183,20000.0,-5000.0,51168.17150563598
2038.0,758.4593692190595,649.3826597923955,0.8238141042277789,-0.09490944507552967,-0.11470167180830405,-0.004182833395725203,-0.006902113471364741,-0.009176792285775367,20000.0,-5000.0,51174.97364767588
2039.0,759.2816087003625,649.2841099972746,0.8206598490143051,-0.10218774357724669,-0.12388136634881092,-0.0028528335291946815,-0.006667498442432143,-0.009181025892569701,20000.0,-5000.0,51182.33418908996
2040.0,760.1006889170881,649.178284305241,0.8174955943195528,-0.10946106159258306,-0.1331063385627624,-0.002209549321081461,-0.007698856384627062,-0.009338794107616545,20000.0,-5000.0,51190.251481834
2041.0,760.9165998890016,649.0651878740895,0.8143213786991055,-0.11672904463023315,-0.14237529831899487,-0.0024926372249359004,-0.009201267281941558,-0.00921455302842635,20000.0,-5000.0,51198.72388954383
2042.0,761.7293316744863,648.9448262159806,0.8111372408296234,-0.1239913384588931,-0.15168691730349085,-0.0011956850347833144,-0.0065396282879987,-0.009564144263499774,20000.0,-5000.0,51207.74978779005
2043.0,762.5388743706609,648.8172051971717,0.8079432195086156,-0.13124758912465495,-0.1610398298262783,-0.003993036754935014,-0.005433041677961711,-0.00927698740128618,20000.0,-5000.0,51217.32756431726
2044.0,763.3452181135035,648.6823310377313,0.804739353654611,-0.13849744296805966,-0.17043263371329573,-0.004643293877449606,-0.006071542626545476,-0.009414890642809662,20000.0,-5000.0,51227.45561926768
2045.0,764.1483530779701,648.5402103112356,0.8015256823056802,-0.14574054664149116,-0.179863891284119,-0.004252814475147042,-0.00930724571004368,-0.009509858339571076,20000.0,-5000.0,51238.13236538938
2046.0,764.9482694781149,648.3908499444483,0.7983022446190944,-0.15297654712634312,-0.18933213041367652,-0.0025413403576190676,-0.008807993467355252,-0.009514674912734245,20000.0,-5000.0,51249.35622822918
2047.0,765.7449575672083,648.2342572169829,0.7950690798714959,-0.16020509175007192,-0.1988358456771221,-0.0027200928914721118,-0.008104575837176723,-0.009540331532757728,20000.0,-5000.0,51261.125646310444
2048.0,766.5384076378579,648.0704397609481,0.7918262274582162,-0.1674258282035339,-0.20837349957727688,-0.003141313989175047,-0.008873593495396653,-0.009393734400460176,20000.0,-5000.0,51273.43907129548
2049.0,767.3286100221247,647.8994055605758,0.7885737268921957,-0.17463840455843638,-0.2179435238526562,-0.004425351192667177,-0.007162356293441152,-0.009186354147384685,20000.0,-5000.0,51286.29496813317
2050.0,768.1155550916422,647.7211629518313,0.7853116178042683,-0.1818424692839926,-0.22754432086244014,-0.002469234690520371,-0.00679042099525949,-0.009464822173523062,20000.0,-5000.0,51299.69181519169
2051.0,768.8992332577333,647.5357206220078,0.7820399399419671,-0.18903767126397497,-0.23717426504811204,-0.004550321817535704,-0.008678276517957098,-0.009713460588920078,20000.0,-5000.0,51313.628104376265
2052.0,769.6796349715262,647.3430876093033,0.7787587331698091,-0.1962236598145637,-0.2468317044686897,-0.002080467154626041,-0.006372874758398892,-0.00959262515262189,20000.0,-5000.0,51328.102341232414
2053.0,770.4567507240729,647.1432733023787,0.7754680374682721,-0.20340008470083148,-0.25651496240457133,-0.00032324894918600404,-0.0065462285153670245,-0.009612219428148274,20000.0,-5000.0,51343.11304503469
2054.0,771.2305710464627,646.9362874399017,0.7721678929335098,-0.2105665961539671,-0.2662223390285219,-0.002923683840188605,-0.007731549072225798,-0.009832752611447938,20000.0,-5000.0,51358.65874886076
2055.0,772.0010865099399,646.7221401100708,0.7688583397766138,-0.21772284488827154,-0.2759521131391997,-0.0027077160323468377,-0.007330392123884815,-0.009895702009141078,20000.0,-5000.0,51374.73799965157
2056.0,772.768287726016,646.5008417501251,0.7655394183233284,-0.22486848211815413,-0.2857025439531338,-0.0038362346071589074,-0.009168247535373342,-0.009767689621598815,20000.0,-5000.0,51391.349358256884
2057.0,773.5321653465866,646.2724031458345,0.7622111690139377,-0.23200315957552675,-0.2954718729513198,-0.005215790523367912,-0.007474626952576991,-0.009678208957240999,20000.0,-5000.0,51408.4913994673
2058.0,774.2927100640438,646.0368354309741,0.7588736324020715,-0.23912652952628832,-0.3052583257746749,-0.003969079865903787,-0.007109861108015702,-0.009993039369128914,20000.0,-5000.0,51426.162712031946
2059.0,775.0499126113907,645.7941500867819,0.7555268491544211,-0.24623824478732104,-0.3150601141644827,-0.004488163682538045,-0.006930191408118152,-0.009897524551594494,20000.0,-5000.0,51444.36189866268
2060.0,775.8037637623527,645.5443589413994,0.7521708600504553,-0.2533379587436002,-0.3248754379425107,-0.00486567673511584,-0.006699450594720509,-0.009750513527430362,20000.0,-5000.0,51463.08757602457
2061.0,776.5542543314916,645.2874741692947,0.7488057059820221,-0.2604253253652473,-0.334702487025309,-0.0015781993812392652,-0.006826971627432649,-0.009826853508525754,20000.0,-5000.0,51482.33837471294
2062.0,777.3013751743167,645.0235082906689,0.7454314279524397,-0.2674999992240146,-0.3445394434667577,-0.003095000875302731,-0.00734311277907819,-0.00966621108529439,20000.0,-5000.0,51502.11293921712
2063.0,778.0451171873965,644.7524741708467,0.7420480670759844,-0.2745616355101106,-0.354384483523938,-0.002992948774166501,-0.006757259082852489,-0.010022349814113398,20000.0,-5000.0,51522.40992787091
2064.0,778.7854713084687,644.4743850196487,0.7386556645780047,-0.28160989004942394,-0.36423577974047405,-0.003718332967170602,-0.005999126015059919,-0.00956322105148959,20000.0,-5000.0,51543.22801279013
2065.0,779.5224285165525,644.1892543907478,0.7352542617940117,-0.28864441932000773,-0.374091503040837,-0.0035856944598683556,-0.007126827751041977,-0.010046831444660283,20000.0,-5000.0,51564.565879797345
2066.0,780.2559798320567,643.8970961810087,0.7318439001688262,-0.29566488046890527,-0.38394982483054174,-0.0024115406509924724,-0.006682908945781213,-0.010109134051105171,20000.0,-5000.0,51586.422228333584
2067.0,780.9861163168902,643.59792462981,0.7284246212566359,-0.3026709313285778,-0.39380891909498555,-0.0034573522529091393,-0.007192321242919613,-0.009865840458507257,20000.0,-5000.0,51608.79577135788
2068.0,781.71282907457,643.2917543183515,0.7249964667202562,-0.3096622304339576,-0.4036669644929525,-0.0028805689388141553,-0.007656480634600263,-0.009996621121598421,20000.0,-5000.0,51631.685235234116
2069.0,782.4361092503307,642.9786001689421,0.7215594783307324,-0.31663843703921657,-0.4135221464372743,-0.0036452586993697086,-0.006424615857904253,-0.009857630300613835,20000.0,-5000.0,51655.08935960573
2070.0,783.1559480312314,642.6584774442731,0.7181136979668281,-0.3235992111337964,-0.42337265915648337,-0.003806046477044277,-0.007530407756999484,-0.009856379534145096,20000.0,-5000.0,51679.00689725833
2071.0,783.8723366462643,642.3314017466745,0.7146591676141725,-0.3305442134593477,-0.43321670773375387,-0.0049222893165889224,-0.0065352956061343085,-0.009864086643549668,20000.0,-5000.0,51703.43661397038
2072.0,784.5852663664598,641.9973890173544,0.7111959293648624,-0.3374731055261577,-0.4430525101154325,-0.005524731348895291,-0.006891278195414353,-0.00993476049769937,20000.0,-5000.0,51728.37728835201
2073.0,785.294728504994,641.6564555356222,0.7077240254175763,-0.3443855496299193,-0.45287829908460464,-0.003748279859038761,-0.007220190025983797,-0.009766511466135799,20000.0,-5000.0,51753.827711672435
2074.0,786.000714417295,641.3086179180946,0.7042434980766075,-0.35128120886798797,-0.4626923241942811,-0.0034260526688610557,-0.007228417286775201,-0.009846440942246472,20000.0,-5000.0,51779.7866876758
2075.0,786.7032155011473,640.9538931178862,0.7007543897507844,-0.3581597471554687,-0.4724928536550507,-0.0048311486867004035,-0.007398333409705261,-0.009656718938474836,20000.0,-5000.0,51806.25303238572
2076.0,787.4022231967965,640.5922984237836,0.697256742953698,-0.3650208292420416,-0.4822781761725486,-0.0035377538341236294,-0.008564070673062023,-0.009799134893051866,20000.0,-5000.0,51833.22557389882
2077.0,788.0977289870547,640.2238514594021,0.6937506003033604,-0.3718641207283895,-0.4920466027298614,-0.0034544583638937555,-0.006435960203384481,-0.00987819650177765,20000.0,-5000.0,51860.70315216734
2078.0,788.7897243974032,639.8485701823269,0.6902360045210685,-0.3786892880822279,-0.5017964683107488,-0.005761377638505594,-0.006575094998426374,-0.009948051537443759,20000.0,-5000.0,51888.684618770894
2079.0,789.4782009960968,639.4664728832377,0.6867129984307212,-0.38549599865439177,-0.5115261335594525,-0.004479058807088747,-0.0059135298329962855,-0.009739999644050652,20000.0,-5000.0,51917.16883667771
2080.0,790.1631503942647,639.0775781850181,0.6831816249590474,-0.39228392069537676,-0.5212339863734902,-0.003111919169069188,-0.0073311584817415554,-0.009852791803749194,20000.0,-5000.0,51946.15467999543
2081.0,790.8445642460149,638.6819050418469,0.6796419271350373,-0.3990527233714829,-0.5309184434261098,-0.003141238404685166,-0.004787590391393216,-0.0098385860235496,20000.0,-5000.0,51975.64103371173
2082.0,791.5224342485348,638.2794727382751,0.6760939480887487,-0.4058020767809012,-0.5405779516156826,-0.004752095668299032,-0.007134447521387787,-0.009581177698299134,20000.0,-5000.0,52005.6267934247
2083.0,792.1967521421924,637.8703008882851,0.6725377310509089,-0.412531651969573,-0.5502109894382312,-0.0033955042625362247,-0.007629769396821847,-0.009838446665860834,20000.0,-5000.0,52036.110865063616
2084.0,792.8675097106366,637.454409434336,0.6689733193530287,-0.419241120947504,-0.5598160682816032,-0.0025050280777177024,-0.007732836029715407,-0.00941608849319074,20000.0,-5000.0,52067.0921645996
2085.0,793.5346987808985,637.0318186463901,0.6654007564264361,-0.4259301567046805,-0.5693917336393891,-0.0027683425444087425,-0.008482199528212159,-0.009540537835972945,20000.0,-5000.0,52098.56961774726
2086.0,794.1983112234894,636.6025491209266,0.6618200858016507,-0.4325984332269286,-0.5789365662423922,-0.003683814390474491,-0.005063567964980334,-0.009534135502399203,20000.0,-5000.0,52130.54215965637
2087.0,794.8583389525018,636.1666217799362,0.6582313511079292,-0.43924562551183044,-0.5884491831065572,-0.004079511506513551,-0.005210369268775484,-0.009623540125390717,20000.0,-5000.0,52163.008734594936
2088.0,795.5147739257053,635.7240578699029,0.6546345960728104,-0.4458714095845835,-0.5979282384963814,-0.00425535741055279,-0.005990052033734107,-0.009367287052931285,20000.0,-5000.0,52195.968295622806
2089.0,796.1676081446474,635.2748789607671,0.6510298645218313,-0.4524754625139167,-0.6073724248031878,-0.00312209402100344,-0.007525095262518672,-0.009426475928643195,20000.0,-5000.0,52229.41980425669
2090.0,796.816833654749,634.8191069448751,0.6474172003775607,-0.4590574624276087,-0.6167804733381169,-0.003413670583646324,-0.004686818748912504,-0.009474038647999016,20000.0,-5000.0,52263.36223012657
2091.0,797.4624425454025,634.3567640359119,0.6437966476588599,-0.46561708852817674,-0.6261511550398546,-0.0029697989190456036,-0.006914120837905657,-0.00932674283114041,20000.0,-5000.0,52297.794550623476
2092.0,798.1044269500667,633.8878727678187,0.6401682504810537,-0.47215402110862215,-0.6354832810968075,-0.003495128450779374,-0.0068052543591459284,-0.009519952522590497,20000.0,-5000.0,52332.71575053901
2093.0,798.7427790463646,633.4124559936946,0.6365320530553049,-0.47866794156828973,-0.6447757034856716,-0.002788436184737681,-0.00500728731078182,-0.009473838470574075,20000.0,-5000.0,52368.12482169693
2094.0,799.3774910561773,632.9305368846822,0.6328880996873067,-0.48515853242776075,-0.6540273154262297,-0.003549418497425497,-0.005793400523505798,-0.009368920124314868,20000.0,-5000.0,52404.020762576714
2095.0,800.0085552457392,632.4421389288391,0.6292364347776243,-0.4916254773448827,-0.663237051753971,-0.00283930265473224,-0.004165481842498139,-0.009145150539261508,20000.0,-5000.0,52440.40257792919
2096.0,800.6359639257325,631.9472859299924,0.6255771028205572,-0.4980684611297761,-0.6724038892121796,-0.002757354873015376,-0.006172137174829535,-0.009145299576217975,20000.0,-5000.0,52477.26927838502
2097.0,801.2597094513803,631.4460020065795,0.6219101484037992,-0.5044871697604663,-0.6815268466651647,-0.00450757353696165,-0.006819387136558558,-0.008971089897696422,20000.0,-5000.0,52514.61988005539
2098.0,801.8797842225401,630.9383115904715,0.6182356162081533,-0.5108812903983448,-0.690604985234318,-0.005559043900920602,-0.0070180410823968715,-0.009168819936325137,20000.0,-5000.0,52552.45340412587
2099.0,802.4961806837966,630.4242394257828,0.6145535510067361,-0.5172505114028922,-0.6996374083590662,-0.0020803416164105284,-0.008277773309784155,-0.008938216555237646,20000.0,-5000.0,52590.76887644301
2100.0,803.1088913245536,629.9038105676657,0.6108639976641825,-0.523594522347139,-0.7086232617861035,-0.003426310764176778,-0.0066210333509653125,-0.008976215718223886,20000.0,-5000.0,52629.56532709425
2101.0,803.717908679125,629.3770503810886,0.6071670011364745,-0.5299130140330135,-0.7175617334880475,-0.005484022056896494,-0.005115026677179592,-0.009030780292096615,20000.0,-5000.0,52668.841789981125
2102.0,804.3232253268266,628.8439845395997,0.6034626064706572,-0.536205678506235,-0.7264520535144285,-0.004450552163597767,-0.005656718772711687,-0.008818328010095626,20000.0,-5000.0,52708.597302386115
2103.0,804.9248338920663,628.3046390240761,0.5997508588034179,-0.5424722090712635,-0.7352934937791361,-0.0029125347285579818,-0.006232187480040214,-0.008824803884068063,20000.0,-5000.0,52748.83090453312
2104.0,805.5227270444334,627.7590401214571,0.5960318033611429,-0.5487123003060788,-0.7440853677848583,-0.004013593173223729,-0.007261602860481588,-0.008844410003446065,20000.0,-5000.0,52789.54163914197
2105.0,806.1168974987886,627.2072144234639,0.5923054854594056,-0.5549256480774147,-0.7528270302897095,-0.004262548296243079,-0.0059638421316234175,-0.00871107131582201,20000.0,-5000.0,52830.72855097688
2106.0,806.7073380153522,626.6491888253023,0.5885719505022848,-0.5611119495556522,-0.7615178769180407,-0.0022799902394352693,-0.005119147063424373,-0.008681142501395218,20000.0,-5000.0,52872.3906863894
2107.0,807.2940413997932,626.0849905243526,0.5848312439818528,-0.56727090322903,-0.7701573437179636,-0.004833607654372632,-0.005697116053172096,-0.008632482045792507,20000.0,-5000.0,52914.52709285575
2108.0,807.8770005033159,625.5146470188442,0.5810834114770955,-0.5734022089188784,-0.7787449066708805,-0.004581573720494249,-0.0059439023110737345,-0.008612288247029023,20000.0,-5000.0,52957.136818508734
2109.0,808.4562082227474,624.9381861065149,0.5773284986542535,-0.5795055677940013,-0.7872800811527917,-0.0035385559757688447,-0.006918194075130481,-0.008669805496923248,20000.0,-5000.0,53000.21891166471
2110.0,809.0316575006244,624.3556358832562,0.5735665512660262,-0.5855806823852845,-0.7957624213536922,-0.003359309153442379,-0.005158843238332095,-0.008446492197033362,20000.0,-5000.0,53043.77242034541
2111.0,809.6033413252794,623.7670247417443,0.5697976151503781,-0.5916272566003613,-0.8041915196574497,-0.0032561351653328484,-0.009289814699771276,-0.00850135803686389,20000.0,-5000.0,53087.79639179515
2112.0,810.1712527309252,623.1723813700555,0.5660217362305389,-0.5976449957375394,-0.812567005983241,-0.002831500963331971,-0.005604957102727747,-0.008474435988487555,20000.0,-5000.0,53132.28987199333
2113.0,810.7353847977405,622.5717347502692,0.5622389605144917,-0.6036336065006935,-0.8208885470945712,-0.0035796490577435203,-0.003300374298863388,-0.00832412553686079,20000.0,-5000.0,53177.25190516259
2114.0,811.2957306519542,621.9651141570541,0.5584493340940639,-0.6095927970135335,-0.8291558458774859,-0.0032839948515115272,-0.007513273225609882,-0.008149458025280358,20000.0,-5000.0,53222.68153327287
2115.0,811.8522834659286,621.3525491562422,0.5546529031449268,-0.6155222768335307,-0.8373686405900906,-0.004069427193638426,-0.006165540971502628,-0.008162521908865685,20000.0,-5000.0,53268.57779554124
2116.0,812.405036458244,620.7340696033871,0.5508497139251176,-0.6214217569660718,-0.8455267040889068,-0.0037413294000789945,-0.005892565157258378,-0.008196151294753672,20000.0,-5000.0,53314.93972792811
2117.0,812.9539828937789,620.10970564231,0.5470398127752105,-0.627290949878784,-0.8536298430320842,-0.0037013819780401355,-0.0063350628561935135,-0.008146108255584119,20000.0,-5000.0,53361.76636262966
2118.0,813.4991160837944,619.4794877036295,0.543223246118032,-0.6331295695156882,-0.861677897063837,-0.003596141336789972,-0.0047452036562592404,-0.007941979589604263,20000.0,-5000.0,53409.05672756696
2119.0,814.0404293860149,618.8434465032786,0.5394000604570692,-0.6389373313106717,-0.8696707379832057,-0.003022912807425732,-0.005300770330138975,-0.008260975263139075,20000.0,-5000.0,53456.809845871656
2120.0,814.5779162047086,618.2016130410082,0.5355703023764136,-0.6447139522013572,-0.8776082688980401,-0.003255584896216363,-0.0056024940825184074,-0.007811437156235624,20000.0,-5000.0,53505.024735368825
2121.0,815.1115699907677,617.5540185988759,0.5317340185406465,-0.6504591506435418,-0.8854904233682325,-0.003793530923735766,-0.004900062317476443,-0.008085726507500817,20000.0,-5000.0,53553.700408056706
2122.0,815.6413842417899,616.9006947397211,0.5278912556937598,-0.6561726466244977,-0.8933171645401374,-0.0046875932012382,-0.005680082227732144,-0.007973710776480441,20000.0,-5000.0,53602.83586958397
2123.0,816.1673525021553,616.2416733056269,0.5240420606585303,-0.6618541616763878,-0.9010884842741699,-0.0037819992636032368,-0.0023578427476816364,-0.0078070861664622185,20000.0,-5000.0,53652.43011872434
2124.0,816.6894683631069,615.5769864163683,0.5201864803361218,-0.667503418890135,-0.9088044022682065,-0.0038878922400847325,-0.005475566763998644,-0.007420418020842774,20000.0,-5000.0,53702.482146849
2125.0,817.2077254628275,614.9066664678467,0.5163245617055736,-0.6731201429288944,-0.9164649651785395,-0.00366412599049141,-0.005397197450393704,-0.007425905684725303,20000.0,-5000.0,53752.99093739681
2126.0,817.7221174865181,614.2307461305105,0.5124563518231753,-0.6787040600415821,-0.9240702457406984,-0.00157620955234241,-0.007346524861953775,-0.007490498289877491,20000.0,-5000.0,53803.955465342755
2127.0,818.2326381664739,613.5492583477635,0.508581897821955,-0.6842548980759489,-0.9316203418914194,-0.004422355920305488,-0.006099434337029135,-0.007478562964387237,20000.0,-5000.0,53855.37469666451
2128.0,818.739281282162,612.8622363343586,0.5047012469108267,-0.6897723864918817,-0.9391153758944317,-0.0034444808262656876,-0.00430723160627088,-0.0076974057499008645,20000.0,-5000.0,53907.24758780755
2129.0,819.2420406602955,612.1697135747797,0.5008144463741928,-0.695256256374762,-0.9465554934708151,-0.002778488385043054,-0.006856005502608438,-0.007393397460375811,20000.0,-5000.0,53959.57308514892
2130.0,819.7409101749104,611.4717238216091,0.49692154357160234,-0.7007062404485396,-0.9539408629355878,-0.003793993301656228,-0.007677096430158766,-0.007425871739203901,20000.0,-5000.0,54012.35012445985
2131.0,820.2358837474387,610.7683010938827,0.4930225859367283,-0.7061220730888635,-0.9612716743428852,-0.0014702463021637577,-0.00536501193154808,-0.007404425803002207,20000.0,-5000.0,54065.57763036741
2132.0,820.7269553467838,610.0594796754314,0.48911762097736755,-0.711503490335474,-0.9685481386388994,-0.00430116327286418,-0.0039382953461277945,-0.007230301464170076,20000.0,-5000.0,54119.25451581547
2133.0,821.2141189893935,609.3452941132117,0.48520669627413326,-0.7168502299056172,-0.9757704868271821,-0.003576778596155282,-0.005285187502948959,-0.0072535565476764385,20000.0,-5000.0,54173.379681524944
2134.0,821.6973687393321,608.6257792156201,0.4812898594802846,-0.7221620312070058,-0.9829389691440875,-0.004750648614970278,-0.005643823503108065,-0.00703440048391642,20000.0,-5000.0,54227.95201545388
2135.0,822.176698708354,607.9009700507977,0.47736715832155596,-0.7274386353498699,-0.990053854246178,-0.004291248707155491,-0.0071919874930377395,-0.007327152423454056,20000.0,-5000.0,54282.970392257164
2136.0,822.6521030559752,607.1709019449204,0.4734386405946793,-0.732679785159803,-0.9971154284128805,-0.0036724728959208162,-0.004752881751128819,-0.007025812842233468,20000.0,-5000.0,54338.43367274644
2137.0,823.1235759895434,606.4356104804781,0.46950435416715663,-0.7378852251906096,-1.0041239947622287,-0.003056861685516648,-0.004499631458114741,-0.007090714424474439,20000.0,-5000.0,54394.34070334999
2138.0,823.5911117643095,605.6951314945392,0.4655643469773736,-0.7430547017366393,-1.0110798724809775,-0.003610936339170099,-0.007004641997149873,-0.0069802552113309175,20000.0,-5000.0,54450.690315573425
2139.0,824.0547046834981,604.9495010770048,0.46161866703306487,-0.7481879628448382,-1.0179833960718268,-0.002638821067520708,-0.0039349417509935355,-0.006839926080884743,20000.0,-5000.0,54507.481325460474
2140.0,824.5143490983756,604.1987555688495,0.4576673624108025,-0.7532847583271973,-1.0248349146161702,-0.004052871275352726,-0.004281998496133976,-0.006963588269364347,20000.0,-5000.0,54564.71253305506
2141.0,824.9700394083197,603.4429315603504,0.4537104812562234,-0.7583448397730876,-1.0316347910528076,-0.004305151176869646,-0.003863820076842747,-0.006753974980463613,20000.0,-5000.0,54622.38272186403
2142.0,825.4217700608881,602.6820658893033,0.44974807178255105,-0.7633679605614816,-1.0383834014754112,-0.0011525931444141169,-0.004397563078973405,-0.006749377079443882,20000.0,-5000.0,54680.49065832128
2143.0,825.8695355518848,601.9161956392275,0.445780182270596,-0.7683538758723785,-1.0450811344456374,-0.0035605381566093715,-0.004287261491092191,-0.006754019705970507,20000.0,-5000.0,54739.03509125315
2144.0,826.3133304254293,601.1453581375586,0.4418068610679029,-0.7733023426993668,-1.0517283903255485,-0.004724383231500492,-0.004387992950118235,-0.006680298048405768,20000.0,-5000.0,54798.014751345516
2145.0,826.7531492740206,600.3695909538287,0.43782815658789787,-0.7782131198611637,-1.0583255806274898,-0.004703511933168006,-0.003988469167892374,-0.006591442304577511,20000.0,-5000.0,54857.42835061262
2146.0,827.1889867386051,599.5889318978362,0.4338441173100023,-0.7830859680133244,-1.0648731273813472,-0.004967213092929684,-0.0067455499895883175,-0.006617702273159497,20000.0,-5000.0,54917.27458186782
2147.0,827.6208375086406,598.8034190178021,0.429854791778439,-0.7879206496601796,-1.0713714625215331,-0.0030177695775313916,-0.006376811009831789,-0.006473074401498469,20000.0,-5000.0,54977.552118196654
2148.0,828.048696322162,598.0130905985159,0.42586022860194817,-0.7927169291662608,-1.0778210272911986,-0.004376165544675728,-0.00554252186927592,-0.006459735298694884,20000.0,-5000.0,55038.2596124322
2149.0,828.4725579658445,597.2179851594695,0.4218604764529914,-0.7974745727674986,-1.0842222716652454,-0.0038698458944574177,-0.0048732424594994375,-0.006452753715714901,20000.0,-5000.0,55099.39569663307
2150.0,828.8924172750679,596.4181414529809,0.41785558406718337,-0.8021933485830459,-1.0905756537918323,-0.004073496799274598,-0.004295505413195814,-0.006133476033910658,20000.0,-5000.0,55160.95898156404
2151.0,829.3082691339789,595.6135984623035,0.4138456002429507,-0.8068730266265902,-1.0968816394516985,-0.0032516415972886387,-0.004322296746319192,-0.006231277695176,20000.0,-5000.0,55222.94805617991
2152.0,829.7201084755538,594.8043953997277,0.4098305738407362,-0.8115133788172102,-1.1031407015359171,-0.00489826605230089,-0.0034586159946424304,-0.00628307186864652,20000.0,-5000.0,55285.36148711234
2153.0,830.1279302816604,593.990571704669,0.40581055378225983,-0.8161141789905741,-1.1093533195418501,-0.005141251390413235,-0.0033863020116552426,-0.00617163764144432,20000.0,-5000.0,55348.19781816005
2154.0,830.5317295831184,593.1721670417465,0.40178558905023465,-0.8206752029101381,-1.1155199790865538,-0.003794109185716865,-0.005448438027096521,-0.0062706493278154715,20000.0,-5000.0,55411.45556978276
2155.0,830.9315014597609,592.3492212988488,0.39775572868762765,-0.8251962282781733,-1.1216411714382462,-0.0034071944399625114,-0.00425276042672262,-0.006152610464688848,20000.0,-5000.0,55475.13323859876
2156.0,831.3272410404936,591.5217745851902,0.39372102179709145,-0.8296770347462825,-1.127717393064841,-0.00369122132101827,-0.005342461764627536,-0.006093488732152864,20000.0,-5000.0,55539.22929688649
2157.0,831.718943503355,590.6898672293562,0.3896815175401116,-0.8341174039262,-1.1337491452001385,-0.00488383349423346,-0.004615847918394776,-0.0061636412749483645,20000.0,-5000.0,55603.742192090336
2158.0,832.1066040755738,589.8535397773378,0.3856372651366655,-0.8385171194004784,-1.139736933426419,-0.0033419144158849056,-0.00404456936859717,-0.005918256350950718,20000.0,-5000.0,55668.67034633072
2159.0,832.4902180336284,589.0128329905552,0.3815883138649383,-0.842875966733402,-1.1456812672737544,-0.004825004697940596,-0.007883886771719622,-0.005985262595148855,20000.0,-5000.0,55734.01215591877
2160.0,832.8697807033037,588.167787843871,0.377534713060129,-0.8471937334809923,-1.1515826598361747,-0.0045983805002792555,-0.0017890601823689982,-0.00592404942009704,20000.0,-5000.0,55799.76599087588
2161.0,833.2452874597486,587.3184455235933,0.3734765121138821,-0.8514702092010111,-1.1574416274032882,-0.005042331729784617,-0.003666574698909444,-0.005908202295767551,20000.0,-5000.0,55865.93019445805
2162.0,833.6167337275315,586.464847425469,0.3694137604741172,-0.8557051854642168,-1.1632586891077825,-0.0027115993761501365,-0.004833745467958502,-0.005431178117458792,20000.0,-5000.0,55932.503082685536
2163.0,833.9841149806969,585.6070351526648,0.3653465076444036,-0.8598984558640836,-1.1690343665880742,-0.003410623768216848,-0.0021675571830887543,-0.005837022877834652,20000.0,-5000.0,55999.48294387775
2164.0,834.3474267428203,584.7450505137408,0.36127480318282323,-0.8640498160264656,-1.1747691836664922,-0.003444620215737789,-0.004491685211387944,-0.005969952214023223,20000.0,-5000.0,56066.86803819391
2165.0,834.7066645870625,583.8789355206119,0.35719869670163007,-0.8681590636196006,-1.1804636660415107,-0.0027809928204068817,-0.0039502508241702405,-0.005872031732154703,20000.0,-5000.0,56134.656597179186
2166.0,835.0618241362235,583.0087323865016,0.3531182378670792,-0.8722259983646836,-1.1861183409943579,-0.0011570265463244547,-0.004552353846986805,-0.005541327404625569,20000.0,-5000.0,56202.84682331696
2167.0,835.4129010627967,582.1344835238825,0.3490334763982901,-0.8762504220453025,-1.1917337371100547,-0.005864743375951544,-0.00228474695449899,-0.005431085317885517,20000.0,-5000.0,56271.43688958734
2168.0,835.7598910890201,581.256231542411,0.344944462066735,-0.8802321385165897,-1.1973103840113253,-0.004859139955580075,-0.0040694659194352185,-0.005641680417684224,20000.0,-5000.0,56340.424939031785
2169.0,836.1027899869301,580.3740192468493,0.3408512446957275,-0.8841709537151701,-1.2028488121060434,-0.004736209888953161,-0.0037617823437628463,-0.005361744621738826,20000.0,-5000.0,56409.80908432446
2170.0,836.4415935784116,579.4878896349807,0.33675387415991054,-0.8880666756687106,-1.2083495523473577,-0.0049844041490288244,-0.0026219636111518745,-0.005390639795927454,20000.0,-5000.0,56479.58740735024
2171.0,836.77629773525,578.5978858955119,0.33265240038440425,-0.8919191145055265,-1.2138131360066433,-0.005224351109174092,-0.0032220692404227374,-0.005468655445272121,20000.0,-5000.0,56549.75795878975
2172.0,837.1068983791804,577.7040514059696,0.328546873344294,-0.8957280824631653,-1.219240094457842,-0.004419213486013168,-0.0038436699613653017,-0.005441054048740321,20000.0,-5000.0,56620.318757711444
2173.0,837.4333914819385,576.8064297305856,0.32443734306434635,-0.8994933938975578,-1.2246309589735422,-0.005376960024895347,-0.0025884156828476605,-0.005350761225601764,20000.0,-5000.0,56691.26779117104
2174.0,837.7557730653091,575.9050646181745,0.3203238596177016,-0.9032148652927958,-1.2299862605336547,-0.0037669398776078162,-0.0010590514978837669,-0.005229495515496139,20000.0,-5000.0,56762.60301381846
2175.0,838.074039201174,575.0,0.31620647312581696,-0.9068923152698858,-1.235306529643492,-0.004065538801524377,-0.0033251944404560363,-0.005253986335476077,20000.0,-5000.0,56834.3223475126
2176.0,838.3881860115607,574.0912799876347,0.3120852337580118,-0.9105255645951047,-1.2405922961627682,-0.003622797622297323,-0.0034896121846261304,-0.005352306975016565,20000.0,-5000.0,56906.42368094378
2177.0,838.69820966869,573.1789488708098,0.30796019173010336,-0.9141144361887541,-1.2458440891459437,-0.003598803306376223,-0.0033891171148509136,-0.005256569750901135,20000.0,-5000.0,56978.904869264596
2178.0,839.0041063950209,572.2630511152572,0.3038313973042932,-0.917658755134255,-1.2510624366914072,-0.003503426500637118,-0.0021589099800964707,-0.004957373838279726,20000.0,-5000.0,57051.76373372862
2179.0,839.3058724632986,571.3436313605413,0.2996989007889397,-0.921158348686788,-1.2562478658002243,-0.004522724550832189,-0.004100402480071511,-0.005138229624251845,20000.0,-5000.0,57124.99806133811
2180.0,839.6035041965988,570.4207344178836,0.2955627525370801,-0.9246130462810811,-1.261400902245124,-0.0019316367168806256,-0.003721658078401069,-0.00502981590395677,20000.0,-5000.0,57198.605604499935
2181.0,839.8969979683727,569.4944052679791,0.29142300294620327,-0.9280226795397652,-1.2665220704474047,-0.0038976809728034413,-0.004986192831546679,-0.005038866508794687,20000.0,-5000.0,57272.58408069051
2182.0,840.1863502024912,568.5646890588041,0.28727970245802226,-0.9313870822822423,-1.2716118933626255,-0.006082318507238724,-0.004573108385286092,-0.005040674951133083,20000.0,-5000.0,57346.9311721298
2183.0,840.4715573732888,567.6316311034146,0.2831329015574511,-0.9347060905324724,-1.2766708923750498,-0.0051911492879055405,-0.0038348209897309028,-0.005030432016153112,20000.0,-5000.0,57421.64452546453
2184.0,840.7526160056061,566.6952768777392,0.27898265077180895,-0.9379795425265911,-1.2816995871998358,-0.005962338643487506,-0.0033087770876644345,-0.00490305166716664,20000.0,-5000.0,57496.72175146061
2185.0,841.0295226748324,565.7556720183615,0.2748290006704792,-0.941207278720924,-1.286698495792612,-0.004137293799082967,-0.0013646835336384453,-0.004895583440940371,20000.0,-5000.0,57572.160424705464
2186.0,841.3022740069471,564.8128623202973,0.27067200186462514,-0.9443891418002863,-1.2916681342664889,-0.004285343817174167,-0.0026013348294535673,-0.004922692516883732,20000.0,-5000.0,57647.958083319674
2187.0,841.5708666785616,563.8668937347609,0.26651170500582566,-0.9475249766853722,-1.2966090168169877,-0.004649154609827849,-0.00406144493659606,-0.005012380295446083,20000.0,-5000.0,57724.112228679056
2188.0,841.8352974169587,562.9178123669266,0.2623481607859617,-0.9506146305397465,-1.3015216556524982,-0.002073473098848225,-0.0038236986280346646,-0.004851188928734261,20000.0,-5000.0,57800.620325146316
2189.0,842.0955630001336,561.9656644736814,0.25818141993664767,-0.9536579527783147,-1.306406560932169,-0.0035972879757620755,-0.0015901342520140468,-0.004879562207050246,20000.0,-5000.0,57877.479799813416
2190.0,842.351660256832,561.0104964613699,0.2540115332280948,-0.9566547950735753,-1.3112642407100623,-0.0034161813476839787,-0.001801682939039688,-0.004882362890929511,20000.0,-5000.0,57954.68804225406
2191.0,842.6035860665897,560.0523548835342,0.2498385514692245,-0.9596050113636352,-1.3160952008846334,-0.005142962097641552,-0.002897551198826428,-0.0044872553315732505,20000.0,-5000.0,58032.24240428694
2192.0,842.8513373597705,559.0912864386427,0.2456625255064182,-0.9625084578593714,-1.3208999451551158,-0.005216785487070813,-0.003340285767778881,-0.004981826626492865,20000.0,-5000.0,58110.14019974981
2193.0,843.0949111176026,558.1273379678155,0.24148350622328962,-0.9653649930507981,-1.3256789749822877,-0.004142207158426922,-0.0016629084428038858,-0.004648128854890822,20000.0,-5000.0,58188.37870428429
2194.0,843.334304372217,557.1605564525411,0.237301544539946,-0.9681744777143422,-1.3304327895553147,-0.004003453630163615,-0.0038191024372575856,-0.004847920557997692,20000.0,-5000.0,58266.955155132
2195.0,843.5695142066825,556.1909890123868,0.2331166914119649,-0.9709367749196645,-1.335161885763868,-0.006117120114315717,-0.0023308648379468983,-0.004700793025875082,20000.0,-5000.0,58345.86675094169
2196.0,843.800537755041,555.2186829027017,0.22892899783073517,-0.9736517500364243,-1.3398667581737964,-0.004376635060814326,-0.0003273364172741572,-0.004376008465294835,20000.0,-5000.0,58425.11065158807
2197.0,844.0273722023439,554.243685512314,0.224738514822036,-0.9763192707406461,-1.3445478990091095,-0.004177215083191611,-0.0024301273054936996,-0.004788289226007017,20000.0,-5000.0,58504.68397800193
2198.0,844.250014784685,553.2660443612205,0.22054529344541152,-0.9789392070208578,-1.3492057981376262,-0.004418352915277757,-0.0034028322116817387,-0.0047358576221498095,20000.0,-5000.0,58584.58381201212
2199.0,844.4684627892348,552.2858070982722,0.21634938479388666,-0.9815114311850834,-1.3538409430607685,-0.005043276640220485,-0.0021214594700820284,-0.00462617181508557,20000.0,-5000.0,58664.80719619928
2200.0,844.6827135542728,551.3030214988503,0.21215083999334183,-0.9840358178669248,-1.3584538189075765,-0.004761036060318983,-0.002989287076757452,-0.004706540623806838,20000.0,-5000.0,58745.3511337617
2201.0,844.8927644692214,550.3177354625384,0.20794971020200137,-0.9865122440314735,-1.3630449084324945,-0.004386357190493855,-0.003902478368583341,-0.004471332141847767,20000.0,-5000.0,58826.212588393166
2202.0,845.0986129746768,549.3299970107873,0.20374604660889872,-0.9889405889808813,-1.3676146920178256,-0.004110459029683611,-0.0016750609238479314,-0.004625337725782688,20000.0,-5000.0,58907.38848417318
2203.0,845.3002565624392,548.3398542845766,0.19953990043450176,-0.9913207343609542,-1.3721636476778694,-0.003578286479657313,-0.0011932695622002254,-0.004458065962069717,20000.0,-5000.0,58988.87570546936
2204.0,845.4976927755458,547.3473555420654,0.1953313229294622,-0.9936525641672347,-1.3766922510681656,-0.0030855124548101916,-0.0026310054865699237,-0.0046827036795203895,20000.0,-5000.0,59070.67109685276
2205.0,845.6909192082982,546.3525491562422,0.19112036537387667,-0.9959359647494352,-1.3812009754971735,-0.004518288390050884,-0.002651512882000717,-0.004722007682335147,20000.0,-5000.0,59152.771463025456
2206.0,845.8799335062936,545.3554836125666,0.1869070790769456,-0.9981708248175778,-1.385690291941,-0.004688896918754856,-0.003210709809486397,-0.004508106600369332,20000.0,-5000.0,59235.17356876107
2207.0,846.0647333664521,544.356207506607,0.18269151537617745,-1.0003570354479052,-1.390160669061463,-0.003761448161293735,-0.002317788495849155,-0.004654715551328368,20000.0,-5000.0,59317.87413885812
2208.0,846.2453165370459,543.3547695416707,0.17847372563704766,-1.002494490087713,-1.3946125732263241,-0.0035835053129149095,-0.002697973327363154,-0.004255524984444774,20000.0,-5000.0,59400.86985810643
2209.0,846.4216808177262,542.3512185264316,0.17425376125186176,-1.0045830845604655,-1.3990464685330226,-0.004672660581270114,-0.003115741473488286,-0.0046139200768400895,20000.0,-5000.0,59484.15737126661
2210.0,846.5938240595497,541.3456033725498,0.17003167363952798,-1.0066227170709112,-1.403462816834079,-0.003400993904649016,-4.6958049929689445e-05,-0.00453586907387086,20000.0,-5000.0,59567.73328306267
2211.0,846.7617441650052,540.3379730922898,0.16580751424498885,-1.0086132882100287,-1.4078620777652195,-0.0032062515978070784,-0.001480768365106358,-0.004339899728567933,20000.0,-5000.0,59651.59415818794
2212.0,846.9254390880396,539.3283767961298,0.161581334538198,-1.0105547009605402,-1.4122447087763292,-0.0028836134579663035,-0.0013214081530651658,-0.004446908876708895,20000.0,-5000.0,59735.736521324485
2213.0,847.0849068340816,538.3168636903687,0.15735318601377912,-1.012446860700834,-1.4166111651636772,-0.0023793825794650083,-0.00094861702442726,-0.004545985108618002,20000.0,-5000.0,59820.15685717599
2214.0,847.2401454600672,537.3034830747281,0.15312312019057117,-1.0142896752092838,-1.420961900104408,-0.00513220344745985,-0.0010161018845737744,-0.004091340821771517,20000.0,-5000.0,59904.85161051399
2215.0,847.3911530744627,536.2882843399501,0.14889118861037787,-1.0160830546698207,-1.4252973646939557,-0.004218382421796391,-0.002198315503879471,-0.0044516689879082446,20000.0,-5000.0,59989.81718623792
2216.0,847.537927837288,535.2713169653885,0.14465744283796766,-1.0178269116758543,-1.4296180079838723,-0.004222896552833526,-0.001435557042555183,-0.004337677010308602,20000.0,-5000.0,60075.04994944894
2217.0,847.6804679601387,534.2526305165984,0.14042193446039164,-1.0195211612342518,-1.433924277022106,-0.004338375324660488,-0.0019492372257705662,-0.004325121619067014,20000.0,-5000.0,60160.54622553733
2218.0,847.8187717062087,533.23227464292,0.13618471508584662,-1.0211657207694884,-1.4382166168954302,-0.004913381382386688,-0.0011636054958815143,-0.004197935197142591,20000.0,-5000.0,60246.302300283845
2219.0,847.9528373903104,532.2102990750594,0.1319458363434478,-1.0227605101280233,-1.4424954707726183,-0.005784893346949562,-0.0012144548429910468,-0.004215271030879521,20000.0,-5000.0,60332.31441997491
2220.0,848.0826633788956,531.1867536226639,0.1277053498827172,-1.024305451582336,-1.446761279949352,-0.0041448637457835134,-0.0019180048063154856,-0.004361544900687458,20000.0,-5000.0,60418.57879153181
2221.0,848.2082480900758,530.1616881718948,0.12346330737261724,-1.0258004698341097,-1.451014483894894,-0.005042001602961261,-0.002852693351667459,-0.004287331624762992,20000.0,-5000.0,60505.0915826538
2222.0,848.3295899936409,529.1351526829957,0.11921976050109606,-1.0272454920180394,-1.4552555202997022,-0.004154826881688492,-0.001267880123655263,-0.004263175887286702,20000.0,-5000.0,60591.84892197526
2223.0,848.446687611078,528.1071971878587,0.1149747609744054,-1.0286404477058682,-1.4594848251245636,-0.005071626214351537,-0.0015823598248026257,-0.004131224526202163,20000.0,-5000.0,60678.84689923684
2224.0,848.5595395155897,527.077871787584,0.11072836051647528,-1.0299852689095133,-1.4637028326507686,-0.005390887218737458,-0.003285996244468163,-0.004356761800661518,20000.0,-5000.0,60766.081565470835
2225.0,848.668144332111,526.0472266500396,0.10648061086840244,-1.0312798900843632,-1.467909975531342,-0.0040046923841972,-0.0007414440510928102,-0.0039528641808000715,20000.0,-5000.0,60853.54893320047
2226.0,848.7725007373265,525.0153120074152,0.10223156378776821,-1.0325242481322334,-1.4721066848434758,-0.004092688535942025,-0.00021509333476743683,-0.004285400719811779,20000.0,-5000.0,60941.24497665344
2227.0,848.8726074596865,523.9821781537752,0.09798127104784271,-1.0337182824047773,-1.476293390142128,-0.0036483481963521204,0.00146103253429562,-0.004182997128413152,20000.0,-5000.0,61029.16563198931
2228.0,848.9684632794222,522.9478754426057,0.09372978443690272,-1.0348619347066688,-1.4804705195144372,-0.001978426404623396,-0.001525338432318413,-0.004315713004171248,20000.0,-5000.0,61117.30679754143
2229.0,849.0600670285603,521.9124542843618,0.08947715575817483,-1.0359551492979904,-1.4846384996343562,-0.003964750458463597,-0.0016283115172579805,-0.004323828389203122,20000.0,-5000.0,61205.66433407255
2230.0,849.1474175909385,520.8759651440097,0.08522343682858491,-1.0369978728967908,-1.488797755819297,-0.0037496792206664783,-0.00217141953666862,-0.004263022422329159,20000.0,-5000.0,61294.23406504477
2231.0,849.2305139022175,519.8384585385683,0.08096867947830333,-1.0379900546820409,-1.4929487120868294,-0.005376078541745773,-0.0007498673394267555,-0.004266793281037729,20000.0,-5000.0,61383.01177690339
2232.0,849.3093549498951,518.7999850346456,0.07671293555017655,-1.0389316462965326,-1.4970917912122144,-0.0055947910332029985,-0.0007058318608865501,-0.004190476223866712,20000.0,-5000.0,61471.9932193749
2233.0,849.3839397733178,517.7605952459752,0.07245625689915869,-1.0398226018484706,-1.5012274147865279,-0.002610736378085817,-0.0017094875631299441,-0.0042529234490299925,20000.0,-5000.0,61561.17410577896
2234.0,849.4542674636934,516.7203398309487,0.06819869539157253,-1.0406628779136327,-1.505356003275644,-0.005218536621347403,-0.0009968695652340718,-0.0040394401471295005,20000.0,-5000.0,61650.55011335431
2235.0,849.520337164101,515.6792694901479,0.0639403029042569,-1.0414524335381543,-1.5094779760799626,-0.00534464286819423,-0.0028222898222922373,-0.00421550487545504,20000.0,-5000.0,61740.116883598406
2236.0,849.582148069502,514.6374349638724,0.05968113132456665,-1.0421912302404053,-1.5135937515938116,-0.004300204010629167,0.0002501736745855671,-0.004223194415616836,20000.0,-5000.0,61829.870022621355
2237.0,849.6396994267501,513.5948870296671,0.05542123254923581,-1.0428792320124671,-1.517703747266434,-0.0043540502673447435,-0.00146421135108274,-0.004155811664136094,20000.0,-5000.0,61919.80510151306
2238.0,849.6929905346004,512.5516764998474,0.0511606584836386,-1.0435164053222081,-1.5218083796631052,-0.005199629978948307,-0.000647791434820688,-0.003979628993369944,20000.0,-5000.0,62009.91765672455
2239.0,849.7420207437174,511.5078542190227,0.04689946104150522,-1.0441027191143348,-1.5259080645262018,-0.004578701766769555,-0.0020448481993701256,-0.004070899984576272,20000.0,-5000.0,62100.20319046259
2240.0,849.7867894566834,510.46347106161875,0.04263769214435342,-1.0446381448128363,-1.5300032168370106,-0.002983290671280994,-0.0011157050440290116,-0.004105396201432117,20000.0,-5000.0,62190.65717109796
2241.0,849.8272961280061,509.41857792939703,0.0383754037202948,-1.045122656322036,-1.5340942508784299,-0.0051008783321303125,-0.0007498599908087847,-0.004266038678789843,20000.0,-5000.0,62281.27503358732
2242.0,849.863540264124,508.3732257489747,0.03411264770397793,-1.0455562300275574,-1.5381815802969174,-0.005712595492481314,-0.00041983843818863654,-0.004226709196753806,20000.0,-5000.0,62372.0521799081
2243.0,849.895521423414,507.3274654693419,0.029849476035963107,-1.0459388447973765,-1.542265618165292,-0.0032829125915727828,0.0001418689050362319,-0.004240371311149509,20000.0,-5000.0,62462.9839795069
2244.0,849.923239216196,506.2813480593799,0.025585940661471795,-1.0462704819833561,-1.5463467770464068,-0.0037516274839872995,0.0011907169561182233,-0.0039186424729852785,20000.0,-5000.0,62554.065769760724
2245.0,849.946693304737,505.2349245053752,0.021322093530272923,-1.0465511254222406,-1.5504254690559496,-0.004909410907705261,0.0005069912514847727,-0.004012185832857744,20000.0,-5000.0,62645.292856451466
2246.0,849.9658834032565,504.18824580853544,0.01705798659611446,-1.0467807614358833,-1.5545021059258655,-0.005909905529680361,0.000796670964810653,-0.0041821505355683405,20000.0,-5000.0,62736.66051425307
2247.0,849.9808092779292,503.14136298250344,0.012793671815813923,-1.0469593788318434,-1.5585770990682937,-0.005038914426024834,0.001351064792289613,-0.0041440278885961045,20000.0,-5000.0,62828.16398723138
2248.0,849.9914707468881,502.09432705087175,0.008529201148689936,-1.0470869689045799,-1.562650859639328,-0.004321423576149998,0.0004905096654976075,-0.004175201646288731,20000.0,-5000.0,62919.798489356624
2249.0,849.9978676802266,501.0471890446943,0.004264626555936957,-1.0471635254358205,-1.5667237986029248,-0.003052124060428957,-8.921896908302689e-05,-0.004182060735668984,20000.0,-5000.0,63011.55920502823
2250.0,850.0,500.0000000000001,0.0,-1.0471890446943064,-1.5707963267948974,-0.005342829688863818,0.001049630077603034,-0.004015720869805705,20000.0,-5000.0,63103.4412896119
2251.0,849.9978676802266,498.95281095530567,-0.004264626555936957,-1.0471635254359626,-1.57486885498687,-0.004352514124116791,0.001167130979459129,-0.004108219404713181,20000.0,-5000.0,63195.43986998877
2252.0,849.9914707468881,497.9056729491282,-0.008529201148689936,-1.0470869689046083,-1.5789417939504669,-0.003562269354148063,0.000776680554950667,-0.003816505748911194,20000.0,-5000.0,63287.55004511622
2253.0,849.9808092779292,496.85863701749645,-0.012793671815813923,-1.0469593788317297,-1.5830155545215026,-0.006741273441977417,-0.0013599305170276786,-0.003920065680873141,20000.0,-5000.0,63379.766886600766
2254.0,849.9658834032565,495.81175419146473,-0.01705798659611446,-1.0467807614358549,-1.58709054766393,-0.0031889157893325946,-0.0006711200151038756,-0.003914207565545008,20000.0,-5000.0,63472.085439282
2255.0,849.946693304737,494.76507549462474,-0.021322093530272923,-1.0465511254223543,-1.5911671845338433,-0.005493905723696523,-3.075040424489593e-05,-0.003994809982801049,20000.0,-5000.0,63564.50072182818
2256.0,849.923239216196,493.71865194062,-0.025585940661471795,-1.0462704819833561,-1.5952458765433883,-0.003918365374293252,0.001117064916129324,-0.004132087244581819,20000.0,-5000.0,63657.007727342585
2257.0,849.895521423414,492.672534530658,-0.029849476035963107,-1.0459388447972628,-1.5993270354245062,-0.004006765473998999,0.0003349224508350921,-0.004008822960259032,20000.0,-5000.0,63749.60142398101
2258.0,849.863540264124,491.6267742510255,-0.03411264770397793,-1.0455562300275858,-1.6034110732928766,-0.003134828804555143,0.0015906107697894612,-0.004128734277504684,20000.0,-5000.0,63842.27675557955
2259.0,849.8272961280061,490.58142207060286,-0.0383754037202948,-1.045122656322178,-1.6074984027113604,-0.0036894769542213015,0.001827089021499662,-0.003887983795224726,20000.0,-5000.0,63935.02864229318
2260.0,849.7867894566834,489.53652893838114,-0.04263769214435342,-1.044638144812808,-1.6115894367527854,-0.006734772850839475,0.001757288533903381,-0.004043199676863897,20000.0,-5000.0,64027.85198124402
2261.0,849.7420207437174,488.49214578097724,-0.04689946104150522,-1.0441027191141927,-1.6156845890635994,-0.005077773114338926,0.0018148155450724965,-0.0040650397991504935,20000.0,-5000.0,64120.74164717994
2262.0,849.6929905346004,487.44832350015275,-0.0511606584836386,-1.0435164053221797,-1.6197842739266912,-0.004117131369679707,-0.00046688805185567963,-0.004086476158660105,20000.0,-5000.0,64213.69249314252
2263.0,849.6396994267501,486.4051129703329,-0.05542123254923581,-1.0428792320126092,-1.6238889063233537,-0.004463045198928433,0.0011646019692308216,-0.003892541811950256,20000.0,-5000.0,64306.69935114447
2264.0,849.582148069502,485.36256503612753,-0.05968113132462349,-1.0421912302404621,-1.6279989019960346,-0.0037627472749348807,8.147650349041573e-05,-0.004289829618122255,20000.0,-5000.0,64399.75703285623
2265.0,849.5203371641009,484.32073050985196,-0.0639403029042569,-1.0414524335381543,-1.6321146775098325,-0.0034377205892146528,-0.0009511039861214762,-0.0038920047805604046,20000.0,-5000.0,64492.86033030129
2266.0,849.4542674636934,483.2796601690512,-0.06819869539151568,-1.0406628779136042,-1.6362366503140984,-0.003625094519887305,0.0005159020835350087,-0.004148254523800889,20000.0,-5000.0,64586.00401656019
2267.0,849.3839397733178,482.23940475402475,-0.07245625689915869,-1.0398226018484706,-1.640365238803267,-0.004479998655237563,0.0022435440199618534,-0.004305643678772308,20000.0,-5000.0,64679.18284648278
2268.0,849.3093549498951,481.2000149653543,-0.07671293555017655,-1.038931646296561,-1.6445008623775785,-0.006176682991850608,0.0013955154481507931,-0.004232184121590151,20000.0,-5000.0,64772.39155740811
2269.0,849.2305139022175,480.1615414614316,-0.08096867947830333,-1.0379900546820124,-1.6486439415029677,-0.004729020511159028,0.003065715773584695,-0.004350749458175934,20000.0,-5000.0,64865.62486989274
2270.0,849.1474175909385,479.12403485599026,-0.08522343682858491,-1.0369978728967624,-1.6527948977705003,-0.0038211518499384482,0.001201799036530924,-0.004074436215057313,20000.0,-5000.0,64958.87748844558
2271.0,849.0600670285603,478.0875457156381,-0.08947715575817483,-1.0359551492980188,-1.6569541539554364,-0.005387405029951976,0.0036140567771548566,-0.004291757431148401,20000.0,-5000.0,65052.14410227035
2272.0,848.9684632794222,477.0521245573942,-0.09372978443690272,-1.0348619347066688,-1.661122134075358,-0.003595435777720894,0.0013030825589616431,-0.004151738893438779,20000.0,-5000.0,65145.41938601443
2273.0,848.8726074596865,476.01782184622476,-0.09798127104784271,-1.0337182824047488,-1.6652992634476695,-0.0033060222912912004,0.0011922262191320795,-0.004041939738494775,20000.0,-5000.0,65238.69800052444
2274.0,848.7725007373265,474.9846879925847,-0.10223156378776821,-1.0325242481322334,-1.6694859687463193,-0.004117708932158151,-0.00011156439178445945,-0.004274643209448093,20000.0,-5000.0,65331.974593607665
2275.0,848.668144332111,473.9527733499603,-0.10648061086840244,-1.0312798900843916,-1.6736826780584502,-0.007435196061536762,0.0024246440081419412,-0.0042350136886700395,20000.0,-5000.0,65425.243800799224
2276.0,848.5595395155897,472.92212821241594,-0.11072836051647528,-1.0299852689095133,-1.6778898209390263,-0.005576481612484158,0.0007974345778258216,-0.004373428127652165,20000.0,-5000.0,65518.500246134776
2277.0,848.446687611078,471.89280281214127,-0.1149747609744054,-1.0286404477058397,-1.6821078284652344,-0.0022837759869237745,0.000696860350620891,-0.004271584652566992,20000.0,-5000.0,65611.73854292827
2278.0,848.3295899936409,470.86484731700426,-0.11921976050109606,-1.0272454920180678,-1.6863371332900896,-0.004812755745582986,0.0027526638630066425,-0.003917501569077707,20000.0,-5000.0,65704.95329455427
2279.0,848.2082480900758,469.83831182810513,-0.12346330737261724,-1.025800469834138,-1.6905781696948978,-0.006306605842477843,0.0026747481992631054,-0.004151112786793536,20000.0,-5000.0,65798.1390952349
2280.0,848.0826633788956,468.813246377336,-0.1277053498827172,-1.0243054515823076,-1.6948313736404463,-0.0029564190643058463,0.0026974856947098924,-0.004292177846175879,20000.0,-5000.0,65891.29053083037
2281.0,847.9528373903104,467.7897009249405,-0.1319458363434478,-1.0227605101280233,-1.6990971828171766,-0.004225790752204421,0.0011931314626743542,-0.004347822036395136,20000.0,-5000.0,65984.40217963372
2282.0,847.8187717062087,466.76772535707994,-0.13618471508584662,-1.0211657207693747,-1.7033760366943795,-0.003088742659388754,0.001566651782968859,-0.0042908584082050295,20000.0,-5000.0,66077.4686131684
2283.0,847.6804679601387,465.74736948340177,-0.14042193446039164,-1.0195211612342518,-1.707668376567689,-0.00394828467101658,0.0016071468568344995,-0.004283254448346304,20000.0,-5000.0,66170.4843969889
2284.0,847.537927837288,464.72868303461144,-0.1446574428380245,-1.017826911675968,-1.711974645605962,-0.0037576557314017247,0.0025329913733918926,-0.00436517498773555,20000.0,-5000.0,66263.44409148405
2285.0,847.3911530744626,463.71171566004983,-0.14889118861037787,-1.0160830546698207,-1.7162952888958392,-0.003855253769613776,0.0033845621079637627,-0.004262637524190913,20000.0,-5000.0,66356.34225268224
2286.0,847.2401454600672,462.6965169252718,-0.15312312019045748,-1.0142896752091701,-1.720630753485294,-0.0035055046247004437,0.0022010254733433243,-0.004460767975864114,20000.0,-5000.0,66449.17343305869
2287.0,847.0849068340817,461.6831363096315,-0.15735318601377912,-1.0124468607008055,-1.7249814884261219,-0.001860232637984648,0.0039216746434600006,-0.00447687355991704,20000.0,-5000.0,66541.93218234416
2288.0,846.9254390880396,460.6716232038702,-0.16158133453825485,-1.0105547009606823,-1.7293479448134987,-0.0032171696347972328,0.002850005089468809,-0.004328856613675958,20000.0,-5000.0,66634.61304833434
2289.0,846.7617441650052,459.6620269077101,-0.16580751424498885,-1.0086132882100003,-1.73373057582458,-0.00586896313850289,0.0017217648134163438,-0.004535172040781738,20000.0,-5000.0,66727.21057770032
2290.0,846.5938240595497,458.6543966274502,-0.17003167363952798,-1.0066227170707407,-1.7381298367557438,-0.003758527497710878,0.002877087906029343,-0.00431783410737096,20000.0,-5000.0,66819.71931679914
2291.0,846.4216808177262,457.64878147356865,-0.17425376125186176,-1.0045830845603803,-1.7425461850567867,-0.0030337121440119743,0.0038385512086284703,-0.004426884223006918,20000.0,-5000.0,66912.13381248432
2292.0,846.2453165370459,456.6452304583294,-0.17847372563704766,-1.002494490087713,-1.7469800803634707,-0.0029678850432342365,0.004191549452901099,-0.004668488254703392,20000.0,-5000.0,67004.44861291579
2293.0,846.0647333664521,455.6437924933932,-0.18269151537629114,-1.000357035448161,-1.7514319845283968,-0.004660410877408503,0.003396380405650892,-0.004447626981627411,20000.0,-5000.0,67096.65826836908
2294.0,845.8799335062934,454.6445163874331,-0.1869070790769456,-0.9981708248177483,-1.7559023616487643,-0.003002705346129071,0.0022372406916464755,-0.004687816481700629,20000.0,-5000.0,67188.75733204321
2295.0,845.6909192082982,453.6474508437577,-0.19112036537376298,-0.9959359647492931,-1.760391678092538,-0.0032471285287308466,0.0020337363370757523,-0.004413450263027733,20000.0,-5000.0,67280.74036086678
2296.0,845.4976927755458,452.6526444579345,-0.1953313229294622,-0.9936525641672063,-1.7649004025216346,-0.001533957582585458,0.002906815217483455,-0.004549358594410661,20000.0,-5000.0,67372.60191630239
2297.0,845.3002565624392,451.6601457154233,-0.19953990043450176,-0.9913207343609827,-1.7694290059119202,-0.004987477876171578,0.004097176026948911,-0.004310330900637124,20000.0,-5000.0,67464.33656514833
2298.0,845.0986129746768,450.67000298921255,-0.20374604660884188,-0.9889405889807392,-1.7739779615719429,-0.004732678764047719,0.002855431118143629,-0.004427155246099176,20000.0,-5000.0,67555.93888033762
2299.0,844.8927644692216,449.68226453746183,-0.20794971020200137,-0.9865122440313598,-1.7785477451573237,-0.004520807126860395,0.0029251679321852806,-0.004711340239567098,20000.0,-5000.0,67647.40344173386
2300.0,844.6827135542728,448.69697850114983,-0.21215083999339868,-0.9840358178669533,-1.7831388346822676,-0.004709742996452122,0.0025538680197857125,-0.004851369093174586,20000.0,-5000.0,67738.72483692346
2301.0,844.4684627892348,447.7141929017279,-0.2163493847939435,-0.9815114311853108,-1.787751710529033,-0.005122983862469937,0.0022072487776328207,-0.004717200009670991,20000.0,-5000.0,67829.89766200402
2302.0,844.2500147846849,446.7339556387792,-0.22054529344541152,-0.9789392070209715,-1.792386855452144,-0.007068168315727066,0.0024274356412153334,-0.0047972417205254525,20000.0,-5000.0,67920.91652236844
2303.0,844.0273722023439,445.756314487686,-0.22473851482197915,-0.976319270740504,-1.797044754580662,-0.004644005853290874,0.0027845921433029977,-0.004444199409851191,20000.0,-5000.0,68011.77603348406
2304.0,843.800537755041,444.7813170972982,-0.228928997830792,-0.9736517500364243,-1.8017258954160538,-0.003804899656954572,0.004478333585795368,-0.004694279589961518,20000.0,-5000.0,68102.47082166727
2305.0,843.5695142066824,443.80901098761314,-0.2331166914119649,-0.970936774919636,-1.8064307678259335,-0.004699299195191145,0.0024892973212392905,-0.004601787906994049,20000.0,-5000.0,68192.99552485213
2306.0,843.334304372217,442.8394435474589,-0.23730154453988916,-0.9681744777142569,-1.8111598640344453,-0.0021703162019964172,0.0028406155066015067,-0.004776632029077701,20000.0,-5000.0,68283.3447933536
2307.0,843.0949111176026,441.8726620321846,-0.24148350622328962,-0.9653649930507413,-1.8159136786075212,-0.004166577600805322,0.0019328853572486474,-0.004788595578404464,20000.0,-5000.0,68373.51329062435
2308.0,842.8513373597705,440.90871356135744,-0.2456625255064182,-0.962508457859343,-1.8206927084346862,-0.002834655772379277,0.003625396300756178,-0.004795913661086492,20000.0,-5000.0,68463.49569400531
2309.0,842.6035860665897,439.94764511646594,-0.24983855146928136,-0.9596050113638626,-1.8254974527051593,-0.0039025868153466084,0.0043483858939895965,-0.004681290426425863,20000.0,-5000.0,68553.28669546914
2310.0,842.3516602568319,438.9895035386297,-0.2540115332280948,-0.956654795073689,-1.8303284128797033,-0.003311844763451367,0.004663254475601555,-0.0048058613009403,20000.0,-5000.0,68642.88100235663
2311.0,842.0955630001336,438.03433552631856,-0.25818141993659083,-0.953657952778201,-1.8351860926576007,-0.0038778600323275177,0.0032316123465683574,-0.005001781709188897,20000.0,-5000.0,68732.27333810534
2312.0,841.8352974169587,437.0821876330733,-0.2623481607860185,-0.9506146305397465,-1.8400709979373522,-0.0027413980414661273,0.0036639039794369383,-0.00469853204702711,20000.0,-5000.0,68821.4584429707
2313.0,841.5708666785615,436.13310626523906,-0.26651170500582566,-0.9475249766853153,-1.844983636772823,-0.004103735095162539,0.0029530286478150697,-0.004962898053625027,20000.0,-5000.0,68910.43107473856
2314.0,841.3022740069471,435.1871376797027,-0.2706720018645683,-0.9443891418003147,-1.8499245193232425,-0.003642606733079916,0.003708068830250907,-0.005011477806257732,20000.0,-5000.0,68999.18600942925
2315.0,841.0295226748324,434.24432798163843,-0.2748290006704792,-0.9412072787208388,-1.8548941577972073,-0.003774282407394416,0.003531371214749295,-0.005333472445321701,20000.0,-5000.0,69087.7180419928
2316.0,840.7526160056061,433.304723122261,-0.2789826507717521,-0.9379795425264206,-1.859893066389953,-0.004451811227963373,0.0033111979309201423,-0.0049355082887798255,20000.0,-5000.0,69176.02198699504
2317.0,840.4715573732889,432.3683688965856,-0.2831329015575079,-0.9347060905326714,-1.8649217612147417,-0.0037272825497514594,0.0034395149428162225,-0.005031380603835228,20000.0,-5000.0,69264.09267929391
2318.0,840.1863502024911,431.43531094119567,-0.2872797024581928,-0.9313870822825265,-1.869980760227251,-0.0018209486848067284,0.003811773502300102,-0.0050620787972828745,20000.0,-5000.0,69351.92497470637
2319.0,839.8969979683725,430.50559473202054,-0.2914230029461464,-0.9280226795397084,-1.875070583142352,-0.004422779042610052,0.0030810546669740512,-0.005155209526963996,20000.0,-5000.0,69439.51375066467
2320.0,839.6035041965988,429.57926558211625,-0.2955627525369664,-0.924613046280939,-1.880191751344604,-0.0037016415452394533,0.003179931828653197,-0.005208091921599706,20000.0,-5000.0,69526.85390686277
2321.0,839.3058724632986,428.65636863945866,-0.2996989007889397,-0.921158348686788,-1.8853447877895708,-0.0028260407057696503,0.00525306211135865,-0.005214843959465358,20000.0,-5000.0,69613.94036589166
2322.0,839.0041063950209,427.7369488847427,-0.3038313973042932,-0.917658755134255,-1.890530216898388,-0.0029446083894061723,0.006341337724906601,-0.005144728062359363,20000.0,-5000.0,69700.76807386396
2323.0,838.69820966869,426.82105112919015,-0.3079601917300465,-0.914114436188612,-1.8957485644438425,-0.004114731367934515,0.0023138702092080376,-0.005156194557414014,20000.0,-5000.0,69787.33200102708
2324.0,838.3881860115608,425.90872001236545,-0.3120852337580118,-0.910525564594991,-1.901000357427065,-0.006602227956683668,0.0023010185799519104,-0.005297292148552523,20000.0,-5000.0,69873.62714236512
2325.0,838.074039201174,425.00000000000017,-0.3162064731259875,-0.9068923152701416,-1.9062861239463829,-0.003581863300809088,0.002659764928630377,-0.005185906197746309,20000.0,-5000.0,69959.64851818881
2326.0,837.7557730653089,424.09493538182517,-0.3203238596177016,-0.9032148652930516,-1.911606393056051,-0.006424026240380482,0.003592025003137203,-0.005347531808304277,20000.0,-5000.0,70045.39117471372
2327.0,837.4333914819385,423.19357026941407,-0.3244373430642895,-0.8994933938974157,-1.916961694616247,-0.0025825482608889962,0.004675139580470583,-0.005435311342177716,20000.0,-5000.0,70130.85018462584
2328.0,837.1068983791803,422.29594859403034,-0.32854687334435084,-0.8957280824629947,-1.9223525591320703,-0.0039312500218703075,0.004402132807834351,-0.0053844243397406875,20000.0,-5000.0,70216.0206476353
2329.0,836.7762977352498,421.4021141044881,-0.3326524003843474,-0.8919191145055549,-1.9277795175830852,-0.0030636871694036927,0.004009641980973369,-0.00561303757531419,20000.0,-5000.0,70300.89769101693
2330.0,836.4415935784116,420.5121103650192,-0.33675387415991054,-0.8880666756687674,-1.9332431012424158,-0.005037755137562821,0.0044242539248614465,-0.00545344138911019,20000.0,-5000.0,70385.47647013816
2331.0,836.10278998693,419.62598075315054,-0.3408512446957275,-0.8841709537150564,-1.9387438414837947,-0.0057101381839281175,0.00319739356343787,-0.005709910128136904,20000.0,-5000.0,70469.75216897384
2332.0,835.7598910890201,418.7437684575891,-0.34494446206667817,-0.880232138516476,-1.9442822695784576,-0.0038198915769630326,0.0037063409705739457,-0.005684372791744972,20000.0,-5000.0,70553.72000060778
2333.0,835.4129010627967,417.8655164761176,-0.3490334763982901,-0.876250422045274,-1.9498589164797515,-0.0041218405958629144,0.003982168684924078,-0.005845155108731143,20000.0,-5000.0,70637.37520772101
2334.0,835.0618241362235,416.99126761349856,-0.3531182378671929,-0.872225998364911,-1.9554743125954583,-0.004593887476158255,0.0023978529325615573,-0.00565664731539378,20000.0,-5000.0,70720.71306306608
2335.0,834.7066645870623,416.12106447938777,-0.35719869670163007,-0.8681590636196859,-1.9611289875482498,-0.00399022203126023,0.0028801516803068404,-0.005475928271882593,20000.0,-5000.0,70803.72886992813
2336.0,834.3474267428203,415.2549494862592,-0.36127480318270955,-0.864049816026295,-1.966823469923261,-0.0011953506428227828,0.0029637043512940053,-0.005729098557284394,20000.0,-5000.0,70886.41796257142
2337.0,833.9841149806969,414.3929648473352,-0.3653465076444036,-0.8598984558641121,-1.9725582870017089,-0.003201444972058333,0.004967104212946947,-0.005675820209876729,20000.0,-5000.0,70968.7757066725
2338.0,833.6167337275315,413.53515257453097,-0.3694137604741172,-0.8557051854642737,-1.9783339644819884,-0.0029733638382526293,0.004469329847472515,-0.005506062501290438,20000.0,-5000.0,71050.79749973869
2339.0,833.2452874597486,412.68155447640663,-0.37347651211382527,-0.8514702092009259,-1.9841510261864876,-0.003182653387963307,0.004891322708905897,-0.0057881487237725696,20000.0,-5000.0,71132.47877151248
2340.0,832.8697807033038,411.8322121561291,-0.37753471306007214,-0.8471937334808501,-1.9900099937536266,-0.0025170349130075893,0.002383599851375379,-0.005974617496386991,20000.0,-5000.0,71213.81498436152
2341.0,832.4902180336285,410.98716700944493,-0.38158831386499514,-0.842875966733402,-1.9959113863160964,-0.004248979527484727,0.002795171728469703,-0.0060003135892640795,20000.0,-5000.0,71294.80163365415
2342.0,832.1066040755738,410.1464602226623,-0.3856372651367792,-0.8385171194006773,-2.001855720163398,-0.0061838665528075685,0.0050691264740027045,-0.005965979805029463,20000.0,-5000.0,71375.43424812023
2343.0,831.7189435033549,409.3101327706436,-0.3896815175401116,-0.8341174039263137,-2.0078435083896045,-0.004238036631509712,0.001529802688074182,-0.006087877870244468,20000.0,-5000.0,71455.70839019756
2344.0,831.3272410404936,408.4782254148097,-0.3937210217970346,-0.8296770347461973,-2.013875260524938,-0.0031927768020399085,0.005734388876050771,-0.0061228623034643315,20000.0,-5000.0,71535.61965636321
2345.0,830.9315014597609,407.6507787011512,-0.39775572868762765,-0.8251962282781449,-2.019951482151562,-0.005041023745256108,0.0026043883841623382,-0.005977113439625075,20000.0,-5000.0,71615.16367745053
2346.0,830.5317295831184,406.8278329582534,-0.40178558905023465,-0.8206752029101096,-2.026072674503255,-0.004210859997657034,0.005418231779062732,-0.0060172844973310335,20000.0,-5000.0,71694.33611895108
2347.0,830.1279302816604,406.00942829533096,-0.40581055378225983,-0.8161141789904889,-2.0322393340479867,-0.004742038289595389,0.0036566486987539425,-0.006392887400588726,20000.0,-5000.0,71773.1326813017
2348.0,829.7201084755538,405.1956046002724,-0.4098305738407362,-0.8115133788171534,-2.038451952053906,-0.0024551840382924794,0.005711595801481913,-0.006336813139237979,20000.0,-5000.0,71851.54910015689
2349.0,829.3082691339789,404.38640153769666,-0.41384560024289385,-0.8068730266265902,-2.0447110141380405,-0.0032329556694108974,0.007996991093941704,-0.006339788237945679,20000.0,-5000.0,71929.58114664623
2350.0,828.892417275068,403.58185854701924,-0.4178555840672402,-0.8021933485832449,-2.051016999797917,-0.003329736625176623,0.0023347759724828654,-0.006255748280548589,20000.0,-5000.0,72007.22462761687
2351.0,828.4725579658444,402.78201484053017,-0.42186047645304825,-0.7974745727676122,-2.0573703819245464,-0.003355762227254149,0.005461507853366266,-0.006236242388440029,20000.0,-5000.0,72084.47538586143
2352.0,828.048696322162,401.986909401484,-0.42586022860194817,-0.7927169291661755,-2.0637716262986414,-0.004035902558684845,0.00289619693510647,-0.006091945482014233,20000.0,-5000.0,72161.32930033056
2353.0,827.6208375086405,401.1965809821978,-0.429854791778439,-0.7879206496601512,-2.070221191068277,-0.003786455730894491,0.005259385255607398,-0.0065314202866356506,20000.0,-5000.0,72237.78228633144
2354.0,827.1889867386051,400.4110681021637,-0.43384411730994543,-0.7830859680132676,-2.0767195262084233,-0.005219454880815793,0.00463869035652037,-0.006574247447366778,20000.0,-5000.0,72313.83029571088
2355.0,826.7531492740206,399.6304090461713,-0.43782815658789787,-0.7782131198610784,-2.083267072962352,-0.0062556045480531095,0.005026806039141826,-0.00649973109233343,20000.0,-5000.0,72389.46931702414
2356.0,826.3133304254293,398.85464186244155,-0.44180686106784606,-0.77330234269931,-2.089864263264223,-0.0038199056073297323,0.00398132941045434,-0.006706417785932176,20000.0,-5000.0,72464.69537568883
2357.0,825.869535551885,398.08380436077266,-0.445780182270596,-0.76835387587235,-2.0965115191441734,-0.003633606144786211,0.00577907270485984,-0.006689891009790974,20000.0,-5000.0,72539.50453412462
2358.0,825.4217700608881,397.31793411069685,-0.44974807178266474,-0.7633679605616521,-2.1032092521143966,-0.0027073301617876145,0.0034980053024861253,-0.006774392966715594,20000.0,-5000.0,72613.89289187816
2359.0,824.9700394083196,396.55706843964936,-0.4537104812562802,-0.7583448397732866,-2.109957862536927,-0.002325216739307411,0.006333092981162188,-0.007097790692919423,20000.0,-5000.0,72687.85658573393
2360.0,824.5143490983755,395.8012444311503,-0.4576673624107457,-0.7532847583271405,-2.116757738973603,-0.0023210553416429637,0.004652755813544861,-0.00681048885674214,20000.0,-5000.0,72761.39178981056
2361.0,824.0547046834981,395.0504989229951,-0.461618667033008,-0.7481879628447814,-2.1236092575179475,-0.004986588826705182,0.003656016350653756,-0.0069000268563841815,20000.0,-5000.0,72834.49471564342
2362.0,823.5911117643095,394.3048685054607,-0.46556434697743043,-0.7430547017366109,-2.1305127811088895,-0.004309252855979016,0.006810346043988898,-0.006772813689716918,20000.0,-5000.0,72907.1616122528
2363.0,823.1235759895433,393.56438951952185,-0.46950435416715663,-0.7378852251905812,-2.1374686588275837,-0.003437525982374765,0.005117411672743498,-0.00698154444401352,20000.0,-5000.0,72979.38876619862
2364.0,822.6521030559752,392.82909805507956,-0.4734386405945088,-0.7326797851597178,-2.1444772251768036,-0.0012978355846060422,0.007207526876653568,-0.007189922929213398,20000.0,-5000.0,73051.17250162111
2365.0,822.1766987083543,392.0990299492024,-0.4773671583214991,-0.7274386353497846,-2.151538799343616,-0.0023860808411391293,0.006529273372282368,-0.007120082497815355,20000.0,-5000.0,73122.5091802683
2366.0,821.6973687393322,391.37422078438,-0.48128985948051195,-0.7221620312071764,-2.1586536844458166,-0.0027554254354423694,0.004464009625556578,-0.007399751384082865,20000.0,-5000.0,73193.39520150985
2367.0,821.2141189893932,390.65470588678807,-0.4852066962741901,-0.7168502299057877,-2.165822166762557,-0.004317239285129793,0.005240868098361734,-0.007344858757813969,20000.0,-5000.0,73263.82700233794
2368.0,820.7269553467838,389.9405203245684,-0.4891176209773107,-0.7115034903353603,-2.1730445149509157,-0.00482660696550167,0.005489976300709494,-0.007170976280472235,20000.0,-5000.0,73333.80105735487
2369.0,820.2358837474386,389.23169890611734,-0.49302258593678516,-0.7061220730888067,-2.1803209792470017,-0.0030813769419230416,0.006986212738590651,-0.007334162979958777,20000.0,-5000.0,73403.31387874836
2370.0,819.7409101749103,388.5282761783908,-0.4969215435715455,-0.700706240448568,-2.187651790654134,-0.005040785572288851,0.005887993416119793,-0.007244240543826666,20000.0,-5000.0,73472.36201625376
2371.0,819.2420406602955,387.8302864252202,-0.500814446374136,-0.6952562563747051,-2.195037160118965,-0.00413786179021407,0.005650298154989552,-0.007655484410107681,20000.0,-5000.0,73540.94205710418
2372.0,818.739281282162,387.1377636656414,-0.504701246910713,-0.6897723864917964,-2.2024772776953148,-0.004003112272397713,0.0052927739356923905,-0.007497498778762116,20000.0,-5000.0,73609.05062596849
2373.0,818.2326381664741,386.4507416522366,-0.508581897821955,-0.684254898075892,-2.209972311698415,-0.0022206812713676874,0.005481576207609729,-0.007581249698221048,20000.0,-5000.0,73676.68438487726
2374.0,817.7221174865181,385.7692538694896,-0.512456351823289,-0.6787040600415821,-2.217522407849203,-0.004240271159953505,0.006924352041493416,-0.007459723818657953,20000.0,-5000.0,73743.84003313724
2375.0,817.2077254628275,385.09333353215345,-0.5163245617056873,-0.673120142929065,-2.2251276884112396,-0.00640225539622943,0.005604174704848294,-0.007549893785508031,20000.0,-5000.0,73810.51430723423
2376.0,816.6894683631067,384.4230135836315,-0.5201864803361786,-0.6675034188902487,-2.232788251321559,-0.0033340502121639234,0.0052221333032259265,-0.007608977921060132,20000.0,-5000.0,73876.70398072519
2377.0,816.1673525021552,383.75832669437295,-0.5240420606584166,-0.6618541616763309,-2.240504169315561,-0.004579476872162204,0.005078212702056234,-0.007553388187397244,20000.0,-5000.0,73942.40586411879
2378.0,815.6413842417899,383.0993052602788,-0.527891255693703,-0.6561726466244693,-2.248275489049626,-0.0038016361827093803,0.00512150541389719,-0.007844457340182581,20000.0,-5000.0,74007.61680474618
2379.0,815.1115699907677,382.445981401124,-0.5317340185407033,-0.6504591506435418,-2.256102230221615,-0.0039297094359666265,0.004270953826176741,-0.007689680935953704,20000.0,-5000.0,74072.3336866209
2380.0,814.5779162047085,381.7983869589917,-0.5355703023763567,-0.6447139522012719,-2.263984384691768,-0.004117714800880759,0.004980405058165507,-0.008038711739454854,20000.0,-5000.0,74136.5534302889
2381.0,814.040429386015,381.1565534967215,-0.5394000604568987,-0.6389373313105295,-2.2719219156065433,-0.003004397291095236,0.007350776649902233,-0.008098580731335858,20000.0,-5000.0,74200.27299266886
2382.0,813.4991160837947,380.52051229637067,-0.543223246118032,-0.6331295695156882,-2.279914756525958,-0.005414289099356909,0.005608296018209685,-0.00792754845063972,20000.0,-5000.0,74263.48936688318
2383.0,812.953982893779,379.8902943576901,-0.5470398127754379,-0.6272909498789545,-2.287962810557782,-0.004351007442594668,0.006586601697144411,-0.008261301680596267,20000.0,-5000.0,74326.19958207957
2384.0,812.4050364582438,379.26593039661276,-0.5508497139251745,-0.6214217569661571,-2.2960659495008713,-0.003095041571066306,0.00330605221126597,-0.008059914258790041,20000.0,-5000.0,74388.4007032442
2385.0,811.8522834659286,378.6474508437578,-0.5546529031448699,-0.6155222768334738,-2.304224012999699,-0.004438551780461311,0.006505610295630546,-0.008172925698527856,20000.0,-5000.0,74450.0898310061
2386.0,811.295730651954,378.0348858429458,-0.5584493340941208,-0.6095927970135335,-2.31243680771236,-0.005466432695523414,0.005776503778642086,-0.008107765742171728,20000.0,-5000.0,74511.26410143352
2387.0,810.7353847977404,377.4282652497307,-0.5622389605144349,-0.6036336065006935,-2.3207041064951737,-0.003090801685295297,0.005473129687375437,-0.008301756129820738,20000.0,-5000.0,74571.92068582265
2388.0,810.1712527309252,376.8276186299444,-0.566021736230482,-0.5976449957374541,-2.329025647606575,-0.0026111378467075087,0.006191400867459823,-0.00834159652673018,20000.0,-5000.0,74632.05679047835
2389.0,809.6033413252794,376.2329752582558,-0.5697976151503212,-0.591627256600276,-2.3374011339323673,-0.0038192093868220267,0.005516422894285636,-0.008339442182872987,20000.0,-5000.0,74691.66965648838
2390.0,809.0316575006245,375.6443641167439,-0.5735665512660262,-0.5855806823852845,-2.3458302322361027,-0.005805019825673163,0.0038516910046036777,-0.008537499096217876,20000.0,-5000.0,74750.75655949027
2391.0,808.4562082227474,375.06181389348524,-0.577328498654424,-0.5795055677941434,-2.3543125724370286,-0.003024114044609053,0.007048515057112787,-0.008595912673446683,20000.0,-5000.0,74809.31480943231
2392.0,807.8770005033157,374.4853529811556,-0.5810834114771524,-0.5734022089189921,-2.3628477469188645,-0.00547790887347258,0.006370107559764312,-0.008502817760067095,20000.0,-5000.0,74867.34175032799
2393.0,807.2940413997931,373.91500947564725,-0.5848312439817391,-0.5672709032289447,-2.3714353098718095,-0.003423071232241991,0.005818581713014579,-0.00861712938501129,20000.0,-5000.0,74924.83476000486
2394.0,806.7073380153522,373.3508111746977,-0.5885719505022848,-0.5611119495555954,-2.3800747766718047,-0.004660218283835975,0.0051676476316678405,-0.008715424715628747,20000.0,-5000.0,74981.7912498482
2395.0,806.1168974987885,372.79278557653606,-0.5923054854594056,-0.5549256480774147,-2.3887656233000856,-0.004936335938656116,0.0046709489379197335,-0.008726471235015148,20000.0,-5000.0,75038.20866453949
2396.0,805.5227270444334,372.24095987854287,-0.5960318033610861,-0.5487123003060219,-2.3975072858049407,-0.00418234039585956,0.006459602018961621,-0.008569978221064202,20000.0,-5000.0,75094.08448179039
2397.0,804.9248338920663,371.695360975924,-0.5997508588033043,-0.5424722090712066,-2.406299159810617,-0.0039060589310365395,0.007931535237444293,-0.008871331549660712,20000.0,-5000.0,75149.41621207232
2398.0,804.3232253268268,371.15601546040045,-0.6034626064706572,-0.5362056785062634,-2.41514060007534,-0.0043781458647576205,0.006490921598571384,-0.008924133697976285,20000.0,-5000.0,75204.20139834228
2399.0,803.717908679125,370.6229496189115,-0.6071670011367019,-0.529913014033184,-2.4240309201017736,-0.0030883545236061152,0.0048672954044154506,-0.00912511738675871,20000.0,-5000.0,75258.43761576523
2400.0,803.1088913245534,370.0961894323341,-0.6108639976642394,-0.5235945223472243,-2.432969391803657,-0.004157255028234631,0.006565406998256714,-0.008967389485239967,20000.0,-5000.0,75312.12247143309
2401.0,802.4961806837965,369.57576057421704,-0.6145535510066793,-0.5172505114027786,-2.4419552452307913,-0.002666261475135797,0.006301131169205858,-0.008928070038591425,20000.0,-5000.0,75365.25360408117
2402.0,801.87978422254,369.06168840952853,-0.6182356162081533,-0.510881290398288,-2.4509876683555314,-0.0033858357815201873,0.007280407792461418,-0.008952082781853376,20000.0,-5000.0,75417.82868380228
2403.0,801.2597094513802,368.55399799342047,-0.6219101484037424,-0.5044871697604947,-2.460065806924558,-0.004396309044100812,0.007037509548705899,-0.009087192507236769,20000.0,-5000.0,75469.84541175875
2404.0,800.6359639257325,368.05271407000754,-0.6255771028204435,-0.4980684611297477,-2.4691887643775545,-0.004563852555114389,0.003325136009602879,-0.009026934770248523,20000.0,-5000.0,75521.3015198928
2405.0,800.0085552457393,367.55786107116097,-0.6292364347775674,-0.4916254773448543,-2.4783556018358084,-0.005369145510250317,0.007022099287998936,-0.009098043251995093,20000.0,-5000.0,75572.19477063579
2406.0,799.3774910561774,367.06946311531783,-0.6328880996873067,-0.48515853242776075,-2.4875653381635656,-0.0033454023531701844,0.005434996465043058,-0.009093321145650363,20000.0,-5000.0,75622.52295661652
2407.0,798.7427790463647,366.58754400630545,-0.6365320530554754,-0.4786679415684034,-2.496816950104138,-0.004008900452421262,0.005023441228656755,-0.009150541012682544,20000.0,-5000.0,75672.28390036915
2408.0,798.1044269500665,366.112127232181,-0.6401682504812811,-0.47215402110873583,-2.506109372493042,-0.006099741953656071,0.006329385467494406,-0.009118517852340429,20000.0,-5000.0,75721.47545404105
2409.0,797.4624425454022,365.643235964088,-0.6437966476587462,-0.46561708852806305,-2.5154414985499725,-0.004181700009051847,0.006975751887921431,-0.009372346292479093,20000.0,-5000.0,75770.09549910066
2410.0,796.816833654749,365.1808930551249,-0.6474172003773901,-0.45905746242752343,-2.5248121802516414,-0.004553821056080572,0.004864199116420462,-0.00955314188316061,20000.0,-5000.0,75818.1419460465
2411.0,796.1676081446474,364.72512103923293,-0.6510298645218313,-0.4524754625139167,-2.5342202287866074,-0.001969753164560786,0.0073258932073827394,-0.009344205624162286,20000.0,-5000.0,75865.61273411685
2412.0,795.5147739257053,364.27594213009706,-0.6546345960728104,-0.4458714095845835,-2.5436644150934136,-0.005371892395101973,0.007408907164627883,-0.0093652901136816,20000.0,-5000.0,75912.5058310009
2413.0,794.8583389525018,363.83337822006376,-0.6582313511078723,-0.4392456255117736,-2.5531434704832576,-0.005091969224476519,0.006685350577799295,-0.009302077634043442,20000.0,-5000.0,75958.81923255183
2414.0,794.1983112234896,363.3974508790735,-0.6618200858016507,-0.4325984332269286,-2.5626560873474027,-0.0024301651739929288,0.005755273682590326,-0.009370596315175879,20000.0,-5000.0,76004.55096250189
2415.0,793.5346987808985,362.9681813536099,-0.6654007564266067,-0.42593015670479417,-2.5722009199504012,-0.0021653764469707444,0.005659953848836056,-0.009320151580919828,20000.0,-5000.0,76049.69907218014
2416.0,792.8675097106363,362.54559056566393,-0.6689733193531424,-0.41924112094758925,-2.5817765853081767,-0.004343383034752409,0.007766378041495374,-0.00951387380409261,20000.0,-5000.0,76094.26164023291
2417.0,792.1967521421922,362.12969911171473,-0.6725377310507952,-0.41253165196951613,-2.59138166415155,-0.004217779894789545,0.005147620319067079,-0.009590820036418682,20000.0,-5000.0,76138.23677234772
2418.0,791.5224342485348,361.7205272617249,-0.676093948088635,-0.40580207678087277,-2.6010147019740693,-0.0029111193725486267,0.007846675704938397,-0.009817198502719558,20000.0,-5000.0,76181.62260098058
2419.0,790.8445642460149,361.318094958153,-0.6796419271350942,-0.3990527233715113,-2.6106742101636904,-0.005964376658480712,0.006587245756219011,-0.009633959375693255,20000.0,-5000.0,76224.4172850875
2420.0,790.1631503942646,360.9224218149819,-0.6831816249591043,-0.39228392069534834,-2.6203586672163723,-0.005471460553107684,0.006678679882660136,-0.009764341259346747,20000.0,-5000.0,76266.61900986
2421.0,789.4782009960967,360.5335271167623,-0.6867129984305507,-0.3854959986543349,-2.6300665200302995,-0.00381919527557271,0.005020644938618145,-0.00969265585826456,20000.0,-5000.0,76308.22598646554
2422.0,788.7897243974035,360.1514298176732,-0.6902360045209548,-0.3786892880821995,-2.6397961852790086,-0.0019066786879494123,0.006663331321602405,-0.009733037756353017,20000.0,-5000.0,76349.23645179275
2423.0,788.0977289870548,359.7761485405979,-0.6937506003034741,-0.3718641207284179,-2.64954605085997,-0.003963594873049005,0.007472451810291482,-0.009700927815991012,20000.0,-5000.0,76389.6486682022
2424.0,787.4022231967965,359.40770157621637,-0.6972567429538685,-0.36502082924209844,-2.6593144774172828,-0.003396905086862882,0.005462116750018232,-0.009788886452647154,20000.0,-5000.0,76429.46092328255
2425.0,786.703215501147,359.0461068821137,-0.7007543897508413,-0.3581597471554687,-2.669099799934777,-0.002314064033453745,0.007388467434937351,-0.0096775319543634,20000.0,-5000.0,76468.67152961288
2426.0,786.0007144172948,358.69138208190543,-0.7042434980766075,-0.3512812088679311,-2.6789003293955784,-0.0012933368167383627,0.006979685063807914,-0.010143351058390832,20000.0,-5000.0,76507.27882453124
2427.0,785.2947285049938,358.3435444643778,-0.7077240254176331,-0.3443855496299477,-2.6887143545051897,-0.004076225914412056,0.006234447783784067,-0.009796459283432406,20000.0,-5000.0,76545.28116990981
2428.0,784.5852663664596,358.00261098264554,-0.7111959293647487,-0.3374731055261577,-2.6985401434743004,-0.003485083855195666,0.007809658268293746,-0.00968239230532793,20000.0,-5000.0,76582.67695193707
2429.0,783.8723366462643,357.6685982533255,-0.7146591676139451,-0.33054421345926244,-2.708375945856018,-0.0015636693583969824,0.004646264736560247,-0.009609136406975041,20000.0,-5000.0,76619.464580907
2430.0,783.1559480312317,357.341522555727,-0.7181136979667713,-0.3235992111337396,-2.7182199944333476,-0.005033474446771817,0.00731348899073125,-0.00975694679986862,20000.0,-5000.0,76655.64249101595
2431.0,782.4361092503308,357.02139983105803,-0.7215594783307893,-0.316638437039245,-2.7280705071525166,-0.002372543555293295,0.00865294956610729,-0.009644910164100753,20000.0,-5000.0,76691.20914016732
2432.0,781.7128290745701,356.7082456816485,-0.7249964667204267,-0.3096622304340997,-2.7379256890967616,-0.004491774713584669,0.008481513033919915,-0.009835764703012942,20000.0,-5000.0,76726.16300978404
2433.0,780.9861163168899,356.40207537018983,-0.7284246212567496,-0.30267093132860623,-2.7477837344948313,-0.003317129855088468,0.007404133342417608,-0.009858216550994942,20000.0,-5000.0,76760.50260462987
2434.0,780.2559798320566,356.1029038189913,-0.7318439001687693,-0.2956648804688484,-2.757642828759293,-0.003667181030565132,0.006699462048921061,-0.00979337103459217,20000.0,-5000.0,76794.2264526388
2435.0,779.5224285165524,355.81074560925214,-0.7352542617939548,-0.28864441932000773,-2.7675011505489318,-0.0044023601815916585,0.006366163713494817,-0.00985741676238686,20000.0,-5000.0,76827.33310475381
2436.0,778.7854713084687,355.5256149803513,-0.7386556645780615,-0.28160989004942394,-2.777356873849347,-0.004419478379408657,0.006726302941459222,-0.009950063165288982,20000.0,-5000.0,76859.82113477428
2437.0,778.0451171873963,355.2475258291533,-0.7420480670759275,-0.2745616355101106,-2.787208170065832,-0.0031003686483382356,0.007620587776413168,-0.009911755694890143,20000.0,-5000.0,76891.68913921315
2438.0,777.3013751743168,354.97649170933107,-0.7454314279522691,-0.26749999922395773,-2.7970532101230323,-0.002343306923764374,0.0062284985655822024,-0.009978252837399197,20000.0,-5000.0,76922.9357371634
2439.0,776.5542543314917,354.7125258307054,-0.7488057059819653,-0.2604253253652473,-2.8068901665644623,-0.0035046614602727982,0.007868856372129484,-0.009766793940451202,20000.0,-5000.0,76953.55957017445
2440.0,775.8037637623529,354.4556410586006,-0.7521708600506258,-0.2533379587436855,-2.816717215647251,-0.0032876432224522327,0.009312352123730262,-0.009819780527964018,20000.0,-5000.0,76983.55930213876
2441.0,775.0499126113905,354.205849913218,-0.7555268491545348,-0.24623824478732104,-2.8265325394253566,-0.0027572781527384696,0.007041346618908222,-0.009853020223968709,20000.0,-5000.0,77012.93361918822
2442.0,774.2927100640438,353.96316456902593,-0.7588736324020147,-0.2391265295262599,-2.8363343278151327,-0.004352791438352085,0.005719167249232869,-0.009864056984162836,20000.0,-5000.0,77041.68122960143
2443.0,773.5321653465865,353.7275968541655,-0.7622111690139945,-0.2320031595755836,-2.8461207806384277,-0.0025635000912953955,0.0057302843533637016,-0.009715560182338117,20000.0,-5000.0,77069.80086372136
2444.0,772.7682877260158,353.49915824987477,-0.7655394183233284,-0.22486848211815413,-2.855890109636661,-0.0024713437682994267,0.00794790379412655,-0.00966356213094635,20000.0,-5000.0,77097.29127388392
2445.0,772.0010865099398,353.2778598899292,-0.7688583397764432,-0.21772284488818627,-2.8656405404506398,-0.0006060694029179042,0.007088797856206165,-0.009879623055269996,20000.0,-5000.0,77124.1512343573
2446.0,771.230571046463,353.0637125600984,-0.772167892933453,-0.2105665961539387,-2.8753703145612888,-0.003696054487532156,0.008073417773381603,-0.009877492929766208,20000.0,-5000.0,77150.37954129276
2447.0,770.4567507240729,352.8567266976213,-0.7754680374682721,-0.20340008470083148,-2.8850776911852236,-0.0037718949612273595,0.006616407274110483,-0.00957751794667406,20000.0,-5000.0,77175.97501268634
2448.0,769.6796349715264,352.65691239069673,-0.7787587331699797,-0.19622365981462053,-2.8947609491210886,-0.002486109611335421,0.00804518171793387,-0.009840058567209,20000.0,-5000.0,77200.93648835225
2449.0,768.8992332577329,352.46427937799206,-0.7820399399421376,-0.1890376712640034,-2.9044183885416985,-0.002424449225826565,0.007025940014839923,-0.009576124583367256,20000.0,-5000.0,77225.2628299077
2450.0,768.1155550916421,352.2788370481687,-0.7853116178041546,-0.18184246928390735,-2.9140483327274262,-0.003823465612251721,0.0064377175694746635,-0.009415822311822468,20000.0,-5000.0,77248.95292076931
2451.0,767.3286100221246,352.10059443942424,-0.7885737268921957,-0.1746384045584648,-2.9236491297371043,-0.003676655415651975,0.006791221047198976,-0.00938557534583073,20000.0,-5000.0,77272.00566616144
2452.0,766.5384076378577,351.9295602390518,-0.7918262274581593,-0.16742582820356233,-2.9332191540124692,-0.002684817999694764,0.005971537554397892,-0.00946277571161165,20000.0,-5000.0,77294.41999313627
2453.0,765.7449575672083,351.7657427830171,-0.7950690798714959,-0.16020509175001507,-2.9427568079127417,-0.004098822237944335,0.009293877473648085,-0.009433207978994393,20000.0,-5000.0,77316.1948506059
2454.0,764.9482694781148,351.60915005555177,-0.7983022446189807,-0.1529765471263147,-2.9522605231761263,-0.003655319091889789,0.00713202078848749,-0.009208061607853807,20000.0,-5000.0,77337.32920938646
2455.0,764.1483530779703,351.4597896887645,-0.8015256823055097,-0.14574054664151959,-2.9617287623056043,-0.0031253643942563657,0.00790994489558113,-0.009737844090798229,20000.0,-5000.0,77357.82206225417
2456.0,763.3452181135037,351.3176689622687,-0.8047393536548952,-0.13849744296808808,-2.971160019876524,-0.0021728406806612137,0.006688053091127221,-0.00946933598044614,20000.0,-5000.0,77377.67242401387
2457.0,762.5388743706606,351.1827948028283,-0.807943219508843,-0.13124758912465495,-2.9805528237635612,-0.003827818232923671,0.006158887103390621,-0.009268142928223632,20000.0,-5000.0,77396.8793315793
2458.0,761.729331674486,351.0551737840194,-0.8111372408294528,-0.1239913384588931,-2.9899057362862727,-0.005105440044353837,0.007016000894133436,-0.009373891495075105,20000.0,-5000.0,77415.441844066
2459.0,760.9165998890016,350.9348121259105,-0.8143213786991055,-0.11672904463023315,-2.9992173552708,-0.005172730023166417,0.008410546387595296,-0.009137284095535205,20000.0,-5000.0,77433.35904289622
2460.0,760.1006889170878,350.82171569475895,-0.8174955943195528,-0.10946106159258306,-3.0084863150270325,-0.004479216564794748,0.006729010152155399,-0.00925182280405855,20000.0,-5000.0,77450.63003191615
2461.0,759.2816087003625,350.71589000272536,-0.8206598490141914,-0.10218774357724669,-3.0177112872409673,-0.004525149386118952,0.006370322418477094,-0.009186074417539604,20000.0,-5000.0,77467.25393752528
2462.0,758.4593692190595,350.61734020760446,-0.823814104227722,-0.09490944507550125,-3.0268909817815173,-0.0033100549933566324,0.007442317870499811,-0.0091903286287686,20000.0,-5000.0,77483.2299088183
2463.0,757.6339804919071,350.52607111257436,-0.8269583215262628,-0.08762652082123168,-3.0360241474218754,-0.004375795620489848,0.007804119160301357,-0.009173780208679663,20000.0,-5000.0,77498.55711773873
2464.0,756.8054525760069,350.442087165962,-0.8300924625988273,-0.0803393257740197,-3.045109572475327,-0.0038600560580986237,0.008997965173397965,-0.009128489671569871,20000.0,-5000.0,77513.23475924511
2465.0,755.9737955667094,350.3653924610263,-0.8332164892565288,-0.07304821510138026,-3.054146085347206,-0.003924117636944723,0.0076608451824496816,-0.008978025704914001,20000.0,-5000.0,77527.26205148922
2466.0,755.1390195974939,350.29599073575923,-0.8363303634340014,-0.06575354416173695,-3.0631325550025785,-0.0035669742346755274,0.007966123777601357,-0.009056494709724146,20000.0,-5000.0,77540.6382360062
2467.0,754.3011348398414,350.23388537270284,-0.8394340471901387,-0.05845566848716999,-3.0720678913515904,-0.001722963704751653,0.008047455995279567,-0.008791607005927085,20000.0,-5000.0,77553.36257791682
2468.0,753.4601515031136,350.1790793987849,-0.8425275027073553,-0.05115494376579477,-3.080951045554068,-0.002399796238852644,0.006102659721336174,-0.008775942604301727,20000.0,-5000.0,77565.43436614171
2469.0,752.6160798344267,350.13157548517125,-0.845610692292837,-0.0438517258246236,-3.0897810102443706,-0.0030612607872192252,0.006302274500946083,-0.008667204325006046,20000.0,-5000.0,77576.85291362712
2470.0,751.7689301185279,350.09137594713565,-0.8486835783788251,-0.03654637061220001,-3.098556819678942,-0.0035472531647298285,0.006178828595124667,-0.008887594192075781,20000.0,-5000.0,77587.61755758265
2471.0,750.9187126776691,350.05848274394685,-0.8517461235232986,-0.029239234181233087,-3.107277549808538,-0.0035079839630407553,0.005922214488963645,-0.00890248750347676,20000.0,-5000.0,77597.72765973055
2472.0,750.0654378714813,350.0328974787732,-0.8547982904100877,-0.021930672671231832,-3.1159423182773667,-0.002706052916208116,0.008136495369275906,-0.008636883849934817,20000.0,-5000.0,77607.18260656628
2473.0,749.2091160968489,350.0146213986044,-0.857840041849613,-0.014621042291196318,-3.1245502843516144,-0.0024289003747787947,0.007611682956611909,-0.008221414368400404,20000.0,-5000.0,77615.98180963058
2474.0,748.3497577877821,350.0036553941908,-0.860871340778715,-0.007310699302195189,-3.133100648780118,-0.003970114649371858,0.007393209159048644,-0.00836491746974694,20000.0,-5000.0,77624.12470579272
2475.0,747.4873734152915,350.0,-0.8638921502620178,0.0,-3.141592653589794,-0.0029776008146801306,0.004613879236373138,-0.008530892631572029,20000.0,-5000.0,77631.6107575446
2476.0,746.6219734872581,350.0036553941908,-0.8669024334923279,0.007310699302195189,-3.1500255818185847,-0.005118195546042962,0.009448530142812231,-0.008350661307502184,20000.0,-5000.0,77638.4394533057
2477.0,745.7535685483068,350.0146213986044,-0.8699021537900649,0.014621042291196318,-3.158398757189193,-0.002774205975016121,0.006379807595991927,-0.00825318696902312,20000.0,-5000.0,77644.61030773891
2478.0,744.8821691796779,350.0328974787732,-0.8728912746045694,0.021930672671231832,-3.1667115437264703,-0.002191051569586328,0.00944329371737581,-0.008451171531847624,20000.0,-5000.0,77650.12286207658
2479.0,744.0077859990977,350.05848274394685,-0.8758697595143872,0.029239234181233087,-3.174963345321359,-0.003264462839960768,0.0058004171004650325,-0.008052000553468741,20000.0,-5000.0,77654.97668445673
2480.0,743.1304296606492,350.09137594713565,-0.8788375722275532,0.03654637061220001,-3.1831536052448075,-0.0010729937876145957,0.00646122488212199,-0.008179892529929974,20000.0,-5000.0,77659.1713702697
2481.0,742.2501108546426,350.13157548517125,-0.8817946765824445,0.0438517258246236,-3.1912818056147474,-0.0038683543643195715,0.005012987708816833,-0.00810812201989315,20000.0,-5000.0,77662.70654251409
2482.0,741.3668403074843,350.1790793987849,-0.8847410365473252,0.05115494376579477,-3.199347466819187,-0.00271479866991412,0.007678636460552116,-0.008031235295898989,20000.0,-5000.0,77665.58185216256
2483.0,740.4806287815479,350.23388537270284,-0.8876766162216541,0.05845566848716999,-3.2073501468986336,-0.002967434837625884,0.00615382537482426,-0.007829735428790344,20000.0,-5000.0,77667.79697853702
2484.0,739.591487075041,350.29599073575923,-0.8906013798367667,0.06575354416176538,-3.2152894408910435,-0.0030236626169266477,0.006180189721023754,-0.008000616230884992,20000.0,-5000.0,77669.35162969248
2485.0,738.6994260218744,350.3653924610264,-0.8935152917550795,0.07304821510138026,-3.2231649801422995,-0.0030273807842044857,0.005865266976236712,-0.008054158344681237,20000.0,-5000.0,77670.24554281012
2486.0,737.8044564915308,350.442087165962,-0.8964183164715109,0.08033932577399128,-3.2309764315853946,-0.0027861578852490594,0.008097720522069274,-0.007739401409007117,20000.0,-5000.0,77670.47848459848
2487.0,736.9065893889314,350.52607111257436,-0.8993104186137657,0.08762652082123168,-3.238723496991459,-0.002004616991824921,0.008025090209520436,-0.007966955128222333,20000.0,-5000.0,77670.05025170327
2488.0,736.0058356543033,350.61734020760446,-0.9021915629422779,0.09490944507547283,-3.2464059121950344,-0.0014425923438121735,0.009165402610853253,-0.007687134875773278,20000.0,-5000.0,77668.96067112462
2489.0,735.1022062630468,350.7158900027253,-0.9050617143515751,0.10218774357730354,-3.2540234462971473,-0.0028669780605304032,0.006562568934489302,-0.007438518117519848,20000.0,-5000.0,77667.20960064219
2490.0,734.1957122256001,350.82171569475906,-0.9079208378693124,0.10946106159261149,-3.261575900848527,-0.0020055392594201093,0.007498256000139651,-0.007448363403296555,20000.0,-5000.0,77664.79692924772
2491.0,733.2863645873082,350.9348121259105,-0.9107688986578069,0.11672904463020473,-3.2690631090161566,-0.003572456581261408,0.005924033452604692,-0.007325876221528305,20000.0,-5000.0,77661.72257758415
2492.0,732.3741744282845,351.0551737840195,-0.9136058620150607,0.1239913384588931,-3.276484934734911,-0.002034687026194469,0.006910780634657637,-0.007312521735379645,20000.0,-5000.0,77657.9864983915
2493.0,731.4591528632781,351.1827948028283,-0.9164316933731698,0.13124758912462653,-3.2838412718478116,-0.0036128353842656575,0.006713374104811742,-0.007026086640546681,20000.0,-5000.0,77653.58867695938
2494.0,730.5413110415382,351.3176689622687,-0.9192463583001995,0.13849744296805966,-3.291132043236864,-0.001674612114640943,0.0077295774533737175,-0.007330560710515633,20000.0,-5000.0,77648.52913158461
2495.0,729.6206601466777,351.45978968876443,-0.9220498225005826,0.14574054664149116,-3.298357199946328,-0.0004984435479562514,0.00829740965770727,-0.007143203742595916,20000.0,-5000.0,77642.80791403534
2496.0,728.697211396537,351.6091500555517,-0.924842051814835,0.1529765471263147,-3.3055167203017737,-0.002913580697819682,0.008263132859504873,-0.007180774483203679,20000.0,-5000.0,77636.42511001966
2497.0,727.770976043048,351.76574278301706,-0.9276230122206925,0.16020509175007192,-3.312610609025713,-0.00505588817988617,0.006347987409035066,-0.006943005913376825,20000.0,-5000.0,77629.38083965919
2498.0,726.8419653720956,351.92956023905185,-0.9303926698327132,0.16742582820361918,-3.3196388963528225,-0.0033340686675044267,0.008255215099027631,-0.007003113225967571,20000.0,-5000.0,77621.67525796733
2499.0,725.9101907033826,352.1005944394243,-0.9331509909034708,0.17463840455849322,-3.326601637146191,-0.0014712982323965475,0.007162465283075408,-0.006717878315328478,20000.0,-5000.0,77613.30855533126
2500.0,724.9756633902887,352.27883704816884,-0.9358979418241233,0.18184246928393577,-3.3334989100161585,-0.002165965013902629,0.00686200314248378,-0.006930099458644307,20000.0,-5000.0,77604.28095799759
2501.0,724.0383948197343,352.46427937799217,-0.9386334891236174,0.18903767126391813,-3.3403308164439487,-0.0024709207690834217,0.006453635407495079,-0.006625626657757711,20000.0,-5000.0,77594.59272856146
2502.0,723.0983964120414,352.6569123906967,-0.9413575994702796,0.19622365981453527,-3.3470974799112816,-0.001669206556265261,0.006598788209978919,-0.006660912921626592,20000.0,-5000.0,77584.2441664581
2503.0,722.1556796207938,352.85672669762124,-0.9440702396717597,0.20340008470083148,-3.353799045037213,-0.0022029832398472566,0.008983739936965314,-0.0066731045377902,20000.0,-5000.0,77573.23560845711
2504.0,721.2102559326979,353.06371256009834,-0.9467713766752581,0.2105665961539387,-3.360435676724084,-0.001428749284910384,0.007481134111795617,-0.006537312476775625,20000.0,-5000.0,77561.56742915853
2505.0,720.2621368674432,353.2778598899291,-0.9494609775684921,0.21772284488827154,-3.3670075593134206,-0.0017274757932303582,0.0073325658982066454,-0.0065073659841111,20000.0,-5000.0,77549.2400414904
2506.0,719.3113339775609,353.4991582498749,-0.9521390095791276,0.22486848211821098,-3.3735148957528454,-0.0010894310168595147,0.006867380668637105,-0.006431244148391768,20000.0,-5000.0,77536.2538972076
2507.0,718.357858848285,353.72759685416554,-0.9548054400762567,0.23200315957555517,-3.379957906775518,-0.0022874109211742846,0.009673214000475376,-0.006436497835323923,20000.0,-5000.0,77522.60948739124
2508.0,717.4017230974084,353.963164569026,-0.9574602365705687,0.23912652952628832,-3.386336830092324,-0.0017073556636541113,0.008474952276955109,-0.006433591844904708,20000.0,-5000.0,77508.30734294816
2509.0,716.4429383751439,354.2058499132181,-0.9601033667140086,0.2462382447872642,-3.392651919598115,-0.0029567397989521704,0.00635570018619921,-0.0063246595215067395,20000.0,-5000.0,77493.3480351105
2510.0,715.4815163639804,354.4556410586005,-0.9627347983010281,0.2533379587436002,-3.3989034445930066,-0.003251177128074954,0.006808938958526747,-0.006427607379865594,20000.0,-5000.0,77477.7321759342
2511.0,714.5174687785418,354.7125258307053,-0.965354499268301,0.26042532536527574,-3.405091689018681,-0.0008385213979956864,0.0068581732840525475,-0.006052845339876585,20000.0,-5000.0,77461.46041879676
2512.0,713.5508073654438,354.97649170933107,-0.9679624376956326,0.26749999922395773,-3.4112169507106165,-0.0023771554760046343,0.007219884147178593,-0.006246361628096663,20000.0,-5000.0,77444.53345889311
2513.0,712.5815439031505,355.24752582915323,-0.9705585818061877,0.27456163551005375,-3.4172795406672183,-0.0017530327578978834,0.006325563578546214,-0.006058276378817434,20000.0,-5000.0,77426.95203372948
2514.0,711.6096902018314,355.5256149803512,-0.9731428999668879,0.2816098900494808,-3.423279782335571,-0.002449680979524153,0.007497827924315519,-0.005889257671965106,20000.0,-5000.0,77408.71692361493
2515.0,710.6352581032168,355.8107456092522,-0.9757153606882412,0.2886444193201214,-3.429218010914368,-0.0031765819369871237,0.008537888030712348,-0.00580380235415574,20000.0,-5000.0,77389.82895214966
2516.0,709.658259480455,356.1029038189914,-0.9782759326256496,0.2956648804688484,-3.4350945726745907,-0.0025431880646934043,0.0056468826956081655,-0.006064922547812734,20000.0,-5000.0,77370.28898671003
2517.0,708.6787062379655,356.4020753701899,-0.9808245845797501,0.30267093132852096,-3.4409098242982523,-0.0010490239441073267,0.005825230550957768,-0.005796115064605488,20000.0,-5000.0,77350.09793892952
2518.0,707.6966103112954,356.70824568164846,-0.9833612854957323,0.3096622304340144,-3.4466641322345617,-0.001953175698162146,0.006481194369235329,-0.005667285224770591,20000.0,-5000.0,77329.25676517564
2519.0,706.711983666974,357.0213998310579,-0.9858860044648736,0.31663843703921657,-3.4523578720745207,-0.004298905370336885,0.00651415644020091,-0.005657228369062524,20000.0,-5000.0,77307.76646702137
2520.0,705.7248383023657,357.3415225557269,-0.9883987107242547,0.3235992111337964,-3.4579914279440396,-0.002730571614267278,0.009031597100831264,-0.005437783039513411,20000.0,-5000.0,77285.62809171199
2521.0,704.7351862455255,357.6685982533255,-0.9908993736571006,0.33054421345929086,-3.463565191914495,-0.0006407690340159056,0.007978877352709753,-0.005645489740017997,20000.0,-5000.0,77262.84273262558
2522.0,703.7430395550515,358.0026109826455,-0.9933879627940314,0.33747310552621457,-3.4690795634321816,-0.0027049183766000677,0.007902907158817042,-0.005737757588793978,20000.0,-5000.0,77239.41152972764
2523.0,702.7484103199374,358.34354446437794,-0.9958644478119822,0.344385549630033,-3.474534948765588,-0.0043431899363818504,0.0066290710847638976,-0.005326093418304498,20000.0,-5000.0,77215.33567001863
2524.0,701.7513106594275,358.69138208190554,-0.998328798535681,0.3512812088679311,-3.479931760470693,-0.0004892093970027549,0.00658928921196406,-0.0054340176864747375,20000.0,-5000.0,77190.61638797476
2525.0,700.7517527228661,359.0461068821138,-1.000780984938217,0.35815974715535503,-3.48527041687425,-0.0017362971587044779,0.0053598154513081805,-0.00552681805251122,20000.0,-5000.0,77165.25496598076
2526.0,699.7497486895511,359.40770157621625,-1.0032209771403018,0.3650208292420132,-3.490551341574767,-0.0025067042732051068,0.007665315688504509,-0.005271835598807457,20000.0,-5000.0,77139.25273475467
2527.0,698.7453107685855,359.77614854059783,-1.0056487454113494,0.3718641207284463,-3.495774962961002,-0.002807972529937385,0.007345001000324006,-0.0050433187243535925,20000.0,-5000.0,77112.61107376424
2528.0,697.7384511987284,360.15142981767315,-1.0080642601698173,0.3786892880821995,-3.500941713747679,-0.0012835624288670068,0.008153572089071314,-0.0052944361033394425,20000.0,-5000.0,77085.33141163412
2529.0,696.7291822482458,360.53352711676223,-1.010467491983377,0.3854959986543349,-3.506052030528666,-0.002960820984212907,0.006578021293809923,-0.004794026561353285,20000.0,-5000.0,77057.41522654361
2530.0,695.7175162147616,360.9224218149818,-1.0128584115696526,0.3922839206954336,-3.511106353346352,-0.0011903873367670994,0.006630890452575175,-0.0051299532035707866,20000.0,-5000.0,77028.86404661475
2531.0,694.7034654251065,361.3180949581531,-1.01523698979571,0.3990527233715966,-3.5161051252779987,-0.0018084273772285206,0.006935951291622124,-0.004960481039293085,20000.0,-5000.0,76999.67945028964
2532.0,693.6870422351702,361.720527261725,-1.0176031976790796,0.4058020767809012,-3.5210487920382287,-0.0021055018271983325,0.007667173620065105,-0.005066795454532568,20000.0,-5000.0,76969.86306669754
2533.0,692.6682590297484,362.1296991117149,-1.019957006388836,0.41253165196954455,-3.525937801597141,-0.0021962372221663393,0.005190273911648044,-0.004856770612831226,20000.0,-5000.0,76939.4165760103
2534.0,691.6471282223926,362.5455905656641,-1.0222983872444615,0.41924112094747557,-3.5307726038143508,-0.002517146071062348,0.007464862853407071,-0.004824430520927567,20000.0,-5000.0,76908.34170978646
2535.0,690.6236622552594,362.96818135360985,-1.0246273117167561,0.42593015670465206,-3.5355536500881457,-0.0012350571083547498,0.006657337633427624,-0.00493821813148946,20000.0,-5000.0,76876.64025130312
2536.0,689.597873598959,363.3974508790734,-1.0269437514285755,0.43259843322690017,-3.5402813930192654,-0.0032102715625898447,0.005556590406643074,-0.004352573044355775,20000.0,-5000.0,76844.31403587562
2537.0,688.5697747524023,363.83337822006365,-1.0292476781550022,0.4392456255117736,-3.544956286089443,-0.003984705360505235,0.00446818069534266,-0.0047098264191338625,20000.0,-5000.0,76811.36495116417
2538.0,687.539378242649,364.27594213009695,-1.0315390638235158,0.4458714095846972,-3.5495787833543737,-0.001645989867821632,0.006472965054824344,-0.004657549842930762,20000.0,-5000.0,76777.79493746738
2539.0,686.5066966247553,364.72512103923304,-1.0338178805137659,0.45247546251403037,-3.5541493391497814,-0.001615934314363263,0.008098868421372661,-0.004425220201475306,20000.0,-5000.0,76743.60598800193
2540.0,685.4717424816215,365.180893055125,-1.0360841004591066,0.45905746242755185,-3.5586684078114823,-0.0017603838237123118,0.008312740127253655,-0.004269648738505197,20000.0,-5000.0,76708.8001491688
2541.0,684.434528423837,365.64323596408815,-1.0383376960469377,0.4656170885281199,-3.563136443408275,-0.0018231700748537502,0.006917924726043952,-0.004303728417392951,20000.0,-5000.0,76673.37952080443
2542.0,683.3950670895276,366.11212723218125,-1.0405786398176815,0.47215402110862215,-3.5675538994874776,-0.0025680150236487287,0.008566211238352377,-0.004540634453348825,20000.0,-5000.0,76637.3462564177
2543.0,682.3533711442017,366.5875440063054,-1.0428069044659765,0.4786679415682329,-3.57192122883307,-0.0014028095598390207,0.006457590393051371,-0.004316092632549173,20000.0,-5000.0,76600.7025634116
2544.0,681.3094532805957,367.0694631153177,-1.0450224628413025,0.48515853242776075,-3.576238883235276,-0.0022565791315228706,0.007470348777164951,-0.004525228822294174,20000.0,-5000.0,76563.45070328964
2545.0,680.2633262185191,367.5578610711609,-1.0472252879476969,0.4916254773448543,-3.5805073132719745,-0.0027031173459364085,0.005985615500788668,-0.004132759929690713,20000.0,-5000.0,76525.59299184626
2546.0,679.2150027047003,368.0527140700074,-1.0494153529447203,0.49806846112983294,-3.584726968101383,-0.0025080860675413853,0.005895585037831648,-0.004397295149059276,20000.0,-5000.0,76487.13179934172
2547.0,678.1644955126296,368.5539979934206,-1.0515926311466046,0.5044871697606084,-3.5888982952655732,-6.909849451165436e-05,0.0057017019630619566,-0.004246512019637253,20000.0,-5000.0,76448.06955065993
2548.0,677.1118174424071,369.06168840952864,-1.0537570960237872,0.5108812903983164,-3.5930217405041813,-0.003962684403445666,0.004238406882369056,-0.004100121264990748,20000.0,-5000.0,76408.40872545035
2549.0,676.056981320582,369.5757605742172,-1.0559087212035934,0.517250511402807,-3.597097747578464,-0.0016253364726688062,0.007695387958349855,-0.00399758902109042,20000.0,-5000.0,76368.1518582523
2550.0,674.9999999999999,370.09618943233426,-1.058047480468872,0.5235945223470821,-3.6011267581051323,-0.003878843863570936,0.005663855853072027,-0.004037934743508027,20000.0,-5000.0,76327.30153860264
2551.0,673.9408863596443,370.6229496189114,-1.0601733477595303,0.5299130140330419,-3.6051092113995766,-0.0022319875083923256,0.005471959683621731,-0.0037719178073312167,20000.0,-5000.0,76285.86041112569
2552.0,672.8796533044808,371.15601546040034,-1.0622862971724771,0.5362056785062634,-3.609045544328072,-0.0025575162305191777,0.005052247251835293,-0.003824232417994148,20000.0,-5000.0,76243.8311756053
2553.0,671.8163137652994,371.6953609759239,-1.0643863029621343,0.5424722090712066,-3.612936191168894,-0.004262268177878077,0.006040745960520814,-0.0037884518932498946,20000.0,-5000.0,76201.21658703958
2554.0,670.7508806985566,372.24095987854275,-1.0664733395408348,0.5487123003061924,-3.616781583481774,-0.0016758809106925685,0.00806102009901272,-0.003974703971852984,20000.0,-5000.0,76158.01945567671
2555.0,669.6833670862177,372.7927855765363,-1.0685473814781972,0.5549256480775568,-3.6205821499852897,-0.0024628294482145893,0.00837767352748307,-0.0035686416849162327,20000.0,-5000.0,76114.24264703297
2556.0,668.6137859356002,373.35081117469787,-1.0706084035027175,0.5611119495555954,-3.6243383164425875,-0.004237993832707788,0.0044450730626131515,-0.0038332867962413792,20000.0,-5000.0,76069.88908189206
2557.0,667.5421502792123,373.9150094756475,-1.0726563805019396,0.5672709032289447,-3.628050505554009,-0.0011681633226960316,0.005776449780745548,-0.0034759741620337447,20000.0,-5000.0,76024.96173628545
2558.0,666.4684731745963,374.48535298115576,-1.0746912875217163,0.5734022089187931,-3.631719136857202,-0.000535734645537637,0.005041442661316988,-0.0033974945424037227,20000.0,-5000.0,75979.46364145423
2559.0,665.3927677041688,375.06181389348507,-1.0767130997672325,0.5795055677939729,-3.635344626634152,-0.00046529626795266377,0.0071172585152305045,-0.0035408567903352003,20000.0,-5000.0,75933.39788379167
2560.0,664.3150469750618,375.6443641167437,-1.0787217926034032,0.5855806823853129,-3.638927387824582,-0.001628751523920805,0.006358945342657612,-0.003434237395300651,20000.0,-5000.0,75886.76760476665
2561.0,663.235324118962,376.2329752582557,-1.0807173415550437,0.5916272566003045,-3.6424678299460664,-0.001941057372591455,0.005370027621388631,-0.0038999592537383976,20000.0,-5000.0,75839.57600082782
2562.0,662.1536122919517,376.8276186299443,-1.0826997223068133,0.5976449957374257,-3.6459663590201146,-0.0005942994009810602,0.006078662007494448,-0.003501839692914739,20000.0,-5000.0,75791.82632328852
2563.0,661.0699246743484,377.42826524973054,-1.0846689107045222,0.6036336065008356,-3.649423377503858,-0.00021264505523829725,0.005477312557506062,-0.0033004405782344854,20000.0,-5000.0,75743.52187819181
2564.0,659.9842744705427,378.034885842946,-1.086624882753597,0.6095927970137041,-3.652839284227507,-0.0007702678563999994,0.007623396966027521,-0.0032814514472979815,20000.0,-5000.0,75694.66602615631
2565.0,658.8966749088412,378.64745084375795,-1.088567614621013,0.6155222768334738,-3.65621447433719,-0.0029154424505858064,0.006483401177731058,-0.003505557730019704,20000.0,-5000.0,75645.26218220245
2566.0,657.8071392413007,379.26593039661293,-1.0904970826359204,0.621421756966015,-3.659549339242651,-0.001713395019844529,0.0065810548994582555,-0.003351145356436029,20000.0,-5000.0,75595.31381555865
2567.0,656.7156807435694,379.89029435769,-1.0924132632879946,0.6272909498788124,-3.66284426657009,-0.0014523615650334355,0.0030799059065260985,-0.0035881719669407655,20000.0,-5000.0,75544.82444944822
2568.0,655.6223127147247,380.52051229637055,-1.0943161332291993,0.6331295695156882,-3.666099640119422,-0.0037784802585215777,0.005753720317469362,-0.003184817771212388,20000.0,-5000.0,75493.79766085646
2569.0,654.527048477111,381.15655349672136,-1.0962056692737292,0.6389373313105295,-3.6693158398260253,-0.001394651011346014,0.007959048028571534,-0.003429228793205511,20000.0,-5000.0,75442.23708027798
2570.0,653.4299013761772,381.7983869589916,-1.098081848398067,0.6447139522012719,-3.672493241726902,0.0004947684583459875,0.007140285878645158,-0.0030186729211152366,20000.0,-5000.0,75390.14639144433
2571.0,652.3308847803148,382.4459814011239,-1.099944647741836,0.6504591506437123,-3.6756322179304606,-0.0011904670250203887,0.003808092716991161,-0.0029739833177444496,20000.0,-5000.0,75337.52933103214
2572.0,651.2300120806935,383.09930526027904,-1.1017940446069474,0.6561726466246398,-3.678733136590403,-0.00031011034226744805,0.005371494913257733,-0.003140615204916059,20000.0,-5000.0,75284.38968835156
2573.0,650.1272966911009,383.7583266943732,-1.1036300164590784,0.6618541616763309,-3.681796361883284,-0.0016389889819680697,0.004415622887907703,-0.0029802262567683105,20000.0,-5000.0,75230.73130501526
2574.0,649.0227520477754,384.4230135836317,-1.10545254092807,0.6675034188900781,-3.6848222539893554,-0.0018919478824316086,0.007412796862417852,-0.003034196491700875,20000.0,-5000.0,75176.55807458783
2575.0,647.9163916092448,385.09333353215334,-1.1072615958066763,0.6731201429288944,-3.687811169076851,-0.0014057287459206568,0.005854407194698841,-0.0029407479088020714,20000.0,-5000.0,75121.87394221597
2576.0,646.808228856162,385.7692538694895,-1.1090571590521563,0.6787040600415821,-3.6907634592892267,-0.002637390460047525,0.004768753250464556,-0.003075739032563129,20000.0,-5000.0,75066.68290423961
2577.0,645.6982772911405,386.4507416522365,-1.1108392087861603,0.684254898075892,-3.693679472735468,-0.002777755106148581,0.005569692688881496,-0.002821223156572765,20000.0,-5000.0,75010.98900778347
2578.0,644.5865504385897,387.1377636656413,-1.1126077232949,0.689772386491768,-3.696559553483201,-0.00044458651493420776,0.002788621878304325,-0.003064828683309483,20000.0,-5000.0,74954.79635033022
2579.0,643.4730618445507,387.83028642522004,-1.1143626810299452,0.6952562563748756,-3.699404041554436,-0.0003207236017028301,0.004338401975314488,-0.003052697650720375,20000.0,-5000.0,74898.10907927435
2580.0,642.3578250765298,388.528276178391,-1.1161040606071424,0.700706240448767,-3.70221327292374,-0.0027654814102122706,0.005470815382472502,-0.002806816572136078,20000.0,-5000.0,74840.93139145794
2581.0,641.2408537233364,389.2316989061176,-1.1178318408083783,0.7061220730888067,-3.7049875795188303,-0.0007141037971697584,0.006278256129069619,-0.00278307840448065,20000.0,-5000.0,74783.26753268752
2582.0,640.1221613949131,389.94052032456864,-1.1195460005816358,0.7115034903353603,-3.7077272892236577,-0.0017977907351277393,0.003344816046558368,-0.002688967495705303,20000.0,-5000.0,74725.12179723293
2583.0,639.0017617221731,390.6547058867883,-1.1212465190400849,0.7168502299056172,-3.7104327258831686,-0.0013402347681743332,0.004932810863054159,-0.002768617980649996,20000.0,-5000.0,74666.49852730829
2584.0,637.8796683568329,391.3742207843799,-1.1229333754636173,0.7221620312070058,-3.713104209310148,-0.001201317649427216,0.006344429672696767,-0.0024219450575302557,20000.0,-5000.0,74607.40211253481
2585.0,636.7558949712459,392.0990299492023,-1.1246065492983348,0.7274386353497562,-3.7157420552942595,-0.000632046413036297,0.0037491444519717892,-0.0026013623410221466,20000.0,-5000.0,74547.83698938672
2586.0,635.6304552582362,392.8290980550794,-1.1262660201571748,0.7326797851596893,-3.7183465756125864,-0.001566569732429577,0.00546167997493391,-0.002559270638232557,20000.0,-5000.0,74487.80764061924
2587.0,634.5033629309315,393.5643895195217,-1.127911767820251,0.7378852251908086,-3.7209180780418567,-0.0001720927853074998,0.005256081820192802,-0.0025308040733746017,20000.0,-5000.0,74427.31859468002
2588.0,633.3746317225957,394.304868505461,-1.1295437722341148,0.7430547017368099,-3.7234568663720444,-0.0013032863673451919,0.0069345854728810555,-0.002398808658192145,20000.0,-5000.0,74366.37442510368
2589.0,632.2442753864633,395.0504989229953,-1.1311620135133467,0.748187962844753,-3.7259632404218666,-0.0009621031420230217,0.004875651602893541,-0.0024192265654442236,20000.0,-5000.0,74304.97974989019
2590.0,631.112307695569,395.8012444311505,-1.132766471940613,0.7532847583271405,-3.728437496055316,-0.002464277233484825,0.004899947705823413,-0.0024037914502470456,20000.0,-5000.0,74243.13923086676
2591.0,629.9787424425821,396.5570684396496,-1.1343571279658704,0.7583448397730876,-3.7308799251993037,0.0006615890173115027,0.005930889477109216,-0.0023358295920783293,20000.0,-5000.0,74180.85757303433
2592.0,628.8435934396373,397.3179341106967,-1.1359339622075595,0.7633679605614532,-3.7332908158629317,-0.0010812242653557025,0.0036249134221978574,-0.0026204454024076696,20000.0,-5000.0,74118.13952389857
2593.0,627.706874518167,398.0838043607725,-1.1374969554524341,0.76835387587235,-3.7356704521574717,-0.0008144373070297997,0.004737438891992001,-0.0025846701979086134,20000.0,-5000.0,74054.98987278562
2594.0,626.5685995287324,398.8546418624414,-1.1390460886558458,0.7733023426993384,-3.7380191143176447,-0.003214951927160154,0.004455598572916958,-0.002342699952532472,20000.0,-5000.0,73991.41345014342
2595.0,625.4287823408553,399.63040904617117,-1.1405813429423688,0.7782131198612774,-3.740337078723548,-0.0023840408821251603,0.004747323214559509,-0.0023271474119249485,20000.0,-5000.0,73927.41512682837
2596.0,624.2874368428477,400.41106810216394,-1.1421026996049477,0.7830859680134665,-3.7426246179236786,-0.00022681100771628697,0.0057362368249176,-0.0022009046547243087,20000.0,-5000.0,73862.99981337834
2597.0,623.1445769416454,401.1965809821981,-1.1436101401062615,0.7879206496601796,-3.7448820006587464,-0.0012020627784626284,0.005391892923711915,-0.0022399666269152735,20000.0,-5000.0,73798.17245927197
2598.0,622.0002165626352,401.9869094014843,-1.1451036460791784,0.7927169291661755,-3.7471094918860195,-0.0034771520166084,0.003998217922922283,-0.002140866134328653,20000.0,-5000.0,73732.93805217474
2599.0,620.854369649487,402.78201484053045,-1.146583199325562,0.7974745727674133,-3.7493073528046037,-0.00039258820380383484,0.004880397700175845,-0.002336897663428902,20000.0,-5000.0,73667.30161717228
2600.0,619.707050163984,403.5818585470191,-1.1480487818174652,0.8021933485830175,-3.751475840881156,-0.0020242051245186413,0.006249513213478188,-0.002155254559939272,20000.0,-5000.0,73601.2682159917
2601.0,618.5582720858521,404.3864015376965,-1.1495003756973006,0.8068730266265902,-3.7536152098762297,2.339388908619098e-05,0.003795268167205234,-0.002290438886609418,20000.0,-5000.0,73534.8429462105
2602.0,617.4080494125894,405.1956046002723,-1.1509379632778405,0.8115133788171534,-3.7557257098710317,-0.001521938156510441,0.0047715717436305595,-0.0020484452505012463,20000.0,-5000.0,73468.0309404543
2603.0,616.2563961592964,406.0094282953308,-1.1523615270427854,0.8161141789906878,-3.757807587294794,-0.0012036170522394325,0.004379995522768987,-0.0022994931120042658,20000.0,-5000.0,73400.83736558356
2604.0,615.1033263585039,406.8278329582537,-1.1537710496459113,0.8206752029103086,-3.7598610849523895,-0.00017620110971657975,0.00447548983113074,-0.001996441240065275,20000.0,-5000.0,73333.2674218695
2605.0,613.9488540600046,407.6507787011514,-1.1551665139126044,0.8251962282781449,-3.7618864420523686,-0.0023219559815611844,0.002804783629664165,-0.0021926988716114647,20000.0,-5000.0,73265.32634216026
2606.0,612.7929933306787,408.47822541480997,-1.1565479028400887,0.8296770347462257,-3.763883894235304,-0.002407054739921031,0.0059279960620191845,-0.0020309482496275147,20000.0,-5000.0,73197.01939103688
2607.0,611.6357582543244,409.31013277064386,-1.1579151995964025,0.8341174039260864,-3.765853673602245,-0.0015646306260644785,0.003614598410695876,-0.001845611171703383,20000.0,-5000.0,73128.35186396063
2608.0,610.4771629314859,410.14646022266214,-1.1592683875214789,0.8385171194004499,-3.7677960087437787,-0.0004857395692326646,0.0054465525309288785,-0.001900663842458268,20000.0,-5000.0,73059.32908641119
2609.0,609.3172214792814,410.98716700944476,-1.1606074501270882,0.842875966733402,-3.7697111247689294,-0.0027163068329388706,0.0036919807276009154,-0.002104713843313911,20000.0,-5000.0,72989.95641301684
2610.0,608.1559480312317,411.83221215612895,-1.161932371097123,0.8471937334808501,-3.771599243334296,-0.003052852118253567,0.0036465011268290892,-0.001957711372747263,20000.0,-5000.0,72920.2392266767
2611.0,606.9933567370872,412.68155447640646,-1.1632431342879386,0.8514702092009259,-3.7734605826732954,-0.0004468810928447588,0.005517558939907291,-0.0020333473966426536,20000.0,-5000.0,72850.18293767575
2612.0,605.8294617626558,413.5351525745308,-1.1645397237285806,0.855705185464501,-3.7752953576256614,-0.0019166839490437617,0.005247914695248186,-0.002030754430679881,20000.0,-5000.0,72779.79298279322
2613.0,604.66427728963,414.39296484733546,-1.1658221236198187,0.859898455864311,-3.7771037796667555,-0.0016832720961227747,0.004389359597171423,-0.0017808284412844364,20000.0,-5000.0,72709.07482440416
2614.0,603.4978175154162,415.2549494862594,-1.167090318336136,0.864049816026295,-3.778886056936991,-0.0031924500267752334,0.0049220163782161515,-0.0017001589703403539,20000.0,-5000.0,72638.03394957593
2615.0,602.3300966529578,416.12106447938805,-1.1683442924255587,0.8681590636194869,-3.780642394271374,-0.001953098036634811,0.0037879523290301038,-0.0016890914645976548,20000.0,-5000.0,72566.67586915848
2616.0,601.161128930565,416.9912676134984,-1.169584030608462,0.872225998364712,-3.782372993228831,-0.001240483817824572,0.004036975605614641,-0.0016434566919122711,20000.0,-5000.0,72495.00611687054
2617.0,599.9909285917408,417.8655164761175,-1.1708095177791051,0.876250422045274,-3.7840780521215267,-0.0002506195230642252,0.0033148799374418743,-0.0016938563665099408,20000.0,-5000.0,72423.03024838096
2618.0,598.8195098950068,418.74376845758894,-1.1720207390052337,0.8802321385164475,-3.785757766044285,-0.0020062777115710277,0.004900631077907747,-0.0017008774115990241,20000.0,-5000.0,72350.75384038646
2619.0,597.6468871137304,419.6259807531504,-1.1732176795284204,0.8841709537150564,-3.7874123269037057,0.0005341307158355957,0.0031960130998925666,-0.0017745098514940754,20000.0,-5000.0,72278.18248968574
2620.0,596.47307453595,420.51211036501905,-1.1744003247648038,0.8880666756689664,-3.789041923447014,-0.0018875329156620982,0.005418869194338129,-0.0016715189289348406,20000.0,-5000.0,72205.32181225104
2621.0,595.2980864642008,421.4021141044883,-1.175568660303611,0.8919191145057823,-3.7906467412912948,-0.0018716930856142711,0.003502187758107896,-0.0017555918691121752,20000.0,-5000.0,72132.17744229682
2622.0,594.1219372153428,422.2959485940306,-1.1767226719089194,0.8957280824630232,-3.792226962952098,0.00045224339659129644,0.003808471725998876,-0.0016723180542432788,20000.0,-5000.0,72058.7550313471
2623.0,592.9446411203829,423.19357026941435,-1.1778623455201114,0.8994933938974157,-3.7937827678719818,-0.000912546905314409,0.004532584116241665,-0.0015327099796860991,20000.0,-5000.0,71985.06024730066
2624.0,591.7662125243025,424.09493538182545,-1.1789876672503397,0.9032148652928242,-3.795314332448993,-0.001692328729490442,0.0037242833190133853,-0.0015340699479478857,20000.0,-5000.0,71911.09877349598
2625.0,590.5866657858822,425.0,-1.1800986233878916,0.9068923152699142,-3.796821830064747,-0.0012651286572415842,0.0033454796305982496,-0.0011173207786951676,20000.0,-5000.0,71836.87630777508
2626.0,589.4060152775268,425.9087200123653,-1.1811952003961323,0.910525564594991,-3.7983054311124755,0.0003180218408143586,0.0035798315008360535,-0.0016378257104766698,20000.0,-5000.0,71762.39856154767
2627.0,588.22427538509,426.82105112919,-1.1822773849136752,0.914114436188612,-3.799765303024678,0.0004500925666223463,0.004496302492557935,-0.0014635284544484998,20000.0,-5000.0,71687.67125885574
2628.0,587.0414605076994,427.7369488847425,-1.183345163754666,0.9176587551344824,-3.8012016103006854,-0.0019101588071801247,0.0028324889809085317,-0.0016003133963648137,20000.0,-5000.0,71612.70013543869
2629.0,585.8575850575806,428.65636863945895,-1.1843985239079302,0.9211583486870154,-3.8026145145337757,-0.0010902820174986706,0.003345839858853211,-0.0014491400479303123,20000.0,-5000.0,71537.49093780029
2630.0,584.6726634598836,429.57926558211653,-1.1854374525387357,0.9246130462809674,-3.8040041744381012,-0.0009379297079946004,0.0034428651895075323,-0.001420951625752413,20000.0,-5000.0,71462.04942227711
2631.0,583.4867101525032,430.5055947320209,-1.1864619369885645,0.92802267953968,-3.80537074587546,-0.0020430960442122123,0.0042863182866735095,-0.0012508341924998985,20000.0,-5000.0,71386.38135410915
2632.0,582.2997395859064,431.4353109411959,-1.1874719647740335,0.9313870822822423,-3.80671438188162,-0.0010607142359314054,0.003237851100384787,-0.0013877382916026508,20000.0,-5000.0,71310.49250651324
2633.0,581.1117662229551,432.36836889658537,-1.1884675235884288,0.9347060905324724,-3.808035232692279,-0.000982781677942941,0.0051771365976351945,-0.001333143348826943,20000.0,-5000.0,71234.38865975957
2634.0,579.9228045387296,433.30472312226084,-1.1894486013010805,0.937979542526449,-3.8093334457688948,0.0002121603356650915,0.0030877701313679782,-0.001340073575217919,20000.0,-5000.0,71158.07560025158
2635.0,578.732869020353,434.24432798163826,-1.1904151859578747,0.9412072787208103,-3.81060916582419,0.0002965736888468325,0.002957572452137957,-0.0014374531193769692,20000.0,-5000.0,71081.55911960978
2636.0,577.5419741668138,435.18713767970246,-1.1913672657817074,0.9443891418005421,-3.8118625348471404,-0.0012872495218451832,0.002980949526447295,-0.0013227413324490595,20000.0,-5000.0,71004.84501375991
2637.0,576.3501344887895,436.13310626523935,-1.1923048291709506,0.9475249766855711,-3.8130936921278895,-0.0011528433163193726,0.0017432367496198163,-0.0012672558317352483,20000.0,-5000.0,70927.93908202584
2638.0,575.1573645084719,437.0821876330736,-1.1932278647018393,0.9506146305397465,-3.8143027742820053,-0.00022480080784625716,0.0019881342245726356,-0.0011890004690441771,20000.0,-5000.0,70850.84712622745
2639.0,573.9636787593859,438.03433552631884,-1.1941363611281304,0.9536579527782294,-3.8154899152747435,-0.0015099064542837587,0.0024681078770567165,-0.0011072544878808195,20000.0,-5000.0,70773.57494978386
2640.0,572.7690917862157,438.98950353863006,-1.195030307379625,0.9566547950734616,-3.8166552464447525,-0.00027439030589478856,0.004154965330736753,-0.001183442982729957,20000.0,-5000.0,70696.12835682282
2641.0,571.5736181446266,439.94764511646576,-1.195909692563987,0.9596050113636068,-3.8177988965274063,-0.0009635354289440073,0.0028923752458616106,-0.001163994550509422,20000.0,-5000.0,70618.5131512958
2642.0,570.3772724010877,440.9087135613573,-1.1967745059661752,0.962508457859343,-3.8189209916779574,-0.0018658444096981144,0.002375887071476412,-0.001323750911733727,20000.0,-5000.0,70540.7351361
2643.0,569.1800691326943,441.87266203218445,-1.1976247370486135,0.9653649930507129,-3.820021655494118,-0.0018381906575443798,0.004108792873268649,-0.0010233982002584455,20000.0,-5000.0,70462.80011220693
2644.0,567.9820229269905,442.8394435474587,-1.1984603754519298,0.9681744777144843,-3.821101009038355,0.0006768244690989983,0.004399351408489038,-0.0011546408176155783,20000.0,-5000.0,70384.71387779816
2645.0,566.7831483817904,443.8090109876134,-1.1992814109935352,0.9709367749198918,-3.8221591708599316,-0.0009764312711224934,0.0040444251243005784,-0.0009554189588142235,20000.0,-5000.0,70306.48222740868
2646.0,565.5834601050034,444.7813170972985,-1.2000878336692722,0.9736517500364243,-3.8231962570164186,0.0009071067655429857,0.0018039043813117012,-0.0008641387679278967,20000.0,-5000.0,70228.11095107796
2647.0,564.3829727144519,445.75631448768627,-1.2008796336537557,0.9763192707405324,-3.824212381094867,-0.0013187437565088278,0.0021285944971493566,-0.0010288898432683422,20000.0,-5000.0,70149.6058335089
2648.0,563.1817008376959,446.73395563877955,-1.2016568012988387,0.9789392070207441,-3.8252076542326265,-0.0004669489787952283,0.004482641980738439,-0.0011111923611599602,20000.0,-5000.0,70070.97265323531
2649.0,561.9796591118542,447.71419290172776,-1.2024193271350896,0.981511431185055,-3.826182185137757,0.0017335479279606525,0.0027991274301199,-0.0009662737711508591,20000.0,-5000.0,69992.21718179791
2650.0,560.7768621834257,448.69697850114966,-1.203167201871338,0.9840358178669248,-3.8271360801091965,-0.0018403878921093631,0.0022220335140749736,-0.0009005944549369168,20000.0,-5000.0,69913.34518292914
2651.0,559.5733247081115,449.6822645374616,-1.2039004163948448,0.9865122440313314,-3.8280694430563806,-0.0026998960813608736,0.0031995768464996013,-0.0009620871054317514,20000.0,-5000.0,69834.36241174708
2652.0,558.369061350636,450.6700029892123,-1.2046189617720415,0.988940588980995,-3.828982375518383,0.0006270432675793654,0.003451989614080297,-0.0009723767195557492,20000.0,-5000.0,69755.2746139587
2653.0,557.1640867845674,451.6601457154236,-1.2053228292470521,0.9913207343612669,-3.8298749766829645,-0.0015565316343980414,0.0017615930033797996,-0.0008129365088020423,20000.0,-5000.0,69676.08752507255
2654.0,555.9584156921419,452.65264445793485,-1.2060120102433984,0.9936525641672347,-3.8307473434050987,-0.000703371331046588,0.0025358661732982905,-0.0008008889369086674,20000.0,-5000.0,69596.80686962143
2655.0,554.7520627640806,453.64745084375807,-1.206686496364341,0.9959359647492931,-3.8315995702249506,-0.001276578752412561,0.0032228939190170475,-0.0008849397773969636,20000.0,-5000.0,69517.43836039452
2656.0,553.5450426994132,454.64451638743344,-1.2073462793911744,0.9981708248174641,-3.8324317493857443,-0.00037349732473797244,0.0010036599972375402,-0.0010263342671057013,20000.0,-5000.0,69437.98769768012
2657.0,552.3373702052983,455.643792493393,-1.2079913512845337,1.0003570354479052,-3.8332439708511497,-0.001626414825799219,0.0021746737911516783,-0.0007459632777511404,20000.0,-5000.0,69358.46056851844
2658.0,551.1290599968441,456.64523045832925,-1.2086217041845089,1.002494490087713,-3.834036322321978,-0.0008101546605966595,0.000953889587306215,-0.0008771576702239677,20000.0,-5000.0,69278.86264596472
2659.0,549.9201267969293,457.6487814735684,-1.2092373304105308,1.0045830845603518,-3.834808889252946,-0.00014038268854307915,0.0010410399681626066,-0.0007362637094140816,20000.0,-5000.0,69199.19958836325
2660.0,548.7105853360231,458.65439662744996,-1.209838222461201,1.0066227170707407,-3.835561754868957,-0.0016423161169515535,0.0014293919801014717,-0.0007244006336506512,20000.0,-5000.0,69119.47703863178
2661.0,547.5004503520069,459.6620269077099,-1.2104243730152575,1.0086132882102845,-3.836295000180559,-0.0013069702532007986,0.002462268933267222,-0.0009565960179381356,20000.0,-5000.0,69039.70062355696
2662.0,546.2897365899926,460.6716232038705,-1.2109957749300406,1.0105547009608529,-3.837008703999573,-0.0009253551698175518,0.001581833665004047,-0.0006939648191852332,20000.0,-5000.0,68959.87595310062
2663.0,545.0784588021468,461.6831363096316,-1.2115524212430842,1.0124468607006918,-3.8377029429540555,-0.0020354507919931155,0.001193033515325485,-0.0006210435355476006,20000.0,-5000.0,68880.00861971744
2664.0,543.8666317475064,462.6965169252719,-1.2120943051726272,1.0142896752091417,-3.8383777915027855,-0.0009740272174710832,0.00187172158254758,-0.000586556342414305,20000.0,-5000.0,68800.10419768312
2665.0,542.6542701918015,463.7117156600499,-1.2126214201155108,1.0160830546697923,-3.839033321949717,-0.00039616074312715877,0.000575602305081588,-0.0006314219692394439,20000.0,-5000.0,68720.16824243453
2666.0,541.4413889072754,464.7286830346115,-1.213133759649054,1.0178269116758258,-3.839669604457546,-0.0009205404610681729,0.002165073938605595,-0.0008707038374537522,20000.0,-5000.0,68640.20628992043
2667.0,540.2280026725034,465.74736948340154,-1.2136313175306555,1.0195211612341382,-3.8402867070612783,-0.0007724369095422805,0.002846219097740196,-0.0004499366768496236,20000.0,-5000.0,68560.22385596423
2668.0,539.0141262722141,466.76772535707977,-1.214114087697567,1.0211657207693747,-3.840884695681347,-0.0004960741374869466,0.0015372901810846574,-0.0005377378263839007,20000.0,-5000.0,68480.22643563755
2669.0,537.7997744971083,467.7897009249403,-1.2145820642678018,1.022760510128279,-3.8414636341360917,-0.0011426499960296595,0.0013590795886434478,-0.0007179499841248152,20000.0,-5000.0,68400.21950264562
2670.0,536.5849621436785,468.8132463773363,-1.2150352415386578,1.0243054515825918,-3.8420235841541737,0.0002730354622474312,0.0019084146979163874,-0.0006477061521469709,20000.0,-5000.0,68320.20850872392
2671.0,535.369704014031,469.8383118281055,-1.215473613988138,1.025800469833996,-3.842564605386473,0.001062668591398438,-0.0006398969287367464,-0.0005030494623480284,20000.0,-5000.0,68240.19888304654
2672.0,534.1540149157022,470.8648473170043,-1.2158971762755186,1.0272454920179257,-3.8430867554174455,-0.0008991809621592063,0.0019783608520324496,-0.00042884770622460814,20000.0,-5000.0,68160.19603164561
2673.0,532.9379096614799,471.8928028121413,-1.216305923239588,1.0286404477058397,-3.8435900897763684,0.000103343247894144,0.004596322121721443,-0.0005541744277788283,20000.0,-5000.0,68080.20533684257
2674.0,531.721403069223,472.922128212416,-1.216699849899726,1.0299852689095133,-3.844074661948063,-0.0006357524454077254,0.0011921192347543771,-0.00037333589371446504,20000.0,-5000.0,68000.23215669085
2675.0,530.5045099616805,473.95277334996035,-1.2170789514561875,1.0312798900842495,-3.8445405233831007,8.475810205171104e-06,0.0011455814326190473,-0.0006777822565156165,20000.0,-5000.0,67920.28182442996
2676.0,529.2872451663106,474.9846879925845,-1.2174432232898198,1.0325242481321197,-3.8449877235079217,0.0012717944391735481,0.001992660697313376,-0.0005665466021332006,20000.0,-5000.0,67840.35964795091
2677.0,528.0696235151008,476.0178218462246,-1.2177926609622318,1.033718282405033,-3.8454163097343605,0.00018706493474065274,0.002880239858600769,-0.0006740721926009156,20000.0,-5000.0,67760.47090927321
2678.0,526.8516598443862,477.05212455739456,-1.2181272602149988,1.0348619347069246,-3.8458263274688194,-0.002171799228957023,0.0021325484994102863,-0.0005115070266273453,20000.0,-5000.0,67680.62086403306
2679.0,525.6333689946708,478.08754571563844,-1.218447016971254,1.0359551492978767,-3.846217820121067,0.00015989104337755465,-0.0011741903736685907,-0.00019613386658940898,20000.0,-5000.0,67600.81474098309
2680.0,524.4147658104437,479.1240348559903,-1.2187519273354042,1.0369978728966203,-3.8465908291127002,0.0009848807568920137,0.001603473293025857,-0.00010982648097898471,20000.0,-5000.0,67521.05774150278
2681.0,523.19586514,480.1615414614317,-1.219041987591993,1.0379900546820124,-3.846945393885144,-0.0005131272031567201,0.0036420857749082628,-0.00031640978657196877,20000.0,-5000.0,67441.35503912077
2682.0,521.9766818352597,481.20001496535434,-1.219317194206667,1.038931646296561,-3.8472815519074417,0.0007678337238066105,0.0015637070741537275,-0.00040576312779581035,20000.0,-5000.0,67361.7117790478
2683.0,520.7572307515867,482.2394047540248,-1.2195775438261194,1.039822601848357,-3.8475993386833913,-0.0009707448081559773,-0.0003353460357053196,-0.0003359712626207381,20000.0,-5000.0,67282.13307772076
2684.0,519.5375267476074,483.27966016905106,-1.2198230332780327,1.0406628779134905,-3.8478987877585773,-0.0017832448571554697,0.001108061579147565,-0.00023187952937336735,20000.0,-5000.0,67202.62402235784
2685.0,518.3175846850306,484.3207305098518,-1.2200536595715334,1.04145243353841,-3.8481799307268565,-7.635602831682694e-05,-0.0005679336358875003,-0.0004648975433263992,20000.0,-5000.0,67123.1896705243
2686.0,517.0974194284644,485.3625650361279,-1.220269419895999,1.0421912302406895,-3.8484427972364292,-0.002035329339292593,0.001995702838941536,-0.00032439621287047934,20000.0,-5000.0,67043.83504970917
2687.0,515.8770458452386,486.40511297033316,-1.2204703116223072,1.0428792320124671,-3.848687414995871,-0.00044285457597411276,-0.0003316759388127574,-5.842121702063962e-05,20000.0,-5000.0,66964.56515691272
2688.0,514.6564788052198,487.4483235001528,-1.2206563323033492,1.043516405322066,-3.848913809779279,0.001159927923746021,0.000688968238794384,-0.00034634986845280666,20000.0,-5000.0,66885.38495824403
2689.0,513.4357331806319,488.4921457809773,-1.2208274796722094,1.0441027191141927,-3.849122005431372,-0.0021501539629815505,-0.00033135210290681245,-0.00029154676719575246,20000.0,-5000.0,66806.29938852959
2690.0,512.2148238458753,489.5365289383812,-1.2209837516434732,1.044638144812808,-3.8493120238722716,-0.001479704864951187,-5.842060397427294e-05,-0.00017931156099545512,20000.0,-5000.0,66727.3133509318
2691.0,510.993765677345,490.5814220706029,-1.2211251463130566,1.0451226563220644,-3.8494838851016437,-0.0012074258783827739,0.0020048656306919403,-0.00012784811200383244,20000.0,-5000.0,66648.43171657802
2692.0,509.77257355324923,491.6267742510253,-1.2212516619580924,1.0455562300274437,-3.849637607202603,-0.00018493766030160341,0.000515705446504085,-0.00022179450557189296,20000.0,-5000.0,66569.65932419947
2693.0,508.5512623534288,492.6725345306578,-1.2213632970372998,1.0459388447975186,-3.849773206345391,-0.0004845952743355212,-0.00022452976522802722,-0.00011704635650619612,20000.0,-5000.0,66491.00097978025
2694.0,507.32984695917463,493.71865194062036,-1.2214600501899042,1.0462704819836404,-3.8498906967903483,0.0013660033358937444,-0.0008850712040082895,-3.341437877791954e-05,20000.0,-5000.0,66412.46145621623
2695.0,506.108342253049,494.7650754946251,-1.221541920236973,1.0465511254222406,-3.849990090890829,0.0009182396207157205,-0.0016917148937142283,0.00015171831518697636,20000.0,-5000.0,66334.04549298387
2696.0,504.8867631187007,495.81175419146484,-1.2216089061815296,1.0467807614357412,-3.850071399095631,0.0004556158125744789,-0.00109739573338122,-8.784978003338427e-05,20000.0,-5000.0,66255.75779581803
2697.0,503.66512444068593,496.85863701749656,-1.221661007207075,1.0469593788317013,-3.8501346299509276,0.00010681945885992347,0.0002695583977378189,-5.929214591535812e-05,20000.0,-5000.0,66177.60303640006
2698.0,502.44344110428653,497.90567294912825,-1.221698222678782,1.0470869689045799,-3.850179790102033,0.00037924639178502995,0.001121665718347136,0.00015238093832154774,20000.0,-5000.0,66099.5858520548
2699.0,501.22172799532837,498.9528109553057,-1.2217205521432106,1.0471635254358205,-3.8502068842946624,-0.0009114792605019501,-0.0005318130029824919,-8.583707087959398e-05,20000.0,-5000.0,66021.71084545694
2700.0,500.0000000000001,499.9999999999999,-1.221727995328223,1.0471890446941643,-3.8502159153759004,0.0008916293271576811,0.0016336045500949445,-0.00016344293037681153,20000.0,-5000.0,65943.98258434633
2701.0,498.7782720046719,501.04718904469405,-1.2217205521431822,1.0471635254358205,-3.850206884294674,-0.0011418090724922944,-0.0007973476143614661,4.8946717603461166e-05,20000.0,-5000.0,65866.40560125263
2702.0,497.55655889571375,502.0943270508715,-1.2216982226790947,1.047086968904864,-3.8501797901020405,0.0008986917756188383,-0.0003496417446493398,0.0001689416067979394,20000.0,-5000.0,65788.98439322831
2703.0,496.33487555931373,503.1413629825038,-1.2216610072073877,1.0469593788319855,-3.8501346299509356,0.0012784271092173625,-0.0012760279511907248,9.875356311722476e-05,20000.0,-5000.0,65711.7234215908
2704.0,495.113236881299,504.1882458085355,-1.2216089061815296,1.0467807614357412,-3.850071399095631,0.00027887478760946113,0.0008264163993807591,6.0296496451824074e-05,20000.0,-5000.0,65634.62711167314
2705.0,493.89165774695067,505.23492450537526,-1.221541920236973,1.0465511254222406,-3.849990090890829,-0.00010886042391118465,0.0019265907787148042,-8.840001971696456e-05,20000.0,-5000.0,65557.69985258265
2706.0,492.670153040825,506.28134805938,-1.22146005018962,1.0462704819833561,-3.8498906967903292,0.0005056948747654738,-0.0021386982895641423,0.00010123872484210281,20000.0,-5000.0,65480.945996968694
2707.0,491.44873764657143,507.327465469342,-1.2213632970370156,1.0459388447972344,-3.849773206345372,-0.00287222081943083,-0.0007171872523665881,0.000278732654475119,20000.0,-5000.0,65404.36986079796
2708.0,490.227426446751,508.37322574897445,-1.221251661958064,1.0455562300274437,-3.8496376072026144,0.0004334699453694464,0.0009074694386245394,-7.645981621205462e-06,20000.0,-5000.0,65327.975723138254
2709.0,489.0062343226553,509.41857792939686,-1.2211251463130282,1.0451226563220644,-3.8494838851016553,1.6049734737717453e-05,-0.0019640863299086016,0.00013258658064927676,20000.0,-5000.0,65251.76782595002
2710.0,487.78517615412494,510.4634710616186,-1.2209837516437858,1.0446381448130921,-3.8493120238722796,9.617237165383791e-05,7.946896958517253e-05,0.00013311902109558688,20000.0,-5000.0,65175.75037388582
2711.0,486.56426681936773,511.50785421902305,-1.2208274796724936,1.044102719114477,-3.8491220054313917,0.0008986110937327268,0.0007096473818928471,0.00011300094281923137,20000.0,-5000.0,65099.92753409743
2712.0,485.34352119477995,512.5516764998475,-1.2206563323033492,1.0435164053220376,-3.8489138097792654,0.00010081295879472085,-0.0005303736692497256,0.00024789224239821277,20000.0,-5000.0,65024.30343605085
2713.0,484.12295415476103,513.5948870296671,-1.2204703116223357,1.0428792320124671,-3.8486874149958594,-0.0009925325889801491,-9.023013789521018e-05,0.0002902160850966836,20000.0,-5000.0,64948.8821713482
2714.0,482.9025805715353,514.6374349638725,-1.2202694198956863,1.0421912302404621,-3.8484427972364483,6.124571121754954e-05,0.001118207442807237,0.00030715878090687137,20000.0,-5000.0,64873.66779355759
2715.0,481.68241531496966,515.679269490148,-1.2200536595712492,1.0414524335381543,-3.8481799307268503,0.0002934613014681951,0.0012624842124668014,0.00015145331025906243,20000.0,-5000.0,64798.664318050025
2716.0,480.4624732523928,516.7203398309488,-1.2198230332780327,1.0406628779134621,-3.847898787758564,0.0003576066458896464,-0.0008793711845454905,8.71595530751863e-05,20000.0,-5000.0,64723.87572184336
2717.0,479.2427692484136,517.760595245975,-1.2195775438261194,1.0398226018483,-3.8475993386833642,0.00042134033901411537,-0.001419369856657804,0.0003410001785589263,20000.0,-5000.0,64649.30594345359
2718.0,478.02331816474054,518.7999850346454,-1.2193171942069796,1.0389316462968168,-3.847281551907437,0.0013488802271759154,-0.0018731930182447109,0.0002645352025022704,20000.0,-5000.0,64574.958882752966
2719.0,476.80413485999964,519.8384585385686,-1.2190419875923055,1.037990054682325,-3.8469453938851657,-0.0008470079104359756,4.930481517666425e-05,0.0005722338058939478,20000.0,-5000.0,64500.83840083473
2720.0,475.58523418955593,520.87596514401,-1.2187519273354326,1.0369978728966203,-3.8465908291126887,0.00048024054540956034,-0.002444308203838409,0.0005963606591388221,20000.0,-5000.0,64426.94831988531
2721.0,474.36663100532877,521.9124542843618,-1.218447016971254,1.0359551492978767,-3.846217820121067,0.0016540569127211544,-0.0013306845633711435,0.0006279286475624438,20000.0,-5000.0,64353.29242306244
2722.0,473.1483401556134,522.9478754426058,-1.2181272602146862,1.0348619347066688,-3.8458263274688242,-0.0014770821462281058,-0.0010116204443777381,0.0002847328966313646,20000.0,-5000.0,64279.874454380304
2723.0,471.9303764848994,523.9821781537752,-1.2177926609618908,1.0337182824047204,-3.8454163097343494,0.0005288783719700743,-0.0016920425114860273,0.0004895697638066317,20000.0,-5000.0,64206.69811860116
2724.0,470.71275483368964,525.0153120074152,-1.2174432232897914,1.0325242481321197,-3.8449877235079333,-0.00025202804666787796,-0.0009281404659017508,0.0005453804000288965,20000.0,-5000.0,64133.76708113344
2725.0,469.4954900383198,526.0472266500394,-1.217078951456216,1.0312798900843063,-3.8445405233831162,-1.390856690923584e-05,0.0013979948340841534,0.0005501218656524094,20000.0,-5000.0,64061.08496793606
2726.0,468.2785969307772,527.0778717875838,-1.216699849900067,1.0299852689097406,-3.8440746619480337,-0.0005546235040119177,-0.001446202243425886,0.00043147934282633494,20000.0,-5000.0,63988.65536542921
2727.0,467.0620903385197,528.1071971878589,-1.2163059232398723,1.0286404477060955,-3.843590089776376,0.00022497824412407181,-0.0018227766138844983,0.0006518193742380016,20000.0,-5000.0,63916.48182041125
2728.0,465.84598508429747,529.135152682996,-1.2158971762755186,1.0272454920179825,-3.843086755417473,0.002331340901650054,-0.000363889196184519,0.000512800814641112,20000.0,-5000.0,63844.5678399819
2729.0,464.63029598596864,530.1616881718949,-1.215473613988138,1.025800469833996,-3.842564605386473,-0.0008842327890716359,-0.0012208167375599632,0.0005473956459960523,20000.0,-5000.0,63772.91689147153
2730.0,463.4150378563212,531.186753622664,-1.2150352415383168,1.024305451582336,-3.842023584154189,-0.0007707976824777184,-2.2851429497273415e-05,0.0003606963472881673,20000.0,-5000.0,63701.532402376215
2731.0,462.200225502892,532.2102990750595,-1.2145820642675176,1.0227605101280233,-3.8414636341360837,-0.0008936333268245898,-0.0013985651987317778,0.0006490168831611868,20000.0,-5000.0,63630.41776029941
2732.0,460.98587372778616,533.2322746429201,-1.2141140876975953,1.0211657207693747,-3.8408846956813356,0.0022721514850546896,-0.0018780724199150144,0.0005563252385322924,20000.0,-5000.0,63559.57631289897
2733.0,459.7719973274968,534.2526305165983,-1.213631317530627,1.0195211612341382,-3.84028670706129,9.260312632995476e-06,-0.0035247501046908065,0.0006649055584642175,20000.0,-5000.0,63489.01136784033
2734.0,458.5586110927249,535.2713169653883,-1.2131337596493665,1.0178269116760816,-3.839669604457543,0.0004782801796226728,-0.003403824061121852,0.0006557087403822117,20000.0,-5000.0,63418.72619275575
2735.0,457.3457298081981,536.2882843399505,-1.2126214201158234,1.0160830546700481,-3.8390333219497137,0.00010077163282761224,-0.0036780244619468274,0.0006682364781948389,20000.0,-5000.0,63348.724015208965
2736.0,456.13336825249326,537.3034830747284,-1.2120943051725988,1.0142896752091133,-3.8383777915027837,-0.00044784419972346366,-0.0014235264756103886,0.0006595478297483802,20000.0,-5000.0,63279.008022666225
2737.0,454.9215411978529,538.3168636903687,-1.2115524212430842,1.0124468607006634,-3.8377029429540417,0.00030467263378254427,-0.003284434063940103,0.000781620711056617,20000.0,-5000.0,63209.58136247222
2738.0,453.7102634100071,539.3283767961298,-1.210995774929728,1.010554700960597,-3.837008703999575,0.0031209718726114876,-0.000610794551089224,0.0006794253795612247,20000.0,-5000.0,63140.44714183282
2739.0,452.49954964799343,540.3379730922899,-1.2104243730149733,1.0086132882100287,-3.8362950001805496,0.002026742014721486,-0.001934530910703604,0.0005438836823496417,20000.0,-5000.0,63071.608427802625
2740.0,451.28941466397714,541.3456033725498,-1.209838222461201,1.0066227170707407,-3.835561754868957,-0.00029366393697447587,-0.002269093412168793,0.0008132722181328358,20000.0,-5000.0,63003.068247278716
2741.0,450.07987320307103,542.3512185264314,-1.2092373304105024,1.0045830845603518,-3.8348088892529577,0.001281834835660723,-0.0029418512949500593,0.0006628741389610566,20000.0,-5000.0,62934.82958699995
2742.0,448.87094000315614,543.3547695416705,-1.20862170418485,1.0024944900879404,-3.834036322321951,-0.0002419207677820097,-0.0014657806832939588,0.0006190275246059605,20000.0,-5000.0,62866.89539355181
2743.0,447.66262979470133,544.3562075066072,-1.2079913512848464,1.0003570354481894,-3.833243970851162,-0.0012099805014108408,-0.0029986328984716363,0.0006761279273084385,20000.0,-5000.0,62799.268573376954
2744.0,446.45495730058644,545.3554836125669,-1.207346279391146,0.998170824817521,-3.832431749385784,0.0017128740936244178,-0.0032354785540159203,0.0008571673296206561,20000.0,-5000.0,62731.95199279159
2745.0,445.24793723591904,546.3525491562423,-1.2066864963643695,0.9959359647492647,-3.831599570224925,0.0018738078250459163,-0.0010230654133046601,0.0008302912752658179,20000.0,-5000.0,62664.948478007085
2746.0,444.0415843078577,547.3473555420654,-1.2060120102434269,0.9936525641671778,-3.8307473434050587,0.001769887221359997,-0.0019387551755085362,0.0005990950752843373,20000.0,-5000.0,62598.260815157475
2747.0,442.8359132154322,548.3398542845766,-1.2053228292467395,0.9913207343610111,-3.8298749766829654,0.00020779281272568747,-0.0026003499800639437,0.0008351356532330208,20000.0,-5000.0,62531.89175033251
2748.0,441.6309386493642,549.3299970107875,-1.204618961771729,0.9889405889807676,-3.8289823755183976,0.0005377342614279971,-0.0017370571657390264,0.0010470656316184537,20000.0,-5000.0,62465.843989616245
2749.0,440.4266752918887,550.3177354625382,-1.2039004163948164,0.9865122440313598,-3.8280694430564064,0.0015057503208250624,-0.002443095048496273,0.0008674517646932666,20000.0,-5000.0,62400.12019913134
2750.0,439.2231378165746,551.3030214988502,-1.2031672018713095,0.9840358178669248,-3.827136080109208,0.00114776013626219,-0.0021020144108335635,0.0009232069327778476,20000.0,-5000.0,62334.72300508883
2751.0,438.0203408881461,552.285807098272,-1.2024193271354306,0.9815114311853108,-3.8261821851377458,0.0003457573620325358,-0.0033979516533934285,0.001092932073346346,20000.0,-5000.0,62269.65499384357
2752.0,436.81829916230373,553.2660443612208,-1.2016568012991797,0.9789392070209715,-3.8252076542326012,-0.0009142345486232916,-0.000442550332207514,0.0010830760673579973,20000.0,-5000.0,62204.91871195523
2753.0,435.61702728554775,554.243685512314,-1.2008796336537273,0.9763192707404755,-3.82421238109485,0.0009029313609056909,-0.0032466215390430275,0.0011317963990403186,20000.0,-5000.0,62140.51666625506
2754.0,434.4165398949963,555.2186829027017,-1.2000878336692438,0.9736517500364243,-3.82319625701643,0.0019214456961658055,-0.0010727539376410842,0.0006844348083073117,20000.0,-5000.0,62076.451323917936
2755.0,433.21685161820926,556.1909890123868,-1.1992814109932226,0.9709367749196645,-3.8221591708599445,-0.00043194511330528094,-0.0029350885304616956,0.0012615639870964363,20000.0,-5000.0,62012.725112540356
2756.0,432.01797707300983,557.1605564525411,-1.1984603754516456,0.9681744777142853,-3.8211010090383706,0.0014927440169874742,-0.0019463870073507111,0.0011472980339229057,20000.0,-5000.0,61949.340420223874
2757.0,430.81993086730597,558.1273379678154,-1.197624737048642,0.9653649930507413,-3.820021655494121,0.001187788601914069,-0.002069305660856527,0.0013937878902846703,20000.0,-5000.0,61886.2995956642
2758.0,429.62272759891255,559.0912864386426,-1.1967745059661752,0.9625084578593146,-3.8189209916779427,0.0016377906890332236,-0.001687090344121955,0.0010148299562949279,20000.0,-5000.0,61823.604948245855
2759.0,428.4263818553736,560.052354883534,-1.1959096925642996,0.9596050113638626,-3.8177988965274086,0.0017790866211258032,-0.0038012080814398075,0.0009152391552583769,20000.0,-5000.0,61761.25874814265
2760.0,427.23090821378395,561.0104964613703,-1.1950303073799091,0.956654795073689,-3.8166552464447525,0.0001643160943299054,-0.0018547046483141402,0.0011553814807292182,20000.0,-5000.0,61699.26322642356
2761.0,426.0363212406138,561.9656644736814,-1.194136361128102,0.953657952778201,-3.8154899152747404,-0.0007806627119658098,-0.0010995035956186934,0.0011422514417672172,20000.0,-5000.0,61637.6205751645
2762.0,424.84263549152774,562.9178123669267,-1.1932278647018677,0.9506146305398033,-3.8143027742820226,0.00036082441307215996,-0.0033355681456986794,0.0012787824778743883,20000.0,-5000.0,61576.33294756548
2763.0,423.64986551121007,563.866893734761,-1.192304829170638,0.9475249766853153,-3.8130936921278855,0.0018551272911118476,-0.003076644773941286,0.0013527802952680052,20000.0,-5000.0,61515.402458073615
2764.0,422.45802583318647,564.8128623202973,-1.1913672657813663,0.9443891418002863,-3.811862534847148,0.00038105499551761076,-0.003703313215207264,0.0012314898833289886,20000.0,-5000.0,61454.8311825118
2765.0,421.26713097964733,565.7556720183616,-1.190415185957903,0.9412072787208103,-3.8106091658241783,0.0002374214754256249,-0.003565146103995824,0.0012348379371945272,20000.0,-5000.0,61394.621158212765
2766.0,420.07719546127066,566.6952768777389,-1.1894486013010805,0.9379795425264206,-3.80933344576888,-0.000920650576065988,-0.001470453720879758,0.0013514772039366612,20000.0,-5000.0,61334.774384159246
2767.0,418.8882337770452,567.6316311034144,-1.188467523588713,0.9347060905326998,-3.808035232692281,0.0028113386612195236,-0.004340786981430379,0.0012778975476374322,20000.0,-5000.0,61275.29282112946
2768.0,417.70026041409324,568.5646890588043,-1.1874719647743461,0.9313870822825265,-3.8067143818816405,0.0018616612494343468,-0.004321652562849619,0.0012902850563039497,20000.0,-5000.0,61216.1783918483
2769.0,416.5132898474965,569.4944052679795,-1.186461936988536,0.9280226795397084,-3.8053707458754866,0.0018180651991541827,-0.0017114356748422468,0.001483100086314289,20000.0,-5000.0,61157.43298114436
2770.0,415.32733654011616,570.4207344178838,-1.1854374525387357,0.9246130462809674,-3.8040041744381012,0.002038288334378859,-0.002782539940215314,0.0015335891582601727,20000.0,-5000.0,61099.05843611251
2771.0,414.142414942419,571.3436313605414,-1.1843985239076744,0.921158348686788,-3.802614514533761,0.0016460089251234804,-0.0012716375663888216,0.0015350580445634495,20000.0,-5000.0,61041.056566281884
2772.0,412.9585394923008,572.2630511152573,-1.1833451637543533,0.9176587551341981,-3.801201610300663,0.0008064302745303815,-0.003990481037560194,0.0014038439512057375,20000.0,-5000.0,60983.42914379009
2773.0,411.7757246149103,573.1789488708098,-1.1822773849136752,0.9141144361885836,-3.799765303024663,0.0009046420683310552,-0.0034352436533300595,0.0011840109278510392,20000.0,-5000.0,60926.17790356239
2774.0,410.59398472247346,574.0912799876345,-1.1811952003961608,0.910525564594991,-3.798305431112464,0.0006446487023607072,-0.00429826510668956,0.0014534458607159664,20000.0,-5000.0,60869.30454349696
2775.0,409.413334214118,574.9999999999998,-1.1800986233882043,0.90689231527017,-3.796821830064755,0.003844298247750367,-0.003506294609739422,0.0014020044299035742,20000.0,-5000.0,60812.810724655625
2776.0,408.23378747569706,575.9050646181748,-1.1789876672506523,0.90321486529308,-3.795314332449002,0.0016963721160908848,-0.005544791459548665,0.001503521288793844,20000.0,-5000.0,60756.69807146002
2777.0,407.0553588796167,576.8064297305859,-1.1778623455201114,0.8994933938973873,-3.7937827678719667,0.0006500745716550728,-0.003030934352502255,0.0014608631296424404,20000.0,-5000.0,60700.968171893706
2778.0,405.87806278465683,577.7040514059696,-1.176722671908891,0.8957280824629947,-3.7922269629520944,0.0016310301521376591,-0.003450677381586724,0.001565453713931414,20000.0,-5000.0,60645.622577709335
2779.0,404.7019135357989,578.5978858955119,-1.17556866030327,0.8919191145055834,-3.7906467412913267,0.00010971593484050647,-0.003890569012076829,0.0014642591980591393,20000.0,-5000.0,60590.66280464178
2780.0,403.5269254640503,579.4878896349808,-1.1744003247645196,0.8880666756687674,-3.789041923447023,0.002740406522187492,-0.0042801187482062585,0.0014591494813663611,20000.0,-5000.0,60536.09033262654
2781.0,402.35311288626986,580.3740192468495,-1.1732176795284488,0.8841709537150564,-3.787412326903694,0.000502180334344192,-0.0048479490006248255,0.001792975232642519,20000.0,-5000.0,60481.90660602362
2782.0,401.1804901049934,581.2562315424109,-1.172020739005177,0.880232138516476,-3.785757766044324,0.0017252860434556917,-0.003203333570246279,0.0015474686336904113,20000.0,-5000.0,60428.11303384698
2783.0,400.0090714082595,582.1344835238824,-1.1708095177793894,0.876250422045473,-3.7840780521215196,0.002327133289356766,-0.005221182026536271,0.0016924273347671843,20000.0,-5000.0,60374.71098999922
2784.0,398.8388710694346,583.0087323865018,-1.169584030608803,0.872225998364911,-3.7823729932288,0.0016328305659691017,-0.0035132294989476537,0.0018356288619114005,20000.0,-5000.0,60321.70181351173
2785.0,397.6699033470419,583.8789355206122,-1.1683442924255587,0.8681590636194869,-3.780642394271374,0.0013451193162865834,-0.001930345764493943,0.0018563055404301196,20000.0,-5000.0,60269.08680879025
2786.0,396.5021824845835,584.7450505137408,-1.1670903183361645,0.864049816026295,-3.7788860569369795,0.0012723202164993577,-0.0025851352736576965,0.0018674022336487332,20000.0,-5000.0,60216.867245865404
2787.0,395.33572271036957,585.6070351526648,-1.1658221236195345,0.8598984558640836,-3.7771037796667457,0.0012165899667912973,-0.005737877583449266,0.001832727446486706,20000.0,-5000.0,60165.04436064891
2788.0,394.17053823734443,586.464847425469,-1.164539723728268,0.8557051854642737,-3.7752953576256627,0.0006896404018898966,-0.004772412663477868,0.001910950217457941,20000.0,-5000.0,60113.619355194474
2789.0,393.00664326291303,587.3184455235934,-1.1632431342879386,0.8514702092009543,-3.7734605826733114,0.0008361450889923477,-0.00381735303147098,0.0020175146411402574,20000.0,-5000.0,60062.593397964294
2790.0,391.84405196876855,588.1677878438709,-1.1619323710970946,0.8471937334808786,-3.7715992433343235,0.0028568414213814555,-0.0043702251370112515,0.0019271824419403746,20000.0,-5000.0,60011.96762410032
2791.0,390.68277852071884,589.0128329905551,-1.1606074501273724,0.8428759667336294,-3.7697111247689414,0.0012190971587311488,-0.005793902126916923,0.0016748818797077878,20000.0,-5000.0,59961.743135700584
2792.0,389.5228370685138,589.8535397773381,-1.1592683875217915,0.8385171194006489,-3.767796008743763,0.000528777462758572,-0.003978494127784357,0.0018634974954691518,20000.0,-5000.0,59911.92100210063
2793.0,388.36424174567526,590.6898672293564,-1.157915199596431,0.8341174039260864,-3.7658536736022334,0.0008232142041922888,-0.004430461423807812,0.0020419986628652516,20000.0,-5000.0,59862.50226015969
2794.0,387.20700666932095,591.5217745851903,-1.1565479028400887,0.8296770347461688,-3.7638838942352715,0.0025188959444043145,-0.0024693978331908045,0.0019062237242550549,20000.0,-5000.0,59813.487914551544
2795.0,386.0511459399951,592.3492212988488,-1.155166513912576,0.8251962282781165,-3.761886442052364,0.002091160395597741,-0.004764312337332306,0.0022113474726763076,20000.0,-5000.0,59764.87893806053
2796.0,384.8966736414958,593.1721670417465,-1.1537710496455986,0.8206752029101381,-3.759861084952419,0.0019853211226701613,-0.0033261232275496296,0.002031630140420597,20000.0,-5000.0,59716.67627188173
2797.0,383.7436038407039,593.990571704669,-1.1523615270424727,0.8161141789905173,-3.757807587294823,0.001148681914639335,-0.005898876972635147,0.0020782083826874137,20000.0,-5000.0,59668.880825926244
2798.0,382.59195058741085,594.8043953997276,-1.1509379632778405,0.8115133788171534,-3.7557257098710317,0.0020269599688750107,-0.005689862425156545,0.0022349972318328687,20000.0,-5000.0,59621.493479130426
2799.0,381.4417279141482,595.6135984623033,-1.149500375697329,0.8068730266265902,-3.753615209876218,0.0007751891409877148,-0.003909376764339784,0.002102368364693679,20000.0,-5000.0,59574.51507977005
2800.0,380.2929498360162,596.4181414529808,-1.1480487818177778,0.8021933485832164,-3.7514758408811444,0.0011885500520144665,-0.003571981857484843,0.0021756834867630343,20000.0,-5000.0,59527.94644577841
2801.0,379.14563035051265,597.2179851594698,-1.1465831993258462,0.7974745727676122,-3.7493073528046046,0.0024813122445468344,-0.005734043961580731,0.002294138397175262,20000.0,-5000.0,59481.78836506899
2802.0,377.9997834373645,598.013090598516,-1.1451036460791784,0.792716929166204,-3.747109491886036,0.002395911554792004,-0.004751917383835292,0.0020309781285170795,20000.0,-5000.0,59436.04159586203
2803.0,376.8554230583543,598.8034190178022,-1.1436101401062615,0.7879206496601228,-3.7448820006587127,0.0004791374453595107,-0.006252533341612852,0.002207227360686881,20000.0,-5000.0,59390.70686701515
2804.0,375.712563157152,599.5889318978362,-1.142102699604692,0.7830859680132676,-3.7426246179236644,0.0006245207680894082,-0.005042261119978695,0.002374789607274098,20000.0,-5000.0,59345.78487835812
2805.0,374.5712176591449,600.3695909538287,-1.1405813429420846,0.7782131198611069,-3.740337078723562,0.0016413722695009746,-0.004021285490430997,0.0023108477413406473,20000.0,-5000.0,59301.27630103134
2806.0,373.4314004712678,601.1453581375584,-1.1390460886558174,0.77330234269931,-3.7380191143176393,0.0033376343171438523,-0.00538204508084583,0.0025144019596549287,20000.0,-5000.0,59257.181777827995
2807.0,372.2931254818333,601.9161956392273,-1.1374969554524341,0.7683538758723785,-3.735670452157489,-0.00043641630173108393,-0.005226225092828706,0.0021696591440199006,20000.0,-5000.0,59213.501923539974
2808.0,371.15640656036294,602.6820658893032,-1.1359339622078437,0.7633679605616521,-3.7332908158629365,0.0018594223924478727,-0.006179677339940754,0.0021866945896468707,20000.0,-5000.0,59170.237325307266
2809.0,370.0212575574176,603.4429315603506,-1.1343571279661546,0.7583448397732582,-3.7308799251992917,0.00015245048725433578,-0.0057159926171830595,0.0025216495452667913,20000.0,-5000.0,59127.38854297062
2810.0,368.88769230443063,604.1987555688497,-1.132766471940613,0.7532847583271405,-3.728437496055316,0.0009377563798878204,-0.0032497353381459506,0.0025651946137743376,20000.0,-5000.0,59084.95610942779
2811.0,367.75572461353636,604.9495010770049,-1.1311620135132898,0.7481879628447814,-3.7259632404219074,0.0012322887934746616,-0.005039175300895548,0.002466465198366185,20000.0,-5000.0,59042.94053099258
2812.0,366.62536827740405,605.6951314945393,-1.1295437722338306,0.7430547017365825,-3.7234568663720196,0.0011877301229579215,-0.006193921563250812,0.0025719952302711586,20000.0,-5000.0,59001.3422877573
2813.0,365.4966370690687,606.4356104804781,-1.1279117678199952,0.7378852251906096,-3.720918078041837,0.0010836469600328056,-0.005514869058417076,0.0026471139176520073,20000.0,-5000.0,58960.16183395784
2814.0,364.36954474176406,607.1709019449205,-1.1262660201571748,0.7326797851597462,-3.718346575612622,0.0016601057012957602,-0.006884862946421258,0.00248756973625923,20000.0,-5000.0,58919.3995983417
2815.0,363.24410502875435,607.9009700507976,-1.1246065492983632,0.7274386353497562,-3.715742055294248,0.0011095750339794063,-0.006313757520094495,0.0025339485794249497,20000.0,-5000.0,58879.05598453871
2816.0,362.12033164316733,608.62577921562,-1.1229333754639015,0.7221620312071764,-3.7131042093101403,0.000158836705727606,-0.0038792422036236485,0.002678079461223308,20000.0,-5000.0,58839.131371434196
2817.0,360.99823827782654,609.3452941132119,-1.121246519040369,0.7168502299057877,-3.7104327258831615,0.0025048706180513755,-0.005477473858391783,0.002800036749193562,20000.0,-5000.0,58799.62611354456
2818.0,359.8778386050866,610.0594796754316,-1.1195460005816074,0.7115034903353603,-3.7077272892236692,0.002490440837801281,-0.0033974310532265796,0.0025786784562005258,20000.0,-5000.0,58760.5405413953
2819.0,358.75914627666333,610.7683010938827,-1.1178318408083783,0.7061220730888067,-3.7049875795188303,0.0025979996914358323,-0.005497801217623682,0.002732578756748002,20000.0,-5000.0,58721.87496190083
2820.0,357.64217492346984,611.4717238216092,-1.1161040606068866,0.7007062404485396,-3.702213272923697,0.00013198134802858835,-0.005470331680910125,0.002761626905426545,20000.0,-5000.0,58683.629658746635
2821.0,356.52693815544956,612.1697135747797,-1.1143626810296894,0.6952562563747051,-3.6994040415544287,0.0020590890621149864,-0.004800299440577231,0.0028784414806919587,20000.0,-5000.0,58645.80489277321
2822.0,355.41344956141046,612.8622363343586,-1.1126077232949,0.6897723864918248,-3.6965595534832376,0.0024648570883718697,-0.008280577289669626,0.0028612109139272792,20000.0,-5000.0,58608.400902361485
2823.0,354.30172270885976,613.5492583477634,-1.1108392087861318,0.684254898075892,-3.6936794727354796,0.0007026749103895436,-0.005320995114669334,0.002830677739764738,20000.0,-5000.0,58571.41790382025
2824.0,353.1917711438382,614.2307461305104,-1.1090571590524405,0.6787040600417527,-3.690763459289225,0.0017983480648767166,-0.00561833098199951,0.0030882415960951067,20000.0,-5000.0,58534.8560917745
2825.0,352.0836083907549,614.9066664678469,-1.1072615958069036,0.673120142929065,-3.6878111690768725,0.0016813740428110653,-0.004054613791923067,0.002904051042585672,20000.0,-5000.0,58498.715639555616
2826.0,350.9772479522244,615.5769864163685,-1.1054525409280416,0.6675034188900781,-3.6848222539893665,0.003731906931895866,-0.0046295771286665715,0.0029713549871508986,20000.0,-5000.0,58462.99669959227
2827.0,349.8727033088988,616.241673305627,-1.1036300164591353,0.6618541616763309,-3.6817963618832614,0.003831017154075816,-0.006844598155373244,0.0028481465413657493,20000.0,-5000.0,58427.699403802624
2828.0,348.7699879193061,616.9006947397212,-1.1017940446066916,0.6561726466244409,-3.6787331365903713,0.00011150021598833621,-0.004405492166170059,0.002994000969949671,20000.0,-5000.0,58392.82386398705
2829.0,347.6691152196854,617.5540185988759,-1.0999446477415802,0.6504591506435418,-3.6756322179304473,0.004450162033703849,-0.006002194270606969,0.0031836381426795695,20000.0,-5000.0,58358.37017222198
2830.0,346.57009862382296,618.2016130410083,-1.098081848398067,0.6447139522013003,-3.672493241726921,0.0009175150883282639,-0.006701678776749953,0.003197755634488021,20000.0,-5000.0,58324.338401254005
2831.0,345.4729515228893,618.8434465032785,-1.0962056692737008,0.6389373313105011,-3.6693158398260173,0.002902907174151234,-0.005587173941539264,0.00327078924281138,20000.0,-5000.0,58290.72860489451
2832.0,344.37768728527556,619.4794877036293,-1.0943161332294835,0.6331295695158587,-3.666099640119426,0.0029056687067931172,-0.006034101728900195,0.0033037852334359737,20000.0,-5000.0,58257.54081841454
2833.0,343.2843192564303,620.1097056423102,-1.0924132632882788,0.6272909498790114,-3.662844266570115,0.0008738558099177945,-0.00425366802877258,0.0035328023570630226,20000.0,-5000.0,58224.77505893972
2834.0,342.192860758699,620.7340696033873,-1.0904970826359204,0.6214217569659581,-3.6595493392426115,0.002435897967540244,-0.005530037733896512,0.003222600304667768,20000.0,-5000.0,58192.431325845435
2835.0,341.10332509115847,621.3525491562422,-1.088567614621013,0.6155222768334738,-3.65621447433719,0.0018242484691008071,-0.005700563375095454,0.0031551688931041673,20000.0,-5000.0,58160.50960115134
2836.0,340.015725529457,621.9651141570542,-1.0866248827532843,0.6095927970135904,-3.65283928422755,0.0025259395917297195,-0.0050075250250708175,0.003265896083855731,20000.0,-5000.0,58129.009849915936
2837.0,338.9300753256519,622.5717347502693,-1.0846689107042664,0.6036336065006367,-3.6494233775038185,0.0022025145507861624,-0.0048371477028766345,0.003349622527728323,20000.0,-5000.0,58097.93202063047
2838.0,337.84638770804844,623.1723813700555,-1.0826997223068417,0.5976449957374257,-3.6459663590201035,0.003220159850717443,-0.005188106303274934,0.003357528764345947,20000.0,-5000.0,58067.276045612394
2839.0,336.7646758810382,623.7670247417442,-1.0807173415550153,0.5916272566003045,-3.6424678299460775,0.0020673918604822276,-0.004555698469611074,0.0035310446028311167,20000.0,-5000.0,58037.041841397775
2840.0,335.6849530249384,624.3556358832561,-1.0787217926034316,0.5855806823852845,-3.638927387824551,0.001827506293104072,-0.005427721986853943,0.0037161960756084125,20000.0,-5000.0,58007.22930913292
2841.0,334.60723229583135,624.9381861065148,-1.0767130997674883,0.579505567794115,-3.635344626634155,0.0031553262817714776,-0.005914853675278704,0.003794140067698491,20000.0,-5000.0,57977.83833496506
2842.0,333.53152682540343,625.5146470188444,-1.0746912875219437,0.5734022089189921,-3.6317191368572583,0.002632059834803583,-0.00482840460297594,0.003709298974463321,20000.0,-5000.0,57948.86879043145
2843.0,332.45784972078746,626.0849905243527,-1.0726563805019396,0.5672709032289731,-3.6280505055540297,0.002802639400257579,-0.00623967551153475,0.0039546719237852105,20000.0,-5000.0,57920.32053284763
2844.0,331.38621406439955,626.6491888253023,-1.0706084035027459,0.5611119495555954,-3.6243383164425764,0.0013632281513812163,-0.006138046135091658,0.0036901965684776102,20000.0,-5000.0,57892.19340569358
2845.0,330.316632913782,627.2072144234639,-1.0685473814779982,0.5549256480774147,-3.6205821499852613,0.0009802994872159052,-0.004409122421993717,0.0035768917304941895,20000.0,-5000.0,57864.487238998605
2846.0,329.24911930144356,627.7590401214571,-1.066473339540579,0.5487123003059651,-3.616781583481703,0.001490021760689159,-0.004539671379051061,0.003952955710090962,20000.0,-5000.0,57837.20184972433
2847.0,328.1836862347008,628.3046390240759,-1.0643863029621343,0.5424722090712066,-3.612936191168894,0.0014477723872777883,-0.006261814984243995,0.0036411123641919667,20000.0,-5000.0,57810.337042145766
2848.0,327.1203466955193,628.8439845395995,-1.0622862971724771,0.5362056785063487,-3.609045544328136,0.0029242445845211783,-0.00675136023865181,0.0038203123833199315,20000.0,-5000.0,57783.892608230104
2849.0,326.05911364035586,629.3770503810886,-1.0601733477597577,0.529913014033184,-3.605109211399598,0.0031345804135330902,-0.0047836547872688135,0.00402358193826669,20000.0,-5000.0,57757.86832801363
2850.0,324.9999999999998,629.9038105676659,-1.0580474804691278,0.5235945223471958,-3.6011267581051225,0.0019709541494696424,-0.005498694313365157,0.003993096662502729,20000.0,-5000.0,57732.26396997587
2851.0,323.9430186794176,630.424239425783,-1.0559087212036218,0.5172505114027786,-3.597097747578432,0.003633565941743541,-0.006028363404741453,0.004028942667921802,20000.0,-5000.0,57707.079291411574
2852.0,322.88818255759253,630.9383115904715,-1.0537570960237872,0.510881290398288,-3.593021740504159,0.0035814616261391316,-0.00671646746333594,0.003954000826138302,20000.0,-5000.0,57682.314038799814
2853.0,321.83550448737003,631.4460020065795,-1.051592631146292,0.5044871697604663,-3.5888982952655795,0.0024240434841781146,-0.006061399672591483,0.004146053041610313,20000.0,-5000.0,57657.96794817045
2854.0,320.78499729529995,631.9472859299924,-1.049415352944436,0.49806846112971925,-3.5847269681013993,0.0013287789767281299,-0.006453426312433166,0.004319356411982582,20000.0,-5000.0,57634.040745467566
2855.0,319.73667378148116,632.442138928839,-1.0472252879476969,0.4916254773448827,-3.5805073132719967,0.0038350767084216015,-0.007145977241328423,0.004246506741835876,20000.0,-5000.0,57610.53214690997
2856.0,318.69054671940455,632.9305368846822,-1.045022462841331,0.48515853242776075,-3.576238883235266,0.0021457244022569976,-0.006344544212412724,0.004190581208462185,20000.0,-5000.0,57587.44185934856
2857.0,317.6466288557985,633.4124559936945,-1.0428069044662607,0.4786679415684034,-3.5719212288331015,0.002353142531887039,-0.006226174226012003,0.004188528892187569,20000.0,-5000.0,57564.76958062007
2858.0,316.60493291047203,633.887872767819,-1.0405786398179089,0.47215402110873583,-3.567553899487486,0.001881363258686283,-0.006915894565198246,0.004292477880229444,20000.0,-5000.0,57542.51499989782
2859.0,315.5654715761627,634.356764035912,-1.0383376960469377,0.46561708852806305,-3.5631364434082293,0.0013217522184236661,-0.005608162965134952,0.004491165086192118,20000.0,-5000.0,57520.67779803865
2860.0,314.52825751837815,634.8191069448751,-1.036084100459135,0.45905746242755185,-3.558668407811472,0.000732299074607957,-0.005230231020412587,0.004535957257801496,20000.0,-5000.0,57499.257647926126
2861.0,313.4933033752444,635.2748789607671,-1.0338178805134817,0.4524754625139167,-3.5541493391497903,0.002930797764968125,-0.005584185097526858,0.004446018913564998,20000.0,-5000.0,57478.254214810164
2862.0,312.4606217573512,635.7240578699029,-1.0315390638232032,0.4458714095845835,-3.5495787833543915,0.001470244765442128,-0.0069022588963559275,0.004323689160276591,20000.0,-5000.0,57457.66715664258
2863.0,311.430225247598,636.1666217799362,-1.0292476781550022,0.4392456255117736,-3.544956286089443,0.005480034664547486,-0.005850318697294773,0.004700530377053047,20000.0,-5000.0,57437.496124408615
2864.0,310.4021264010412,636.6025491209265,-1.0269437514286608,0.4325984332269286,-3.540281393019259,0.0011805012760796837,-0.006576642676036762,0.00459052886490129,20000.0,-5000.0,57417.740762454305
2865.0,309.3763377447407,637.0318186463901,-1.024627311717012,0.42593015670479417,-3.5355536500881755,0.001014812809416189,-0.00796402017059819,0.004839434156101031,20000.0,-5000.0,57398.40070880973
2866.0,308.35287177760716,637.4544094343361,-1.0222983872446605,0.41924112094756083,-3.530772603814354,0.0028657746261920043,-0.005999511352366768,0.0047146101725233786,20000.0,-5000.0,57379.47559550757
2867.0,307.33174097025136,637.8703008882852,-1.0199570063888643,0.41253165196951613,-3.5259378015971072,0.003938313726626886,-0.006567522919810373,0.00473998571944078,20000.0,-5000.0,57360.96504889752
2868.0,306.31295776482943,638.2794727382751,-1.0176031976790512,0.4058020767809012,-3.5210487920382385,0.0024271913774202127,-0.004041779360390886,0.004935241627679875,20000.0,-5000.0,57342.86868995589
2869.0,305.29653457489326,638.681905041847,-1.0152369897954259,0.39905272337153974,-3.5161051252780458,0.0029676123285107205,-0.005243294391905187,0.005262191059363487,20000.0,-5000.0,57325.18613459061
2870.0,304.2824837852386,639.0775781850182,-1.012858411569482,0.3922839206953199,-3.511106353346311,0.00046717880603006556,-0.006038657882017054,0.005118987723817216,20000.0,-5000.0,57307.916993941326
2871.0,303.2708177517543,639.4664728832377,-1.010467491983377,0.3854959986542781,-3.506052030528617,0.0016923605023475199,-0.006538141034705445,0.005099131088191343,20000.0,-5000.0,57291.060874674826
2872.0,302.26154880127183,639.8485701823267,-1.0080642601697605,0.3786892880822279,-3.5009417137477223,0.001292649408007089,-0.006645642881494509,0.005182820877363663,20000.0,-5000.0,57274.61737927512
2873.0,301.2546892314148,640.2238514594021,-1.0056487454116052,0.37186412072856,-3.4957749629610184,0.0004505052012280875,-0.007878219269124942,0.004979074898043928,20000.0,-5000.0,57258.586106328745
2874.0,300.2502513104486,640.5922984237839,-1.0032209771405576,0.36502082924209844,-3.4905513415747604,0.0025555574970435977,-0.008660998363441363,0.005113761185489972,20000.0,-5000.0,57242.96665080478
2875.0,299.24824727713366,640.9538931178863,-1.0007809849381886,0.35815974715535503,-3.4852704168742594,0.00011320697682711597,-0.007777404557701489,0.00499990824610009,20000.0,-5000.0,57227.758604329465
2876.0,298.24868934057224,641.3086179180946,-0.9983287985356526,0.3512812088679311,-3.479931760470702,0.0010829833783109419,-0.0069367317292681075,0.005581223699111982,20000.0,-5000.0,57212.96155545565
2877.0,297.25158968006235,641.6564555356222,-0.9958644478117549,0.3443855496299193,-3.4745349487655566,0.0019116545065541567,-0.009094133209349639,0.005614598445062835,20000.0,-5000.0,57198.57508992668
2878.0,296.25696044494873,641.9973890173544,-0.9933879627938609,0.3374731055261577,-3.469079563432183,0.0016178731969882345,-0.007486845653492211,0.005533357501306157,20000.0,-5000.0,57184.59879093476
2879.0,295.26481375447463,642.3314017466745,-0.9908993736571006,0.33054421345929086,-3.463565191914495,0.0029069512530871403,-0.007194502463945473,0.0055607427603635694,20000.0,-5000.0,57171.032239373715
2880.0,294.27516169763453,642.658477444273,-0.988398710724141,0.3235992111337396,-3.4579914279440214,0.0028245345376617698,-0.007176964636654481,0.005412172899167978,20000.0,-5000.0,57157.87501408615
2881.0,293.28801633302635,642.978600168942,-0.9858860044651578,0.31663843703933026,-3.4523578720745416,0.0034483994419468754,-0.007656783677294674,0.00563658329773027,20000.0,-5000.0,57145.126692104604
2882.0,292.3033896887042,643.2917543183516,-0.983361285496045,0.3096622304341281,-3.4466641322345755,0.003313303618332363,-0.007338979237428248,0.005945229090777039,20000.0,-5000.0,57132.7868488872
2883.0,291.32129376203426,643.5979246298102,-0.9808245845796932,0.30267093132852096,-3.4409098242982683,0.0037292954903301676,-0.0052055628396758,0.0058009982771046135,20000.0,-5000.0,57120.85505854706
2884.0,290.3417405195448,643.8970961810087,-0.9782759326256212,0.2956648804688484,-3.4350945726745987,0.00255261651764387,-0.0063245240619076515,0.00577622174333804,20000.0,-5000.0,57109.330894075996
2885.0,289.364741896783,644.1892543907479,-0.9757153606880138,0.28864441932000773,-3.429218010914324,0.00288216812657173,-0.0076102933556460115,0.00569042566566412,20000.0,-5000.0,57098.213927562
2886.0,288.3903097981688,644.4743850196487,-0.9731428999666605,0.2816098900493671,-3.4232797823355257,0.0031104415982097563,-0.0071124840147161125,0.006139583367058358,20000.0,-5000.0,57087.50373040067
2887.0,287.4184560968497,644.7524741708467,-0.9705585818061877,0.2745616355101106,-3.417279540667273,0.0027375756761437754,-0.007084395594083981,0.006022766531213633,20000.0,-5000.0,57077.19987350052
2888.0,286.4491926345564,645.0235082906689,-0.967962437695661,0.2674999992240146,-3.4112169507106636,0.002188898691013472,-0.00786694568878492,0.00587712130031004,20000.0,-5000.0,57067.30192748195
2889.0,285.4825312214584,645.2874741692947,-0.965354499268301,0.2604253253652473,-3.4050916890186533,0.0022680288280309407,-0.007881032810824144,0.006042686274689093,20000.0,-5000.0,57057.80946287011
2890.0,284.5184836360198,645.5443589413994,-0.962734798301284,0.25333795874365705,-3.3989034445929964,0.0017751810225808552,-0.006042441397579164,0.006062219380828093,20000.0,-5000.0,57048.722050281256
2891.0,283.5570616248558,645.794150086782,-0.9601033667142929,0.24623824478732104,-3.392651919598099,0.0030758265838379283,-0.007542354297579938,0.00626704833195168,20000.0,-5000.0,57040.039260602745
2892.0,282.59827690259124,646.0368354309741,-0.9574602365705118,0.23912652952623148,-3.386336830092282,0.002551173218780923,-0.008256193578724272,0.006372594821593041,20000.0,-5000.0,57031.7606651668
2893.0,281.6421411517148,646.2724031458345,-0.9548054400762283,0.23200315957552675,-3.3799579067754966,0.0019708117888872145,-0.007173896232462742,0.006348863433360081,20000.0,-5000.0,57023.88583591748
2894.0,280.6886660224388,646.5008417501251,-0.9521390095789286,0.22486848211815413,-3.3735148957528356,0.0019833957771392997,-0.0070174092266195465,0.00657107170505552,20000.0,-5000.0,57016.41434557134
2895.0,279.7378631325569,646.7221401100708,-0.9494609775682363,0.21772284488827154,-3.367007559313479,0.001424817422322442,-0.009202855832624507,0.006549334767960493,20000.0,-5000.0,57009.345767771534
2896.0,278.7897440673023,646.9362874399017,-0.9467713766752297,0.2105665961539671,-3.3604356767241192,0.0037135130278640183,-0.007203762511848455,0.006735360737370814,20000.0,-5000.0,57002.67967723515
2897.0,277.84432037920647,647.1432733023787,-0.9440702396717597,0.20340008470077464,-3.3537990450371553,0.0027886629526955578,-0.006268636838220104,0.00662501586543006,20000.0,-5000.0,56996.415649894145
2898.0,276.9016035879588,647.3430876093032,-0.9413575994705639,0.19622365981462053,-3.3470974799113082,0.001820931842809403,-0.006711859431872939,0.0071099483275096536,20000.0,-5000.0,56990.553263029346
2899.0,275.96160518026534,647.535720622008,-0.9386334891238448,0.18903767126403181,-3.3403308164440184,0.0035708416306067096,-0.004871268731335712,0.006729619466505061,20000.0,-5000.0,56985.09209539795
2900.0,275.0243366097111,647.7211629518313,-0.9358979418240665,0.18184246928393577,-3.33349891001617,0.0021582969875231085,-0.005898288938012659,0.0067531066098346845,20000.0,-5000.0,56980.03172735425
2901.0,274.0898092966172,647.8994055605758,-0.9331509909034708,0.17463840455843638,-3.3266016371461324,0.001289661123288239,-0.005701208471146152,0.006803347576048337,20000.0,-5000.0,56975.37174096354
2902.0,273.15803462790416,648.0704397609481,-0.9303926698325142,0.1674258282035339,-3.319638896352771,0.00382621606194575,-0.004304140557138975,0.006969481144775975,20000.0,-5000.0,56971.11172010929
2903.0,272.2290239569522,648.2342572169829,-0.9276230122204936,0.16020509175007192,-3.3126106090257488,0.002216646335881336,-0.006436042553572284,0.006848874204379579,20000.0,-5000.0,56967.25125059348
2904.0,271.30278860346317,648.3908499444483,-0.9248420518148066,0.15297654712634312,-3.3055167203018088,0.002361277527812235,-0.007062654701247752,0.007163057546181706,20000.0,-5000.0,56963.78992023026
2905.0,270.37933985332256,648.5402103112356,-0.9220498225005542,0.14574054664149116,-3.298357199946333,0.002840680250344703,-0.006226713866161229,0.006957198487778116,20000.0,-5000.0,56960.727318932484
2906.0,269.45868895846206,648.6823310377313,-0.9192463583004837,0.13849744296805966,-3.2911320432368187,0.00399753138002659,-0.007828169824972824,0.007277916410098771,20000.0,-5000.0,56958.06303879168
2907.0,268.5408471367216,648.8172051971717,-0.9164316933733971,0.13124758912465495,-3.283841271847807,0.002841089977039341,-0.0071410420808896485,0.0071567916587592555,20000.0,-5000.0,56955.79667415105
2908.0,267.62582557171527,648.9448262159806,-0.9136058620150607,0.1239913384588931,-3.276484934734911,0.0015841329122137135,-0.007933007649698665,0.007342024694311701,20000.0,-5000.0,56953.92782167149
2909.0,266.7136354126915,649.0651878740895,-0.9107688986578637,0.11672904463023315,-3.2690631090161792,0.0034082269937627135,-0.00685117387731295,0.007529125338320455,20000.0,-5000.0,56952.456080390875
2910.0,265.80428777439954,649.178284305241,-0.9079208378690282,0.10946106159258306,-3.261575900848533,0.002349128972522003,-0.007948735268584991,0.00780418051827083,20000.0,-5000.0,56951.38105177648
2911.0,264.8977937369534,649.2841099972746,-0.9050617143513477,0.10218774357724669,-3.2540234462971136,0.004828365938478894,-0.007990318522648145,0.007451954601132097,20000.0,-5000.0,56950.702339770294
2912.0,263.99416434569684,649.3826597923955,-0.9021915629422779,0.09490944507552967,-3.2464059121950966,0.0028744831873855257,-0.006850536178152716,0.0076314234630656865,20000.0,-5000.0,56950.41955082772
2913.0,263.09341061106886,649.4739288874257,-0.8993104186137373,0.08762652082123168,-3.238723496991462,0.0005618459050740002,-0.007428300523646764,0.007625418775212287,20000.0,-5000.0,56950.53229394915
2914.0,262.19554350846937,649.557912834038,-0.8964183164717952,0.08033932577399128,-3.230976431585366,0.0032692774295862374,-0.009294068416723679,0.007671904757520272,20000.0,-5000.0,56951.04018070485
2915.0,261.30057397812527,649.6346075389737,-0.8935152917552784,0.07304821510138026,-3.2231649801422817,0.004931146198046297,-0.008806891696321505,0.00775525804692599,20000.0,-5000.0,56951.94282525282
2916.0,260.4085129249588,649.7040092642408,-0.8906013798367098,0.06575354416173695,-3.2152894408910164,0.004558534891155686,-0.008489605195353824,0.00800911747972725,20000.0,-5000.0,56953.23984434986
2917.0,259.51937121845185,649.7661146272972,-0.8876766162216541,0.05845566848716999,-3.2073501468986336,0.00483464297292403,-0.008217725463434028,0.007910754395001017,20000.0,-5000.0,56954.930857355765
2918.0,258.6331596925155,649.8209206012151,-0.8847410365470978,0.05115494376582319,-3.1993474668192334,0.001880263909913235,-0.006870907948907025,0.008311766003335623,20000.0,-5000.0,56957.01548623062
2919.0,257.74988914535766,649.8684245148288,-0.881794676582274,0.04385172582459518,-3.191281805614725,0.0039005095791029786,-0.007076556829859629,0.008148268207731034,20000.0,-5000.0,56959.4933555254
2920.0,256.86957033935096,649.9086240528643,-0.8788375722275674,0.03654637061220001,-3.183153605244807,0.002211474247557358,-0.006198193025212544,0.008034581281835743,20000.0,-5000.0,56962.36409236559
2921.0,255.99221400090252,649.9415172560532,-0.8758697595143445,0.02923923418126151,-3.1749633453213932,0.0032064439477048857,-0.006524820417381762,0.008175774420379936,20000.0,-5000.0,56965.62732642805
2922.0,255.11783082032227,649.9671025212268,-0.8728912746047968,0.02193067267120341,-3.1667115437264313,0.0016597384561149661,-0.006194153611894852,0.008183335390794971,20000.0,-5000.0,56969.282689911255
2923.0,254.24643145169293,649.9853786013956,-0.8699021537902922,0.014621042291196318,-3.1583987571891887,0.002324088405394122,-0.006677161982169806,0.00844172015857717,20000.0,-5000.0,56973.32981749856
2924.0,253.37802651274168,649.9963446058092,-0.8669024334923421,0.007310699302195189,-3.1500255818185843,0.0023016022015166925,-0.007092422728441319,0.008200804405931949,20000.0,-5000.0,56977.76834631487
2925.0,252.51262658470824,650.0,-0.8638921502620462,0.0,-3.141592653589794,0.003950180704842503,-0.006167206050856143,0.008296975130094374,20000.0,-5000.0,56982.59791587659
2926.0,251.6502422122176,649.9963446058092,-0.860871340778516,-0.007310699302195189,-3.1331006487801156,0.0038589240482881223,-0.0063541918088548125,0.00844817989247745,20000.0,-5000.0,56987.81816803492
2927.0,250.7908839031512,649.9853786013956,-0.8578400418493715,-0.014621042291196318,-3.12455028435161,0.0033244598644212695,-0.0069187902201559995,0.00866345004732805,20000.0,-5000.0,56993.4287469125
2928.0,249.93456212851885,649.9671025212268,-0.8547982904100451,-0.02193067267120341,-3.1159423182773986,0.0016423152091398427,-0.005986987605738986,0.00878854345090623,20000.0,-5000.0,56999.429298833325
2929.0,249.08128732233112,649.9415172560532,-0.8517461235232986,-0.02923923418126151,-3.107277549808505,0.0027332035392095967,-0.00974782602351255,0.008863126725466824,20000.0,-5000.0,57005.8194722464
2930.0,248.23106988147225,649.9086240528643,-0.8486835783790525,-0.03654637061220001,-3.0985568196789535,0.0022916408338402514,-0.007608371762451685,0.008813654396866051,20000.0,-5000.0,57012.59891764256
2931.0,247.38392016557302,649.8684245148288,-0.845610692293036,-0.04385172582459518,-3.0897810102444163,0.003982633080828079,-0.007622355235227457,0.008792657381713994,20000.0,-5000.0,57019.767287464885
2932.0,246.53984849688618,649.8209206012151,-0.8425275027073553,-0.05115494376582319,-3.0809510455540345,0.004313814244594116,-0.006103005576622362,0.008954626931516673,20000.0,-5000.0,57027.32423601279
2933.0,245.6988651601583,649.7661146272972,-0.8394340471901529,-0.05845566848716999,-3.0720678913515913,0.004197371541447225,-0.005664810066135423,0.00876799854615345,20000.0,-5000.0,57035.26941933956
2934.0,244.86098040250587,649.7040092642408,-0.8363303634340014,-0.0657535441617938,-3.063132555002511,0.0023232357452643163,-0.008804680725112979,0.008733247555026242,20000.0,-5000.0,57043.6024951436
2935.0,244.0262044332903,649.6346075389736,-0.8332164892562872,-0.07304821510138026,-3.0541460853471807,0.0002694187194592873,-0.005825062013810433,0.009065378198110553,20000.0,-5000.0,57052.32312265334
2936.0,243.1945474239933,649.557912834038,-0.8300924625986141,-0.08033932577393443,-3.0451095724754045,0.001291174369657748,-0.00850763427311489,0.008936854754851939,20000.0,-5000.0,57061.43096250595
2937.0,242.36601950809307,649.4739288874257,-0.8269583215262628,-0.08762652082123168,-3.0360241474218754,0.004617887766901281,-0.008472097321631938,0.009101235620091035,20000.0,-5000.0,57070.92567661969
2938.0,241.54063078094077,649.3826597923955,-0.823814104227722,-0.09490944507547283,-3.026890981781551,0.002731870004921091,-0.007524304191892834,0.009171193669015964,20000.0,-5000.0,57080.806928060294
2939.0,240.71839129963763,649.2841099972748,-0.8206598490144756,-0.10218774357730354,-3.0177112872409415,0.0023783870100917036,-0.007606791454788641,0.009232954659388847,20000.0,-5000.0,57091.07438090116
2940.0,239.89931108291182,649.1782843052409,-0.8174955943197801,-0.10946106159263991,-3.008486315027001,0.004877852052151533,-0.008891641855761186,0.009362702041323327,20000.0,-5000.0,57101.727700077514
2941.0,239.08340011099807,649.0651878740895,-0.8143213786990202,-0.1167290446301763,-2.999217355270854,0.004495135781640843,-0.006589166359496862,0.009392978610845419,20000.0,-5000.0,57112.76655123441
2942.0,238.27066832551378,648.9448262159806,-0.8111372408294528,-0.1239913384588931,-2.9899057362862727,0.003214509989704936,-0.006552590247535017,0.009356331377870277,20000.0,-5000.0,57124.190600569294
2943.0,237.46112562933916,648.8172051971717,-0.807943219508644,-0.13124758912465495,-2.980552823763522,0.002893759685250392,-0.006156688456281846,0.00931830758966146,20000.0,-5000.0,57135.999514668154
2944.0,236.6547818864965,648.6823310377313,-0.8047393536546394,-0.13849744296805966,-2.971160019876505,0.0030713632202263134,-0.007697338319823375,0.00942533001630116,20000.0,-5000.0,57148.19296033619
2945.0,235.8516469220299,648.5402103112356,-0.8015256823055665,-0.14574054664149116,-2.961728762305651,0.0034548384267038914,-0.007280724131423414,0.009376167986618838,20000.0,-5000.0,57160.77060442273
2946.0,235.05173052188536,648.3908499444483,-0.7983022446190091,-0.15297654712628628,-2.9522605231761676,0.0048925940884830665,-0.007263921440070236,0.009461735232405321,20000.0,-5000.0,57173.73211364044
2947.0,234.25504243279187,648.234257216983,-0.7950690798716948,-0.16020509175007192,-2.9427568079127213,0.0036774390464153384,-0.0054688681854266775,0.009843802305003972,20000.0,-5000.0,57187.07715437893
2948.0,233.46159236214197,648.0704397609481,-0.7918262274583867,-0.1674258282036476,-2.9332191540124244,0.004002857263688655,-0.010164702654485267,0.009576323740983909,20000.0,-5000.0,57200.80539251292
2949.0,232.6713899778751,647.8994055605757,-0.7885737268921673,-0.17463840455849322,-2.9236491297370626,0.004473523828990674,-0.008203688412758741,0.009640976917632695,20000.0,-5000.0,57214.91649320489
2950.0,231.88444490835764,647.7211629518312,-0.7853116178041546,-0.18184246928393577,-2.9140483327273916,0.002050252283786966,-0.007193870032297854,0.009528304821582437,20000.0,-5000.0,57229.41012070251
2951.0,231.10076674226679,647.5357206220078,-0.7820399399419387,-0.18903767126391813,-2.9044183885417434,0.004061613656380783,-0.008319753649960984,0.009769582546967647,20000.0,-5000.0,57244.28593813061
2952.0,230.32036502847376,647.3430876093033,-0.7787587331697807,-0.1962236598145637,-2.8947609491210966,0.0029795548669963017,-0.007449899234109892,0.009764176494232212,20000.0,-5000.0,57259.54360727809
2953.0,229.54324927592722,647.1432733023787,-0.7754680374682721,-0.20340008470083148,-2.8850776911852236,0.0006782978947472863,-0.007302605929729906,0.009790018879126521,20000.0,-5000.0,57275.18278837959
2954.0,228.76942895353721,646.9362874399017,-0.772167892933453,-0.21056659615391027,-2.875370314561323,0.001091228386254198,-0.00784547381729812,0.009745095829908821,20000.0,-5000.0,57291.20313989234
2955.0,227.99891349006032,646.7221401100709,-0.7688583397766706,-0.21772284488827154,-2.865640540450615,0.0022552399221935976,-0.007083885479911738,0.00986773539375977,20000.0,-5000.0,57307.60431826779
2956.0,227.23171227398387,646.5008417501251,-0.7655394183234989,-0.22486848211821098,-2.855890109636653,0.0038761384483094394,-0.00648678642303069,0.009916822918960636,20000.0,-5000.0,57324.3859777186
2957.0,226.46783465341332,646.2724031458345,-0.7622111690139377,-0.2320031595755836,-2.846120780638407,0.0034512618412072277,-0.00737477679198905,0.009812829115182522,20000.0,-5000.0,57341.547769980745
2958.0,225.707289935956,646.036835430974,-0.7588736324020147,-0.23912652952628832,-2.8363343278150985,0.0035339293856697625,-0.007588934154060582,0.009779975903910382,20000.0,-5000.0,57359.08934407099
2959.0,224.9500873886093,645.7941500867819,-0.7555268491543359,-0.2462382447872642,-2.826532539425347,0.0053806645408364,-0.007278135369192552,0.009918958144716964,20000.0,-5000.0,57377.010346039795
2960.0,224.19623623764733,645.5443589413994,-0.7521708600504269,-0.2533379587436002,-2.816717215647273,0.002040525095029999,-0.007101275222113289,0.009709605238812072,20000.0,-5000.0,57395.310418719775
2961.0,223.44574566850844,645.2874741692947,-0.7488057059819937,-0.2604253253652473,-2.8068901665644743,0.003341181182411882,-0.008891217651602428,0.00974339683208601,20000.0,-5000.0,57413.98920146954
2962.0,222.69862482568334,645.0235082906689,-0.7454314279522976,-0.26749999922395773,-2.7970532101230443,0.0036954787644444924,-0.006588068699693876,0.00983442027195038,20000.0,-5000.0,57433.04632991363
2963.0,221.95488281260384,644.7524741708468,-0.742048067076098,-0.2745616355101106,-2.787208170065907,0.0026220455060193926,-0.007524055382192111,0.009633261314382824,20000.0,-5000.0,57452.48143567797
2964.0,221.21452869153114,644.4743850196487,-0.7386556645782321,-0.2816098900494808,-2.777356873849356,0.0034263667703153845,-0.0057292032860986495,0.009955646117420384,20000.0,-5000.0,57472.294146121225
2965.0,220.47757148344738,644.1892543907478,-0.7352542617939832,-0.28864441932006457,-2.767501150548878,0.0017416912132269093,-0.006412709573222064,0.009738186053877801,20000.0,-5000.0,57492.48408406248
2966.0,219.74402016794318,643.8970961810086,-0.7318439001687693,-0.2956648804688484,-2.757642828759293,0.0048813374737597575,-0.005796208734116508,0.009800519709933689,20000.0,-5000.0,57513.05086750471
2967.0,219.01388368310984,643.5979246298101,-0.728424621256579,-0.30267093132852096,-2.747783734494848,0.002714733774727142,-0.008050272911363714,0.00983224826802368,20000.0,-5000.0,57533.994109354615
2968.0,218.28717092543002,643.2917543183515,-0.7249964667202278,-0.3096622304340144,-2.737925689096762,0.0055455370314718075,-0.007370051527101012,0.00986146219196893,20000.0,-5000.0,57555.313417138896
2969.0,217.56389074966938,642.9786001689421,-0.7215594783307608,-0.31663843703921657,-2.7280705071525353,0.003407606133761394,-0.008260836412388502,0.00981043590729794,20000.0,-5000.0,57577.00839271682
2970.0,216.8440519687685,642.6584774442731,-0.7181136979667997,-0.3235992111337396,-2.7182199944333627,0.0045194876464180215,-0.007686394473162305,0.009838966157232098,20000.0,-5000.0,57599.07863198954
2971.0,216.12766335373578,642.3314017466746,-0.7146591676142009,-0.3305442134593477,-2.7083759458560563,0.003403441198756027,-0.005634566849907265,0.009832566629803429,20000.0,-5000.0,57621.52372460581
2972.0,215.4147336335401,641.9973890173544,-0.7111959293649477,-0.3374731055262714,-2.6985401434742786,0.003435592830235263,-0.005373451328514169,0.00977562605838891,20000.0,-5000.0,57644.34325366489
2973.0,214.7052714950059,641.6564555356221,-0.7077240254176047,-0.34438554962997614,-2.6887143545051413,0.00286873618569685,-0.008098285166575786,0.009724484470937579,20000.0,-5000.0,57667.536795416105
2974.0,213.99928558270489,641.3086179180945,-0.7042434980765222,-0.3512812088679311,-2.67890032939553,0.0036087248634731417,-0.007363777336800524,0.009940745675358239,20000.0,-5000.0,57691.10391895549
2975.0,213.29678449885284,640.9538931178862,-0.7007543897506423,-0.35815974715535503,-2.6690997999347905,0.00382414463711543,-0.006949065291121675,0.009533214094970403,20000.0,-5000.0,57715.04418591959
2976.0,212.5977768032036,640.5922984237837,-0.6972567429537548,-0.3650208292420416,-2.65931447741728,0.00268614642599888,-0.006243067727015069,0.009751486527163032,20000.0,-5000.0,57739.3571501768
2977.0,211.90227101294533,640.2238514594021,-0.6937506003034173,-0.3718641207284463,-2.6495460508599042,0.003380303978735284,-0.00866470012619531,0.009701277584035703,20000.0,-5000.0,57764.042357515675
2978.0,211.21027560259677,639.8485701823269,-0.6902360045209264,-0.37868928808217106,-2.639796185279023,0.0028842051931588005,-0.008483303196441904,0.009791449902313247,20000.0,-5000.0,57789.09934533108
2979.0,210.52179900390348,639.4664728832378,-0.6867129984306075,-0.3854959986543349,-2.6300665200303346,0.005919190668999207,-0.00628803054333937,0.009539279790973548,20000.0,-5000.0,57814.52764230804
2980.0,209.83684960573555,639.0775781850182,-0.6831816249592464,-0.3922839206954336,-2.620358667216368,0.0034422019803209847,-0.008805659323221436,0.009634474717618741,20000.0,-5000.0,57840.32676810328
2981.0,209.155435753985,638.6819050418469,-0.6796419271352363,-0.3990527233715966,-2.6106742101636886,0.0051511152232689315,-0.00722381539565091,0.009659350056821283,20000.0,-5000.0,57866.49623302455
2982.0,208.47756575146508,638.279472738275,-0.6760939480886918,-0.4058020767809012,-2.6010147019740755,0.0033486210234316854,-0.006570864130283391,0.009778334444552932,20000.0,-5000.0,57893.03553770842
2983.0,207.8032478578076,637.8703008882851,-0.672537731050852,-0.41253165196951613,-2.5913816641515877,0.00383001300645783,-0.0062871661655850754,0.009660054414098293,20000.0,-5000.0,57919.944172795935
2984.0,207.13249028936337,637.454409434336,-0.6689733193530003,-0.419241120947504,-2.5817765853081727,0.002194067424239752,-0.006846660771656539,0.009444313778945519,20000.0,-5000.0,57947.221618606694
2985.0,206.4653012191016,637.0318186463901,-0.6654007564264077,-0.4259301567046805,-2.5722009199503866,0.0031115931877293257,-0.007059098834933029,0.009500087813818949,20000.0,-5000.0,57974.867344811515
2986.0,205.80168877651056,636.6025491209266,-0.6618200858015655,-0.43259843322687175,-2.562656087347404,0.0038036907828822904,-0.005779252075084743,0.009638075356826365,20000.0,-5000.0,58002.880810103554
2987.0,205.14166104749847,636.1666217799363,-0.6582313511078439,-0.4392456255117736,-2.5531434704832376,0.005242430408530335,-0.0063398305765310645,0.009347644400195376,20000.0,-5000.0,58031.26146186831
2988.0,204.48522607429487,635.724057869903,-0.6546345960730093,-0.4458714095846972,-2.5436644150934367,0.0038316391913006407,-0.007287914333350473,0.0094519150905765,20000.0,-5000.0,58060.00873585245
2989.0,203.83239185535245,635.274878960767,-0.6510298645220303,-0.45247546251403037,-2.5342202287866327,0.00504797777421495,-0.006553788863403064,0.009424991834699465,20000.0,-5000.0,58089.12205583176
2990.0,203.1831663452508,634.819106944875,-0.647417200377447,-0.45905746242755185,-2.5248121802516534,0.00428306429401132,-0.006172258863992216,0.009341754313475871,20000.0,-5000.0,58118.60083327812
2991.0,202.53755745459756,634.3567640359119,-0.6437966476587462,-0.46561708852806305,-2.5154414985499725,0.0053172202064390595,-0.004761050909250259,0.009684095812702622,20000.0,-5000.0,58148.44446702615
2992.0,201.89557304993332,633.8878727678189,-0.6401682504810537,-0.47215402110862215,-2.5061093724929875,0.003570884403159242,-0.005707530142209288,0.009261337624057335,20000.0,-5000.0,58178.65234293883
2993.0,201.25722095363545,633.4124559936946,-0.6365320530553049,-0.47866794156828973,-2.4968169501041233,0.006126271064444352,-0.005238931543430771,0.009327524218942866,20000.0,-5000.0,58209.22383357327
2994.0,200.6225089438227,632.9305368846823,-0.6328880996873352,-0.48515853242776075,-2.487565338163587,0.003142923158438803,-0.0071138925804192675,0.009136102296028962,20000.0,-5000.0,58240.15829784592
2995.0,199.99144475426078,632.4421389288391,-0.629236434777539,-0.49162547734482587,-2.4783556018358146,0.0028582613880176475,-0.0070001944104551,0.009253418074916602,20000.0,-5000.0,58271.45508069785
2996.0,199.36403607426763,631.9472859299926,-0.6255771028206141,-0.49806846112983294,-2.469188764377604,0.0024045039231691072,-0.006675677250535909,0.009252364326641567,20000.0,-5000.0,58303.11351276014
2997.0,198.74029054861956,631.4460020065794,-0.6219101484039413,-0.5044871697606368,-2.4600658069245767,0.006095363996875236,-0.006555752053901778,0.009027985361405373,20000.0,-5000.0,58335.13291001934
2998.0,198.12021577745975,630.9383115904714,-0.6182356162081248,-0.510881290398288,-2.450987668355509,0.004530648982063016,-0.007430170306804473,0.009048529909083971,20000.0,-5000.0,58367.51257348354
2999.0,197.5038193162033,630.4242394257828,-0.6145535510066509,-0.5172505114027786,-2.4419552452307687,0.0033382728202377455,-0.005039852191799759,0.008898648742195012,20000.0,-5000.0,58400.25178884891
3000.0,196.89110867544645,629.9038105676658,-0.6108639976641257,-0.523594522347139,-2.4329693918036455,0.004992448775155827,-0.005412431070922211,0.008820927781988435,20000.0,-5000.0,58433.34982616683
3001.0,196.28209132087505,629.3770503810886,-0.6071670011365313,-0.5299130140330703,-2.4240309201017407,0.004416000209836891,-0.006623529612289175,0.00904235032906777,20000.0,-5000.0,58466.805939512014
3002.0,195.67677467317338,628.8439845395997,-0.6034626064706572,-0.536205678506235,-2.4151406000753664,0.005753143192511497,-0.005612120706839894,0.008797508996933951,20000.0,-5000.0,58500.61936665175
3003.0,195.07516610793374,628.3046390240761,-0.5997508588033327,-0.5424722090712066,-2.40629915981064,0.002105419662349117,-0.006021461821272003,0.008518784995418789,20000.0,-5000.0,58534.789328715924
3004.0,194.47727295556672,627.7590401214572,-0.5960318033611998,-0.5487123003061924,-2.397507285804881,0.003446671742948499,-0.005477988767893943,0.008984636887142407,20000.0,-5000.0,58569.31502986895
3005.0,193.88310250121134,627.2072144234637,-0.5923054854595478,-0.5549256480775284,-2.388765623300103,0.0032488337447324957,-0.007598108781035074,0.008617265243592374,20000.0,-5000.0,58604.19565698269
3006.0,193.29266198464762,626.6491888253022,-0.5885719505023133,-0.5611119495555954,-2.380074776671829,0.0016841901490586954,-0.006324137277100966,0.008634750975491054,20000.0,-5000.0,58639.43037931125
3007.0,192.7059586002067,626.0849905243525,-0.5848312439817107,-0.5672709032289731,-2.37143530987176,0.004847171301258043,-0.006205498590329972,0.008816024751924046,20000.0,-5000.0,58675.01834816776
3008.0,192.1229994966842,625.5146470188442,-0.5810834114770103,-0.5734022089188215,-2.3628477469188907,0.0034701190622795377,-0.005468649513608744,0.00854387584144368,20000.0,-5000.0,58710.958696602785
3009.0,191.5437917772527,624.9381861065149,-0.5773284986543104,-0.5795055677939445,-2.3543125724371015,0.00452775920996734,-0.006742907554131884,0.008488599413542564,20000.0,-5000.0,58747.25053908517
3010.0,190.96834249937558,624.3556358832564,-0.5735665512659978,-0.5855806823852845,-2.345830232236078,0.006219963974327237,-0.008661153114070605,0.008304146222802991,20000.0,-5000.0,58783.8929711851
3011.0,190.3966586747207,623.7670247417443,-0.5697976151503212,-0.5916272566003045,-2.3374011339323433,0.0034049802765582977,-0.007157289133372748,0.008200531904991058,20000.0,-5000.0,58820.885069259544
3012.0,189.82874726907494,623.1723813700557,-0.5660217362306526,-0.5976449957375962,-2.3290256476066067,0.003341264071196169,-0.006066674153476586,0.008327979421465308,20000.0,-5000.0,58858.22589014053
3013.0,189.2646152022594,622.5717347502691,-0.5622389605146054,-0.6036336065008641,-2.320704106495184,0.0039096298782050724,-0.005907451313407556,0.008339195540318723,20000.0,-5000.0,58895.914470826014
3014.0,188.70426934804573,621.965114157054,-0.5584493340941208,-0.6095927970135335,-2.31243680771236,0.004819916297021184,-0.004192980671546031,0.008277752681735957,20000.0,-5000.0,58933.949828173834
3015.0,188.14771653407115,621.352549156242,-0.5546529031448415,-0.6155222768334738,-2.304224012999674,0.0032103422236719856,-0.005308334921385277,0.008126035032341687,20000.0,-5000.0,58972.33095859883
3016.0,187.59496354175604,620.7340696033871,-0.5508497139250039,-0.621421756966015,-2.2960659495008313,0.003150249023675505,-0.005799532614592863,0.008133101305152412,20000.0,-5000.0,59011.056837773125
3017.0,187.04601710622114,620.10970564231,-0.5470398127752674,-0.627290949878784,-2.2879628105577625,0.004912871762256352,-0.005887598136119117,0.007848860127947915,20000.0,-5000.0,59050.12642032999
3018.0,186.5008839162055,619.4794877036295,-0.5432232461180035,-0.6331295695156882,-2.2799147565259323,0.004213718725516901,-0.004674671823176322,0.008077238259078459,20000.0,-5000.0,59089.53863957119
3019.0,185.95957061398514,618.8434465032786,-0.5394000604569271,-0.638937331310558,-2.2719219156065473,0.0016996430500668398,-0.006405996091270809,0.007985105563567067,20000.0,-5000.0,59129.29240717831
3020.0,185.42208379529166,618.2016130410084,-0.5355703023764988,-0.644713952201414,-2.2639843846917898,0.002558426850433329,-0.005906826172080531,0.008153418923393382,20000.0,-5000.0,59169.38661292783
3021.0,184.88843000923214,617.5540185988758,-0.5317340185407886,-0.6504591506437123,-2.2561022302215648,0.005401037289018641,-0.006862341558512627,0.007855370909774454,20000.0,-5000.0,59209.820124410406
3022.0,184.35861575821008,616.900694739721,-0.5278912556937598,-0.6561726466244977,-2.2482754890496577,0.004264045572194619,-0.004221627115834027,0.007682692409059402,20000.0,-5000.0,59250.591786754434
3023.0,183.83264749784462,616.2416733056268,-0.5240420606584735,-0.6618541616763309,-2.240504169315614,0.0030595878225198126,-0.005257127457832247,0.007737358948845482,20000.0,-5000.0,59291.700422354064
3024.0,183.31053163689313,615.5769864163683,-0.520186480336065,-0.6675034188900781,-2.232788251321577,0.0036814974782807992,-0.006368922615130119,0.007647785559439693,20000.0,-5000.0,59333.14483060169
3025.0,182.7922745371725,614.9066664678467,-0.5163245617055736,-0.6731201429288944,-2.2251276884112556,0.0038788324121870345,-0.005719371218823318,0.007686570518817071,20000.0,-5000.0,59374.92378762535
3026.0,182.27788251348198,614.2307461305105,-0.5124563518232037,-0.6787040600415821,-2.217522407849123,0.004636606694105335,-0.0050372631562027766,0.007581007197592774,20000.0,-5000.0,59417.03604603097
3027.0,181.76736183352608,613.5492583477635,-0.508581897821955,-0.684254898075892,-2.209972311698415,0.0024647516520540013,-0.005794949080659404,0.007367070751837112,20000.0,-5000.0,59459.480334649656
3028.0,181.26071871783807,612.8622363343587,-0.5047012469107699,-0.689772386491768,-2.202477277695388,0.003009010536893464,-0.006056609999881488,0.007265703124553889,20000.0,-5000.0,59502.25535829028
3029.0,180.75795933970454,612.16971357478,-0.5008144463742497,-0.6952562563748756,-2.195037160118956,0.00417376722779749,-0.006147471262620012,0.007445189919758467,20000.0,-5000.0,59545.35979749745
3030.0,180.25908982508957,611.471723821609,-0.49692154357163076,-0.700706240448767,-2.187651790654081,0.0037920870495041616,-0.005080336355363276,0.007528785324782974,20000.0,-5000.0,59588.79230831493
3031.0,179.76411625256128,610.7683010938824,-0.4930225859367283,-0.7061220730888067,-2.1803209792469476,0.004496781945449513,-0.005771055927977245,0.007313430444908744,20000.0,-5000.0,59632.55152205488
3032.0,179.27304465321612,610.0594796754314,-0.48911762097733913,-0.7115034903353603,-2.173044514950943,0.0026290698750480704,-0.005836055563200466,0.007349778046010762,20000.0,-5000.0,59676.63604507303
3033.0,178.7858810106066,609.3452941132117,-0.4852066962740764,-0.7168502299056172,-2.1658221667625583,0.004285348965146341,-0.006718978153117035,0.007320409489002314,20000.0,-5000.0,59721.04445854952
3034.0,178.30263126066797,608.6257792156201,-0.4812898594803414,-0.7221620312070058,-2.158653684445762,0.005055182196644616,-0.005213444697250109,0.007174609402218479,20000.0,-5000.0,59765.77531827633
3035.0,177.82330129164592,607.9009700507977,-0.47736715832152754,-0.7274386353497562,-2.1515387993436614,0.004431974877970109,-0.005447376954348591,0.006987710458479258,20000.0,-5000.0,59810.82715445067
3036.0,177.3478969440249,607.1709019449206,-0.47343864059456564,-0.7326797851596893,-2.144477225176876,0.004076099474208068,-0.005557858192509967,0.0070591738957738875,20000.0,-5000.0,59856.19847147503
3037.0,176.8764240104568,606.4356104804783,-0.46950435416729874,-0.7378852251907801,-2.137468658827599,0.0038374132580781357,-0.00498070650973517,0.0071311910211630455,20000.0,-5000.0,59901.88774776379
3038.0,176.4088882356903,605.695131494539,-0.4655643469775157,-0.7430547017368099,-2.130512781108852,0.0030744712143034245,-0.004373332547506532,0.006995096257114688,20000.0,-5000.0,59947.89343555648
3039.0,175.94529531650176,604.9495010770047,-0.4616186670329796,-0.7481879628447814,-2.12360925751792,0.0038736027813179898,-0.0043852933507633985,0.006969864580588689,20000.0,-5000.0,59994.21396073801
3040.0,175.48565090162435,604.1987555688495,-0.4576673624107741,-0.7532847583271405,-2.1167577389736305,0.0052643788378730445,-0.004503516638599454,0.006768613079234946,20000.0,-5000.0,60040.84772266602
3041.0,175.0299605916802,603.4429315603504,-0.45371048125616653,-0.7583448397730876,-2.109957862536932,0.003835837538344185,-0.005291934862777684,0.006749270261103035,20000.0,-5000.0,60087.793094005116
3042.0,174.57822993911202,602.6820658893033,-0.44974807178252263,-0.7633679605614248,-2.1032092521143886,0.0030396178201535376,-0.005594282677043101,0.006708519153487468,20000.0,-5000.0,60135.04842056878
3043.0,174.13046444811516,601.9161956392276,-0.44578018227062444,-0.7683538758723785,-2.0965115191441854,0.0034585934121684854,-0.00605302233195173,0.006666158626873168,20000.0,-5000.0,60182.6120211684
3044.0,173.68666957457077,601.1453581375586,-0.44180686106784606,-0.77330234269931,-2.089864263264223,0.004184927741465844,-0.005546595104181853,0.006766364815226621,20000.0,-5000.0,60230.48218746995
3045.0,173.24685072597947,600.369590953829,-0.43782815658798313,-0.7782131198612774,-2.083267072962326,0.0035928604328809197,-0.0048713735652963705,0.006282695802599581,20000.0,-5000.0,60278.65718385845
3046.0,172.8110132613948,599.588931897836,-0.43384411731008754,-0.783085968013495,-2.076719526208439,0.004491471734418829,-0.005671622223103449,0.006526709783472301,20000.0,-5000.0,60327.13524731031
3047.0,172.3791624913593,598.803419017802,-0.429854791778439,-0.7879206496601228,-2.070221191068292,0.004535781498200765,-0.004715566521463242,0.006464139035705686,20000.0,-5000.0,60375.91458727319
3048.0,171.95130367783793,598.0130905985158,-0.42586022860194817,-0.792716929166204,-2.0637716262986263,0.004921835569052971,-0.005781183544844134,0.0062561429324124816,20000.0,-5000.0,60424.9933855546
3049.0,171.5274420341554,597.2179851594695,-0.42186047645293456,-0.7974745727674417,-2.0573703819245233,0.005483040937149282,-0.0064658942542468985,0.006460218336595034,20000.0,-5000.0,60474.369796218045
3050.0,171.10758272493206,596.4181414529809,-0.41785558406712653,-0.8021933485829891,-2.0510169997979357,0.005043282854965107,-0.0038469197622930914,0.006240270850408174,20000.0,-5000.0,60524.04194548789
3051.0,170.69173086602115,595.6135984623036,-0.4138456002429223,-0.8068730266265902,-2.044711014138069,0.0030407541950114784,-0.005153478553096452,0.006238461253523861,20000.0,-5000.0,60574.007931662425
3052.0,170.2798915244462,594.8043953997277,-0.40983057384070776,-0.8115133788171534,-2.038451952053878,0.0030777097909044314,-0.005491218667786318,0.006464004533779522,20000.0,-5000.0,60624.2658250355
3053.0,169.87206971833973,593.9905717046693,-0.4058105537823451,-0.8161141789906878,-2.032239334047973,0.003943678519108067,-0.0057186796745240295,0.006314283072415269,20000.0,-5000.0,60674.81366782682
3054.0,169.46827041688152,593.1721670417463,-0.40178558905034834,-0.8206752029103654,-2.0260726745032436,0.0035581214584886572,-0.004101002798502848,0.006214825343187988,20000.0,-5000.0,60725.64947412098
3055.0,169.06849854023903,592.3492212988485,-0.3977557286876561,-0.8251962282781165,-2.019951482151604,0.0028482504550806365,-0.0030708024894133493,0.0061456999709842705,20000.0,-5000.0,60776.77122981512
3056.0,168.6727589595062,591.5217745851901,-0.3937210217970346,-0.8296770347461688,-2.0138752605249515,0.003577678834978743,-0.0048798460305463755,0.006033663157059616,20000.0,-5000.0,60828.17689257582
3057.0,168.28105649664496,590.6898672293562,-0.3896815175399979,-0.8341174039260864,-2.007843508389597,0.0035483126074092705,-0.004644261068692021,0.006256520156878147,20000.0,-5000.0,60879.864391804804
3058.0,167.89339592442622,589.8535397773379,-0.3856372651366655,-0.8385171194004784,-2.001855720163376,0.003347777860809412,-0.0032646210727584335,0.006065059283521691,20000.0,-5000.0,60931.83162861376
3059.0,167.50978196637163,589.0128329905552,-0.3815883138649667,-0.842875966733402,-1.9959113863160685,0.0037228068756472313,-0.0062214463169071935,0.005830358690325381,20000.0,-5000.0,60984.07647580846
3060.0,167.13021929669628,588.1677878438711,-0.3775347130600437,-0.8471937334808217,-1.990009993753611,0.005281669246595245,-0.0022512782766932007,0.005707388661371123,20000.0,-5000.0,61036.596777881925
3061.0,166.75471254025155,587.3184455235936,-0.37347651211391053,-0.8514702092011817,-1.9841510261864612,0.004267714201211166,-0.0017134894229593749,0.005907970049337977,20000.0,-5000.0,61089.39035101713
3062.0,166.38326627246846,586.4648474254687,-0.36941376047425933,-0.855705185464501,-1.9783339644820317,0.006636060148562155,-0.007029126557168081,0.0057894745922616574,20000.0,-5000.0,61142.45498309916
3063.0,166.01588501930303,585.6070351526646,-0.3653465076444036,-0.8598984558640836,-1.9725582870017209,0.004246833128872526,-0.004273733489429675,0.0055788971404377,20000.0,-5000.0,61195.78843373657
3064.0,165.65257325717965,584.7450505137406,-0.36127480318273797,-0.864049816026295,-1.9668234699232892,0.003772192887354413,-0.004878118291769277,0.0057675430090195065,20000.0,-5000.0,61249.38843429261
3065.0,165.29333541293755,583.878935520612,-0.35719869670160165,-0.8681590636194869,-1.9611289875483024,0.004082581485258891,-0.00436349413762423,0.005641377103358032,20000.0,-5000.0,61303.252687925946
3066.0,164.93817586377645,583.0087323865016,-0.3531182378670792,-0.8722259983646836,-1.955474312595437,0.004349400874866981,-0.0044808634084046815,0.005700526704936824,20000.0,-5000.0,61357.37886964086
3067.0,164.5870989372034,582.1344835238826,-0.34903347639826166,-0.8762504220452456,-1.9498589164797346,0.004539618308024679,-0.003158716976593649,0.005650538176877377,20000.0,-5000.0,61411.764626347605
3068.0,164.24010891097993,581.2562315424111,-0.3449444620667066,-0.880232138516476,-1.9442822695784856,0.006251211928534166,-0.004077355683490955,0.005482469557881923,20000.0,-5000.0,61466.407576932026
3069.0,163.89721001306998,580.3740192468497,-0.34085124469581274,-0.8841709537152838,-1.9387438414837923,0.0032160319212800733,-0.004864750816898953,0.005597685701573395,20000.0,-5000.0,61521.30531233533
3070.0,163.5584064215883,579.4878896349805,-0.33675387415993896,-0.8880666756689948,-1.933243101242359,0.004992960895273429,-0.004053179187963815,0.005420713783790418,20000.0,-5000.0,61576.455395643614
3071.0,163.2237022647501,578.5978858955117,-0.3326524003843474,-0.8919191145055834,-1.9277795175830748,0.004319592671257488,-0.0032952493851317655,0.005391847624905647,20000.0,-5000.0,61631.85536218723
3072.0,162.8931016208196,577.7040514059694,-0.32854687334435084,-0.8957280824629947,-1.9223525591320703,0.002473347717994243,-0.0050183901662748396,0.0053432220514340635,20000.0,-5000.0,61687.50271965006
3073.0,162.5666085180614,576.8064297305857,-0.32443734306431793,-0.8994933938974441,-1.916961694616265,0.004913150979827264,-0.005455725184962317,0.005512660454358265,20000.0,-5000.0,61743.39494818888
3074.0,162.24422693469097,575.9050646181745,-0.32032385961764476,-0.9032148652928527,-1.9116063930560645,0.005433956540868402,-0.0016267046639600303,0.005303158938416952,20000.0,-5000.0,61799.52950056243
3075.0,161.9259607988261,575.0,-0.3162064731258454,-0.9068923152698858,-1.906286123946331,0.003227718915628379,-0.0043235712442765365,0.005472395714250386,20000.0,-5000.0,61855.903802270695
3076.0,161.61181398843928,574.0912799876347,-0.31208523375798336,-0.910525564594991,-1.901000357427037,0.004113848114597961,-0.003753928485644231,0.005488885709588197,20000.0,-5000.0,61912.515251704055
3077.0,161.30179033131014,573.17894887081,-0.3079601917300465,-0.9141144361886404,-1.8957485644438332,0.0023322870101501712,-0.0039803630789717395,0.005143902412938427,20000.0,-5000.0,61969.36122030236
3078.0,160.9958936049792,572.2630511152574,-0.3038313973044069,-0.9176587551344824,-1.8905302168984257,0.0028212950269666014,-0.0029518615591232348,0.004841398320294212,20000.0,-5000.0,62026.43905272416
3079.0,160.69412753670133,571.343631360541,-0.2996989007889965,-0.9211583486869586,-1.8853447877895722,0.005224432767044531,-0.0016331740442775504,0.005298139266583165,20000.0,-5000.0,62083.74606702578
3080.0,160.3964958034012,570.4207344178835,-0.2955627525369948,-0.9246130462809674,-1.880191751344623,0.0036528047164829246,-0.002828945902784952,0.005094898403912471,20000.0,-5000.0,62141.27955485036
3081.0,160.10300203162734,569.4944052679791,-0.29142300294620327,-0.9280226795397084,-1.8750705831424077,0.0029882010666701362,-0.004966349012263842,0.004998596535471972,20000.0,-5000.0,62199.036781627176
3082.0,159.8136497975088,568.5646890588041,-0.2872797024580791,-0.9313870822822423,-1.8699807602272251,0.0043837244219290545,-0.004781404672653838,0.005001755251922646,20000.0,-5000.0,62257.01498678027
3083.0,159.52844262671118,567.6316311034146,-0.28313290155742266,-0.9347060905324724,-1.8649217612147173,0.0036051373472177762,-0.003711214253700169,0.004992653328373258,20000.0,-5000.0,62315.2113839477
3084.0,159.24738399439394,566.6952768777392,-0.2789826507717521,-0.9379795425264206,-1.859893066389953,0.00366222420976795,-0.003529597475573615,0.005173892737907557,20000.0,-5000.0,62373.623161210184
3085.0,158.97047732516768,565.7556720183618,-0.27482900067050764,-0.9412072787208103,-1.8548941577972433,0.004924336125045179,-0.004995891223252708,0.00500400872548228,20000.0,-5000.0,62432.24748132977
3086.0,158.69772599305293,564.8128623202975,-0.27067200186465357,-0.9443891418005705,-1.8499245193232543,0.0029502681984817144,-0.0023066096337335334,0.005113673802579035,20000.0,-5000.0,62491.08148199838
3087.0,158.42913332143837,563.8668937347607,-0.2665117050058825,-0.9475249766855427,-1.8449836367728158,0.0032202028243586422,-0.004242683204399319,0.004987754085621522,20000.0,-5000.0,62550.12227609603
3088.0,158.16470258304116,562.9178123669265,-0.2623481607859901,-0.9506146305397465,-1.8400709979373244,0.004325409193997257,-0.0015132269809304678,0.0048606088379652985,20000.0,-5000.0,62609.36695195871
3089.0,157.9044369998664,561.9656644736812,-0.25818141993659083,-0.9536579527782578,-1.8351860926575856,0.0051766476095845,-0.0011263470700220177,0.0048231172132971005,20000.0,-5000.0,62668.812573656185
3090.0,157.64833974316798,561.0104964613699,-0.25401153322806636,-0.9566547950734616,-1.8303284128797344,0.005459309528171681,-0.0032317507774375074,0.004913630030013865,20000.0,-5000.0,62728.456181279114
3091.0,157.39641393341026,560.0523548835342,-0.2498385514691961,-0.9596050113635783,-1.8254974527051482,0.003482738377839936,-0.002470232988128278,0.0049191037511341395,20000.0,-5000.0,62788.29479123574
3092.0,157.1486626402296,559.0912864386428,-0.24566252550644663,-0.9625084578593146,-1.820692708434721,0.005152537437959379,-0.004161403589176207,0.004914904638151877,20000.0,-5000.0,62848.32539655829
3093.0,156.90508888239737,558.1273379678156,-0.24148350622328962,-0.9653649930507413,-1.8159136786075212,0.003364863067428132,-0.0021842915575669523,0.004734144839338913,20000.0,-5000.0,62908.54496721846
3094.0,156.665695627783,557.1605564525413,-0.23730154453988916,-0.9681744777145127,-1.8111598640343842,0.006082943271524424,-0.0033040869333190257,0.004763078143840103,20000.0,-5000.0,62968.950450452394
3095.0,156.4304857933176,556.1909890123866,-0.23311669141205016,-0.9709367749198918,-1.8064307678259568,0.0030069788064420793,-0.0038695264893475623,0.004789062730539548,20000.0,-5000.0,63029.53877109479
3096.0,156.1994622449589,555.2186829027015,-0.228928997830792,-0.9736517500364243,-1.8017258954160538,0.005570908595357344,-0.0029922003659511452,0.004645620187578808,20000.0,-5000.0,63090.30683192218
3097.0,155.972627797656,554.2436855123137,-0.22473851482197915,-0.9763192707405324,-1.7970447545806556,0.003509006653976614,-0.0031281773577503252,0.004529453156637648,20000.0,-5000.0,63151.25151400529
3098.0,155.74998521531495,553.2660443612205,-0.22054529344532625,-0.9789392070207441,-1.792386855452111,0.006288647959282087,-0.002934295525540764,0.004547017360092352,20000.0,-5000.0,63212.36967707016
3099.0,155.53153721076535,552.2858070982722,-0.21634938479388666,-0.9815114311850266,-1.7877517105290386,0.004812290346454373,-0.0015604936809239765,0.0045942633778163445,20000.0,-5000.0,63273.65815986825
3100.0,155.31728644572718,551.3030214988504,-0.2121508399934271,-0.9840358178669248,-1.7831388346823012,0.00314302535859277,-0.0033172459276327973,0.004683707930339646,20000.0,-5000.0,63335.113780555264
3101.0,155.1072355307785,550.3177354625384,-0.20794971020194453,-0.9865122440313598,-1.7785477451572687,0.0036591891327624653,-0.0006476973805002947,0.004735811267235677,20000.0,-5000.0,63396.733337078374
3102.0,154.9013870253233,549.3299970107877,-0.20374604660892714,-0.988940588980995,-1.7739779615719744,0.005017452316771498,-0.003782508999410155,0.004392015205809885,20000.0,-5000.0,63458.513607572095
3103.0,154.69974343756064,548.3398542845764,-0.1995399004345586,-0.9913207343612385,-1.7694290059119253,0.005302272359557509,-0.0006756940670964138,0.004465059137114568,20000.0,-5000.0,63520.45135076247
3104.0,154.50230722445417,547.3473555420652,-0.19533132292943378,-0.9936525641672347,-1.7649004025216017,0.004136212544456761,-0.0033649410628721747,0.004474498876810356,20000.0,-5000.0,63582.54330637937
3105.0,154.30908079170177,546.3525491562419,-0.19112036537384824,-0.9959359647493216,-1.7603916780926152,0.0042585733402451175,-0.0022601842412755626,0.004597099179281682,20000.0,-5000.0,63644.78619557711
3106.0,154.12006649370647,545.3554836125666,-0.18690707907691717,-0.9981708248174641,-1.7559023616487883,0.005003227655518196,-0.0027204139677841424,0.004414670857485115,20000.0,-5000.0,63707.1767213625
3107.0,153.93526663354794,544.356207506607,-0.18269151537620587,-1.0003570354479052,-1.7514319845283595,0.004353767157910484,-0.0025193628059298405,0.004408105907702638,20000.0,-5000.0,63769.71156903141
3108.0,153.75468346295406,543.3547695416707,-0.17847372563701924,-1.002494490087713,-1.7469800803634434,0.002873434998166076,-0.0012794909778096868,0.004268640909969285,20000.0,-5000.0,63832.38740661225
3109.0,153.5783191822739,542.3512185264316,-0.17425376125183334,-1.0045830845603518,-1.7425461850567638,0.0033754091911510223,-0.0005040651878803226,0.004484780751507325,20000.0,-5000.0,63895.200885317354
3110.0,153.4061759404504,541.34560337255,-0.17003167363961325,-1.006622717071025,-1.7381298367557798,0.004467684054783227,-0.0007767748061252666,0.0043878858051329215,20000.0,-5000.0,63958.148640001615
3111.0,153.23825583499467,540.3379730922895,-0.16580751424501727,-1.008613288210256,-1.733730575824567,0.005489456390795541,-0.002387104192991717,0.004310228039873566,20000.0,-5000.0,64021.22728962812
3112.0,153.07456091196036,539.3283767961295,-0.16158133453816959,-1.0105547009605402,-1.7293479448134383,0.005908031962747733,-0.0017251327505051184,0.004342516285944706,20000.0,-5000.0,64084.43343774091
3113.0,152.91509316591834,538.3168636903685,-0.15735318601380754,-1.0124468607007202,-1.724981488426162,0.0050399364994826445,-0.002680967229145092,0.004497682027556396,20000.0,-5000.0,64147.763672944646
3114.0,152.75985453993275,537.3034830747281,-0.15312312019054275,-1.0142896752091701,-1.7206307534853762,0.004529824849703791,-0.0028494603300084137,0.004219083240177973,20000.0,-5000.0,64211.21456939053
3115.0,152.60884692553725,536.2882843399501,-0.14889118861034945,-1.016083054669764,-1.7162952888958198,0.005011719167560059,-0.0029609457653344117,0.004224181850410063,20000.0,-5000.0,64274.78268726914
3116.0,152.46207216271205,535.2713169653886,-0.1446574428379961,-1.0178269116757974,-1.711974645605958,0.003541104639717239,-0.002174196167085146,0.004468000914991307,20000.0,-5000.0,64338.46457330922
3117.0,152.31953203986126,534.2526305165985,-0.14042193446036322,-1.0195211612341382,-1.7076683765676768,0.0040769803392318215,-0.0014097766737587994,0.004308656086109579,20000.0,-5000.0,64402.25676128264
3118.0,152.18122829379132,533.2322746429203,-0.13618471508578978,-1.0211657207693747,-1.7033760366943247,0.0033808275870630356,-0.00360825339674307,0.004368253515491523,20000.0,-5000.0,64466.155772515165
3119.0,152.04716260968968,532.2102990750598,-0.13194583634350465,-1.0227605101283075,-1.6990971828171961,0.0029408000936834147,-0.0016180803173167302,0.0043219131021066505,20000.0,-5000.0,64530.158116403174
3120.0,151.9173366211043,531.1867536226637,-0.12770534988277404,-1.0243054515826202,-1.6948313736404634,0.004588206259514239,5.691717846933813e-05,0.004255145803376651,20000.0,-5000.0,64594.26029093549
3121.0,151.79175190992413,530.1616881718945,-0.12346330737261724,-1.025800469833996,-1.6905781696949143,0.0044357567847430205,-0.0003030618305042993,0.004204135391474889,20000.0,-5000.0,64658.458783220616
3122.0,151.67041000635908,529.1351526829957,-0.11921976050106764,-1.0272454920179257,-1.686337133290078,0.004959536517557167,-0.002028669503336308,0.004337796030148504,20000.0,-5000.0,64722.75007001934
3123.0,151.553312388922,528.1071971878587,-0.11497476097434856,-1.0286404477058113,-1.682107828465183,0.004813739473274713,-0.002822849025470789,0.004367104100679384,20000.0,-5000.0,64787.13061828161
3124.0,151.44046048441038,527.0778717875841,-0.11072836051647528,-1.0299852689095133,-1.6778898209390263,0.0044994620516436755,-0.000841427634984766,0.00434637858970161,20000.0,-5000.0,64851.59688568872
3125.0,151.33185566788904,526.0472266500396,-0.10648061086843086,-1.0312798900843063,-1.6736826780584857,0.0048273644734722135,-0.003679967952894249,0.0040556229937146185,20000.0,-5000.0,64916.145321199336
3126.0,151.22749926267352,525.0153120074154,-0.10223156378776821,-1.0325242481321197,-1.6694859687463302,0.0042052729892820715,-6.446679519030011e-05,0.004352750830349818,20000.0,-5000.0,64980.77236560005
3127.0,151.1273925403135,523.9821781537754,-0.09798127104781429,-1.0337182824050046,-1.6652992634476191,0.004680359612847567,-0.0013910067745282794,0.00413774332343123,20000.0,-5000.0,65045.47445205984
3128.0,151.0315367205779,522.9478754426054,-0.09372978443693114,-1.0348619347068961,-1.6611221340753655,0.0034967568688758716,0.0007863978074788391,0.004079373972456267,20000.0,-5000.0,65110.24800668841
3129.0,150.93993297143965,521.9124542843616,-0.08947715575820325,-1.0359551492978767,-1.6569541539554753,0.004637724275784963,-0.002864276229412846,0.004142720843137087,20000.0,-5000.0,65175.08944909762
3130.0,150.85258240906148,520.8759651440097,-0.08522343682855649,-1.0369978728966203,-1.652794897770484,0.004949494337593615,-6.244077741127975e-05,0.004257678624721493,20000.0,-5000.0,65239.99519296688
3131.0,150.76948609778253,519.8384585385684,-0.08096867947827491,-1.037990054681984,-1.6486439415029426,0.003558679956585557,-0.0010714311985067738,0.004213718227062202,20000.0,-5000.0,65304.961646611
3132.0,150.69064505010493,518.7999850346457,-0.07671293555017655,-1.0389316462965894,-1.6445008623775765,0.004310124566920751,-0.001260616557349395,0.004107833240615541,20000.0,-5000.0,65369.98521355117
3133.0,150.61606022668218,517.7605952459752,-0.07245625689915869,-1.039822601848357,-1.6403652388032746,0.0036084784900649305,-0.002290461649496678,0.004235485236952133,20000.0,-5000.0,65435.06229308851
3134.0,150.54573253630662,516.720339830949,-0.06819869539151568,-1.0406628779134621,-1.6362366503141073,0.003710329842215769,-0.00019524728527062327,0.004142541318604052,20000.0,-5000.0,65500.18928087979
3135.0,150.47966283589915,515.6792694901483,-0.06394030290428532,-1.0414524335384385,-1.632114677509843,0.003088684169107116,-6.0890302746721e-05,0.004048161793798549,20000.0,-5000.0,65565.3625695155
3136.0,150.41785193049805,514.6374349638721,-0.059681131324651915,-1.0421912302406895,-1.6279989019960492,0.005576133886533227,0.0011434055651302528,0.0040255045410669,20000.0,-5000.0,65630.57854909959
3137.0,150.36030057324984,513.5948870296669,-0.05542123254923581,-1.0428792320124671,-1.6238889063233608,0.005368711313923628,0.00038593826615948156,0.004157942517771082,20000.0,-5000.0,65695.83360783088
3138.0,150.30700946539957,512.5516764998472,-0.05116065848361018,-1.043516405322066,-1.6197842739266692,0.0048198988173781985,-0.0012294851476055161,0.00409197483429622,20000.0,-5000.0,65761.12413258583
3139.0,150.25797925628262,511.50785421902276,-0.04689946104153364,-1.0441027191141927,-1.6156845890636267,0.006312867339605747,-0.0016050397280057433,0.003927662798679949,20000.0,-5000.0,65826.44650950242
3140.0,150.2132105433165,510.4634710616188,-0.04263769214435342,-1.0446381448128363,-1.6115894367527843,0.004065184312690361,-0.0019334081261002014,0.004197644269017127,20000.0,-5000.0,65891.79712456503
3141.0,150.17270387199392,509.4185779293971,-0.03837540372026638,-1.045122656322036,-1.6074984027113381,0.007416016891613516,0.0010733350950698777,0.004029909348540914,20000.0,-5000.0,65957.17236418968
3142.0,150.13645973587597,508.37322574897473,-0.03411264770400635,-1.0455562300274437,-1.603411073292908,0.00402629859576966,-0.0012175140150599913,0.004282172566184995,20000.0,-5000.0,66022.56861580988
3143.0,150.1044785765859,507.3274654693422,-0.029849476035963107,-1.0459388447975186,-1.599327035424499,0.0045287934749472574,0.0011825385355330755,0.003909450589583333,20000.0,-5000.0,66087.98226846234
3144.0,150.07676078380405,506.2813480593797,-0.025585940661414952,-1.0462704819836404,-1.5952458765433275,0.0038499416378439504,0.00024001458247111267,0.004057623580335656,20000.0,-5000.0,66153.40971337292
3145.0,150.05330669526307,505.2349245053749,-0.021322093530272923,-1.0465511254222406,-1.5911671845338455,0.004651252323007081,8.800951745797133e-05,0.003991277803245874,20000.0,-5000.0,66218.8473445417
3146.0,150.0341165967435,504.1882458085352,-0.017057986596171304,-1.0467807614357127,-1.5870905476639865,0.005133377652519339,-0.0005233164880951472,0.003955434781899948,20000.0,-5000.0,66284.29155932789
3147.0,150.01919072207073,503.1413629825035,-0.012793671815842345,-1.0469593788317013,-1.58301555452153,0.004145902324660566,0.0005340967204207572,0.004014300352039274,20000.0,-5000.0,66349.73875903359
3148.0,150.00852925311182,502.0943270508718,-0.008529201148689936,-1.0470869689046083,-1.5789417939504669,0.006112581878475866,-0.00011816525173508595,0.004291861562372589,20000.0,-5000.0,66415.18534948623
3149.0,150.00213231977335,501.0471890446943,-0.004264626555908535,-1.047163525435849,-1.574868854986843,0.004513352254559587,-0.0004350759518066997,0.004090427380076012,20000.0,-5000.0,66480.62774162016
3150.0,150.0,500.0000000000001,0.0,-1.0471890446941643,-1.5707963267948974,0.004545972554377802,0.0007239509846509702,0.003974820799234704,20000.0,-5000.0,66546.06235205587
3151.0,150.00213231977335,498.95281095530595,0.004264626555908535,-1.0471635254360763,-1.5667237986029527,0.003319104525013005,-9.871502695151516e-05,0.0038470563009913796,20000.0,-5000.0,66611.48560367792
3152.0,150.00852925311182,497.90567294912796,0.008529201148689936,-1.047086968904864,-1.5626508596393303,0.004699825407987867,-0.0007283164599764285,0.003860910537133943,20000.0,-5000.0,66676.89392621044
3153.0,150.01919072207073,496.8586370174962,0.012793671815842345,-1.0469593788317297,-1.5585770990682652,0.004124984000766981,0.0007770149390864462,0.004008170108151044,20000.0,-5000.0,66742.28375679004
3154.0,150.0341165967435,495.8117541914645,0.017057986596171304,-1.0467807614357127,-1.5545021059258084,0.003631548899318026,0.00013757187740467129,0.003997609408023234,20000.0,-5000.0,66807.65154053649
3155.0,150.05330669526307,494.7650754946248,0.021322093530272923,-1.0465511254222406,-1.5504254690559496,0.00345632538538151,0.000763680602998831,0.004050013576895625,20000.0,-5000.0,66872.99373112018
3156.0,150.07676078380405,493.71865194062,0.025585940661414952,-1.0462704819833561,-1.546346777046461,0.007042732097014842,-0.0001659430663814009,0.0037995074831275264,20000.0,-5000.0,66938.30679132653
3157.0,150.1044785765859,492.6725345306581,0.029849476035963107,-1.0459388447972344,-1.542265618165288,0.003989297051585513,-0.0009005443369839363,0.004071283636054433,20000.0,-5000.0,67003.58719361699
3158.0,150.13645973587597,491.62677425102555,0.03411264770400635,-1.0455562300274437,-1.5381815802968868,0.0027474770949383644,0.0022128354230039424,0.004212519284606065,20000.0,-5000.0,67068.83142068629
3159.0,150.17270387199392,490.5814220706032,0.03837540372026638,-1.0451226563223202,-1.534094250878467,0.0035362655577855107,0.0020677540346684268,0.004289462110190168,20000.0,-5000.0,67134.03596601603
3160.0,150.2132105433165,489.5365289383809,0.04263769214435342,-1.0446381448130921,-1.5300032168370206,0.004208390253416958,0.00142923957072905,0.0038592931075981177,20000.0,-5000.0,67199.197334424
3161.0,150.25797925628262,488.492145780977,0.04689946104153364,-1.0441027191141927,-1.5259080645261685,0.004830100144975427,0.0001574875663027441,0.0039985159698280185,20000.0,-5000.0,67264.31204260902
3162.0,150.30700946539957,487.4483235001525,0.0511606584836386,-1.043516405322066,-1.5218083796630986,0.004837958636038117,0.0002993671181238817,0.0039967347119186005,20000.0,-5000.0,67329.37661969141
3163.0,150.3603005732499,486.4051129703329,0.05542123254923581,-1.0428792320124955,-1.5177037472664356,0.004964018607715109,0.0021004186231902942,0.004125298013671956,20000.0,-5000.0,67394.38760774862
3164.0,150.41785193049805,485.36256503612753,0.05968113132462349,-1.0421912302404337,-1.513593751593759,0.003588782241652052,0.0003453621071963559,0.003962349307529747,20000.0,-5000.0,67459.34156234539
3165.0,150.47966283589915,484.320730509852,0.06394030290428532,-1.0414524335381259,-1.5094779760799337,0.004612891946258154,0.00010622154273141242,0.00432648801138942,20000.0,-5000.0,67524.23505305912
3166.0,150.54573253630662,483.2796601690513,0.06819869539148726,-1.0406628779134905,-1.5053560032757167,0.0033467417244588526,0.00276232506267845,0.004130651903565337,20000.0,-5000.0,67589.06466399957
3167.0,150.61606022668212,482.23940475402503,0.07245625689915869,-1.0398226018483285,-1.5012274147865186,0.0036125970008383536,0.0008160237577967125,0.00411690812765404,20000.0,-5000.0,67653.82699432236
3168.0,150.69064505010493,481.2000149653546,0.07671293555020497,-1.0389316462968168,-1.4970917912122073,0.0033016541822623105,0.002755705268860753,0.004335913590757063,20000.0,-5000.0,67718.51865873733
3169.0,150.76948609778253,480.1615414614314,0.08096867947830333,-1.0379900546822967,-1.4929487120868485,0.0030191452300262905,-0.0004876538723973516,0.004145037204358266,20000.0,-5000.0,67783.13628801
3170.0,150.85258240906154,479.12403485599003,0.08522343682855649,-1.0369978728966203,-1.4887977558193108,0.005361178095284174,0.0015564438936765577,0.004204509036662474,20000.0,-5000.0,67847.67652945677
3171.0,150.93993297143965,478.08754571563816,0.08947715575817483,-1.0359551492978767,-1.484638499634347,0.00496943485383455,0.003222210439280867,0.004070959573605809,20000.0,-5000.0,67912.13604743386
3172.0,151.0315367205779,477.0521245573943,0.09372978443693114,-1.0348619347066688,-1.4804705195144099,0.005267938382905372,0.0011493787522664743,0.004003416406040664,20000.0,-5000.0,67976.51152381898
3173.0,151.1273925403135,476.0178218462248,0.09798127104778587,-1.0337182824047488,-1.47629339014218,0.004291781251753042,0.000894238405489166,0.004106590522174778,20000.0,-5000.0,68040.79965848617
3174.0,151.22749926267346,474.9846879925848,0.10223156378776821,-1.0325242481321197,-1.472106684843465,0.0050576682306708925,4.556308723208851e-06,0.004461609462131513,20000.0,-5000.0,68104.99716977347
3175.0,151.33185566788904,473.9527733499606,0.10648061086843086,-1.031279890084278,-1.4679099755313065,0.002416389126202796,0.002395291236599569,0.004280049373310867,20000.0,-5000.0,68169.10079494302
3176.0,151.44046048441032,472.9221282124162,0.1107283605165037,-1.029985268909769,-1.4637028326507677,0.005144817526334431,0.0005186706869709265,0.004246456485129569,20000.0,-5000.0,68233.10729063344
3177.0,151.55331238892205,471.89280281214104,0.1149747609744054,-1.0286404477060955,-1.459484825124588,0.004429931592126429,0.0012712731041148461,0.0041031586011638565,20000.0,-5000.0,68297.01343330485
3178.0,151.67041000635913,470.86484731700403,0.11921976050103922,-1.0272454920179257,-1.4552555202997441,0.004896562696667714,0.00013591854128421413,0.004347631188077853,20000.0,-5000.0,68360.81601967514
3179.0,151.79175190992413,469.8383118281052,0.12346330737261724,-1.025800469833996,-1.4510144838948809,0.004638076802208591,0.003089427728400123,0.004079562611773531,20000.0,-5000.0,68424.51186714899
3180.0,151.91733662110437,468.81324637733604,0.12770534988274562,-1.024305451582336,-1.4467612799493248,0.0032145767889336834,0.002721236473672062,0.004066110773258363,20000.0,-5000.0,68488.09781423755
3181.0,152.04716260968962,467.7897009249405,0.1319458363434478,-1.0227605101280233,-1.4424954707726183,0.0026814930726485435,0.0015370124567092541,0.004203357358535196,20000.0,-5000.0,68551.57072097033
3182.0,152.18122829379126,466.76772535708,0.1361847150858182,-1.0211657207693747,-1.438216616895443,0.003497404274552503,0.0004191837685565017,0.004526807273195395,20000.0,-5000.0,68614.92746929804
3183.0,152.31953203986126,465.74736948340177,0.14042193446039164,-1.0195211612341382,-1.4339242770220908,0.004823963889685842,0.0032669818078043924,0.004533530064228357,20000.0,-5000.0,68678.16496348662
3184.0,152.46207216271205,464.7286830346117,0.1446574428380245,-1.0178269116760816,-1.4296180079838487,0.004952427252776065,0.0013384285518070577,0.0042577674737830085,20000.0,-5000.0,68741.28013050217
3185.0,152.6088469255373,463.7117156600496,0.14889118861037787,-1.0160830546700765,-1.425297364693992,0.0028099703601071916,0.0006190368681898853,0.004244848736526054,20000.0,-5000.0,68804.2699203869
3186.0,152.7598545399328,462.69651692527157,0.15312312019054275,-1.0142896752091417,-1.4209619001044147,0.0032105059308948514,-1.4774131804632263e-05,0.004140657084005831,20000.0,-5000.0,68867.13130662552
3187.0,152.9150931659184,461.6831363096313,0.15735318601380754,-1.0124468607006634,-1.4166111651636244,0.0034768319063180762,0.0011955850018598947,0.004368225702332003,20000.0,-5000.0,68929.86128650222
3188.0,153.07456091196042,460.67162320387024,0.16158133453816959,-1.010554700960597,-1.4122447087763654,0.0038555124327232723,0.0004037410457962329,0.004394538246190541,20000.0,-5000.0,68992.45688144807
3189.0,153.23825583499473,459.6620269077101,0.16580751424498885,-1.0086132882100287,-1.4078620777652195,0.0028084292362425167,0.0013181634147480504,0.004488387804795504,20000.0,-5000.0,69054.91513737869
3190.0,153.4061759404504,458.6543966274502,0.1700316736395564,-1.0066227170707407,-1.4034628168340237,0.0027439730776884137,0.002789400286811906,0.004520198140333274,20000.0,-5000.0,69117.23312502187
3191.0,153.57831918227384,457.64878147356865,0.17425376125183334,-1.0045830845603518,-1.399046468533031,0.003366192118932902,0.0016736401446585387,0.00440075729079917,20000.0,-5000.0,69179.40794023531
3192.0,153.75468346295406,456.6452304583295,0.17847372563707609,-1.0024944900879404,-1.394612573226336,0.004308594188982646,0.00248299984819891,0.004511521034630971,20000.0,-5000.0,69241.4367043141
3193.0,153.935266633548,455.64379249339277,0.18269151537626271,-1.0003570354481894,-1.3901606690614308,0.002988678793371613,0.001409454420119163,0.0043746724073351765,20000.0,-5000.0,69303.31656428824
3194.0,154.1200664937066,454.6445163874331,0.18690707907691717,-0.9981708248174925,-1.385690291941012,0.004093971710681214,0.0022783211042095132,0.004546125035131812,20000.0,-5000.0,69365.04469320927
3195.0,154.30908079170183,453.6474508437578,0.19112036537381982,-0.9959359647492647,-1.3812009754971968,0.005313178080429009,0.004257159747428456,0.004436421193469018,20000.0,-5000.0,69426.618290427
3196.0,154.50230722445423,452.65264445793457,0.19533132292943378,-0.9936525641672347,-1.3766922510681932,0.002855718332797818,0.0019451365959848345,0.004575367254141079,20000.0,-5000.0,69488.03458185526
3197.0,154.6997434375607,451.6601457154233,0.19953990043450176,-0.9913207343610111,-1.3721636476778802,0.003992626807763171,0.0027558527598043354,0.004585491666300352,20000.0,-5000.0,69549.29082022712
3198.0,154.90138702532323,450.67000298921255,0.2037460466088703,-0.9889405889807392,-1.3676146920178247,0.005270807964827578,0.0007758584069560491,0.004567860913101544,20000.0,-5000.0,69610.38428533952
3199.0,155.10723553077844,449.68226453746183,0.20794971020197295,-0.9865122440313314,-1.363044908432493,0.0037673338609747952,0.004033527447440918,0.004678493415096805,20000.0,-5000.0,69671.31228428657
3200.0,155.31728644572718,448.6969785011499,0.21215083999348394,-0.9840358178671806,-1.3584538189074922,0.0036031334433488564,0.002004038846826551,0.004408174373608665,20000.0,-5000.0,69732.07215168269
3201.0,155.5315372107654,447.7141929017275,0.21634938479388666,-0.9815114311853108,-1.3538409430608174,0.005407439581773942,0.0036410204231404277,0.0044925854377820635,20000.0,-5000.0,69792.66124987394
3202.0,155.74998521531495,446.73395563877926,0.22054529344532625,-0.9789392070207157,-1.349205798137678,0.003876068215100246,0.002467953953548707,0.004613193039302876,20000.0,-5000.0,69853.0769691389
3203.0,155.97262779765606,445.75631448768604,0.22473851482200757,-0.976319270740504,-1.3445478990091053,0.00534069524165218,0.003279864179804882,0.004491401918611127,20000.0,-5000.0,69913.31672787809
3204.0,156.19946224495897,444.78131709729826,0.2289289978307636,-0.9736517500364243,-1.3398667581737689,0.00463527763635075,0.003389203034849469,0.00464279408346969,20000.0,-5000.0,69973.37797279234
3205.0,156.4304857933176,443.8090109876132,0.23311669141199332,-0.9709367749196645,-1.3351618857638405,0.0038296626977731094,0.0022680292979975216,0.004670749905150824,20000.0,-5000.0,70033.25817905006
3206.0,156.66569562778295,442.8394435474589,0.23730154453988916,-0.9681744777142569,-1.3304327895553496,0.004682358617867179,0.003921639933053028,0.004903087939402522,20000.0,-5000.0,70092.9548504427
3207.0,156.90508888239737,441.8726620321847,0.24148350622328962,-0.9653649930507129,-1.3256789749822668,0.0045138067845117945,0.0020435500697964758,0.0047840127710613405,20000.0,-5000.0,70152.4655195297
3208.0,157.14866264022953,440.9087135613575,0.24566252550647505,-0.9625084578595988,-1.320899945155117,0.0052393962448042015,0.003689160917359913,0.004918932468246886,20000.0,-5000.0,70211.78774777135
3209.0,157.39641393341032,439.9476451164655,0.24983855146928136,-0.9596050113638626,-1.3160952008846358,0.00360414098436985,0.002520958456012004,0.004855082929797866,20000.0,-5000.0,70270.91912565076
3210.0,157.6483397431681,438.9895035386298,0.2540115332280948,-0.9566547950734332,-1.3112642407100255,0.0042142948190948045,0.0033371227996559167,0.004778211449001623,20000.0,-5000.0,70329.85727278396
3211.0,157.9044369998665,438.0343355263186,0.25818141993659083,-0.953657952778201,-1.3064065609321944,0.004104328102853965,0.002539539179446903,0.004887794976639785,20000.0,-5000.0,70388.5998380192
3212.0,158.16470258304128,437.0821876330734,0.2623481607859617,-0.9506146305397749,-1.301521655652506,0.004897563848851998,0.0031184706718321705,0.004988793052417555,20000.0,-5000.0,70447.14449952412
3213.0,158.42913332143843,436.13310626523906,0.26651170500579724,-0.9475249766853437,-1.2966090168170077,0.0030955780347605255,0.0019948992362259967,0.0050740424260954506,20000.0,-5000.0,70505.48896486202
3214.0,158.69772599305287,435.1871376797027,0.2706720018645967,-0.9443891418002863,-1.2916681342665166,0.0052164588556104004,0.003416345951079245,0.004938931675525112,20000.0,-5000.0,70563.63097105625
3215.0,158.97047732516762,434.2443279816385,0.27482900067050764,-0.9412072787208388,-1.2866984957925598,0.004640377401938387,0.003250761715409053,0.004780948618610735,20000.0,-5000.0,70621.56828464355
3216.0,159.24738399439389,433.304723122261,0.2789826507717521,-0.937979542526449,-1.2816995871998502,0.002782147789542624,0.0026887521284873267,0.004801801865958049,20000.0,-5000.0,70679.2987017156
3217.0,159.52844262671113,432.3683688965856,0.2831329015575079,-0.9347060905326714,-1.2766708923750532,0.005405303209010912,0.0032389926557653305,0.005003563223732578,20000.0,-5000.0,70736.82004794932
3218.0,159.8136497975089,431.43531094119567,0.28727970245813594,-0.9313870822824981,-1.2716118933625913,0.006468847767178791,0.003481090561578119,0.00478588255575274,20000.0,-5000.0,70794.1301786258
3219.0,160.1030020316274,430.5055947320206,0.29142300294617485,-0.92802267953968,-1.2665220704474063,0.005183584954446339,0.0027459127896549847,0.005327035531016151,20000.0,-5000.0,70851.22697863753
3220.0,160.39649580340125,429.5792655821163,0.2955627525369948,-0.9246130462809674,-1.261400902245172,0.005622230419564191,0.0032982368968085722,0.0052107718921606035,20000.0,-5000.0,70908.10836248485
3221.0,160.6941275367014,428.65636863945866,0.29969890078891126,-0.921158348686788,-1.256247865800252,0.004223121623233924,0.002431218401879793,0.005090782940502571,20000.0,-5000.0,70964.77227426044
3222.0,160.99589360497907,427.73694888474273,0.30383139730435005,-0.9176587551342266,-1.251062436691342,0.002402427294614187,0.005961875882010281,0.005064942928183457,20000.0,-5000.0,71021.21668762283
3223.0,161.3017903313101,426.8210511291902,0.3079601917300465,-0.914114436188612,-1.2458440891459523,0.002208752084487834,0.004668239987785511,0.005361953952895908,20000.0,-5000.0,71077.43960575887
3224.0,161.61181398843917,425.9087200123655,0.31208523375798336,-0.9105255645950194,-1.2405922961627673,0.004388464874451034,0.003895119923333857,0.005131341986863362,20000.0,-5000.0,71133.43906133449
3225.0,161.92596079882605,425.00000000000017,0.31620647312595906,-0.9068923152701416,-1.23530652964344,0.0035035648071056833,0.004874525616997681,0.005177354972442261,20000.0,-5000.0,71189.21311643464
3226.0,162.24422693469108,424.0949353818252,0.32032385961773,-0.9032148652930232,-1.2299862605337062,0.0031641363430077152,0.001640736655895379,0.0052432573308212145,20000.0,-5000.0,71244.75986249237
3227.0,162.5666085180615,423.1935702694141,0.3244373430642895,-0.8994933938974157,-1.2246309589735478,0.0040462407551870895,0.0010830149342080007,0.005387162955406873,20000.0,-5000.0,71300.07742020614
3228.0,162.89310162081966,422.2959485940304,0.3285468733443224,-0.8957280824630232,-1.219240094457763,0.004747831117587998,0.00337181617674359,0.005485526215389599,20000.0,-5000.0,71355.16393944721
3229.0,163.22370226475016,421.4021141044881,0.3326524003843758,-0.8919191145055549,-1.213813136006682,0.0025924112934685756,0.002396786722318506,0.005592462808404505,20000.0,-5000.0,71410.0175991551
3230.0,163.55840642158842,420.5121103650193,0.3367538741598537,-0.8880666756687674,-1.208349552347435,0.0036325210632053976,0.003627974613046381,0.005611125426847904,20000.0,-5000.0,71464.63660722297
3231.0,163.89721001306987,419.62598075315054,0.34085124469569905,-0.8841709537150848,-1.2028488121060392,0.005665789428286936,0.0041311828053983,0.00551967965416714,20000.0,-5000.0,71519.01920037209
3232.0,164.2401089109798,418.7437684575891,0.3449444620667066,-0.8802321385164475,-1.1973103840112984,0.002972652161575143,0.004917637098981074,0.005683483599812412,20000.0,-5000.0,71573.16364401541
3233.0,164.58709893720328,417.86551647611765,0.34903347639837534,-0.876250422045473,-1.1917337371100376,0.004991572005909392,0.0028191021661413823,0.005513211154676763,20000.0,-5000.0,71627.06823211092
3234.0,164.93817586377656,416.99126761349817,0.35311823786716445,-0.872225998364911,-1.1861183409943645,0.0035784163315403443,0.004461355993293679,0.005410316241263429,20000.0,-5000.0,71680.7312870045
3235.0,165.2933354129376,416.1210644793878,0.35719869670160165,-0.8681590636194869,-1.1804636660414927,0.0046459912964365345,0.004103058641828236,0.005591752086485331,20000.0,-5000.0,71734.15115926205
3236.0,165.65257325717977,415.2549494862592,0.36127480318273797,-0.8640498160263235,-1.1747691836665177,0.00521529320993172,0.004491766488257079,0.0056151463632899724,20000.0,-5000.0,71787.32622749195
3237.0,166.01588501930308,414.3929648473352,0.36534650764437515,-0.8598984558640836,-1.1690343665881022,0.004840524586050275,0.0036316732871483435,0.0056772515966493345,20000.0,-5000.0,71840.25489815687
3238.0,166.38326627246852,413.535152574531,0.36941376047417407,-0.8557051854642737,-1.1632586891077505,0.005010666692724919,0.0056527945386808266,0.005677969880840018,20000.0,-5000.0,71892.93560537591
3239.0,166.75471254025143,412.68155447640663,0.37347651211382527,-0.8514702092009543,-1.1574416274033195,0.0028626436220356676,0.004148061232216021,0.005781107528156302,20000.0,-5000.0,71945.36681071643
3240.0,167.13021929669617,411.8322121561291,0.37753471306007214,-0.8471937334808501,-1.1515826598361685,0.005214276589192467,0.006142540967128454,0.005956698506512428,20000.0,-5000.0,71997.54700297643
3241.0,167.50978196637158,410.98716700944493,0.381588313865052,-0.842875966733601,-1.1456812672737313,0.003164345327683246,0.0035161824582489094,0.006134548941426634,20000.0,-5000.0,72049.47469795706
3242.0,167.89339592442627,410.1464602226619,0.3856372651367508,-0.8385171194006773,-1.139736933426425,0.0043165648038022975,0.005151934975381033,0.005753130136422292,20000.0,-5000.0,72101.14843822575
3243.0,168.28105649664508,409.3101327706436,0.38968151754002633,-0.8341174039260864,-1.1337491452001702,0.004310493697413602,0.004357978019522629,0.005850846452936823,20000.0,-5000.0,72152.56679286943
3244.0,168.67275895950633,408.47822541480974,0.3937210217970346,-0.8296770347461688,-1.1277173930648439,0.004541706922774704,0.004119685793055569,0.005956311795444669,20000.0,-5000.0,72203.72835723915
3245.0,169.06849854023915,407.65077870115124,0.3977557286876561,-0.8251962282781449,-1.1216411714382046,0.004382769890683863,0.005158620178380848,0.006193209809208841,20000.0,-5000.0,72254.63175268506
3246.0,169.46827041688164,406.82783295825345,0.40178558905023465,-0.8206752029101381,-1.1155199790865538,0.0031497216511530857,0.004229838659148486,0.0061186326843618,20000.0,-5000.0,72305.27562628235
3247.0,169.87206971833962,406.00942829533096,0.4058105537822314,-0.8161141789904889,-1.1093533195418364,0.0026184246917091737,0.0018120626589399262,0.006100273983299357,20000.0,-5000.0,72355.65865054868
3248.0,170.2798915244461,405.1956046002725,0.40983057384070776,-0.8115133788171534,-1.1031407015359167,0.004924898722685615,0.0014347268363954285,0.006324294513148207,20000.0,-5000.0,72405.77952315244
3249.0,170.69173086602103,404.38640153769666,0.41384560024303596,-0.8068730266267892,-1.096881639451715,0.004205801377859514,0.005983527962921941,0.006400555260819531,20000.0,-5000.0,72455.63696661274
3250.0,171.10758272493217,403.5818585470189,0.4178555840672402,-0.8021933485832164,-1.0905756537918638,0.005202965078095952,0.005978883103298763,0.006327368662572194,20000.0,-5000.0,72505.22972799068
3251.0,171.5274420341555,402.7820148405302,0.42186047645293456,-0.7974745727674133,-1.084222271665257,0.00395579320264355,0.006701331748540677,0.006276580848250809,20000.0,-5000.0,72554.5565785727
3252.0,171.95130367783804,401.98690940148407,0.42586022860194817,-0.7927169291661755,-1.077821027291154,0.0025355727107762016,0.004758729505736395,0.006458760696252879,20000.0,-5000.0,72603.61631354538
3253.0,172.3791624913594,401.1965809821979,0.429854791778439,-0.7879206496601512,-1.071371462521518,0.0049968663709167565,0.003470943504569817,0.00644516152869301,20000.0,-5000.0,72652.4077516626
3254.0,172.81101326139492,400.41106810216377,0.43384411730997385,-0.783085968013296,-1.0648731273813596,0.0036014405605126762,0.004417333797458394,0.006493196679566303,20000.0,-5000.0,72700.92973490477
3255.0,173.24685072597936,399.6304090461713,0.43782815658789787,-0.7782131198611069,-1.0583255806274585,0.004337107564297147,0.004903695893006533,0.006509131467095482,20000.0,-5000.0,72749.18112813032
3256.0,173.68666957457071,398.85464186244155,0.44180686106784606,-0.77330234269931,-1.0517283903255723,0.003302556422951957,0.003882148861690611,0.006736378432240246,20000.0,-5000.0,72797.16081871984
3257.0,174.13046444811505,398.08380436077266,0.4457801822707097,-0.768353875872549,-1.045081134445623,0.005680929575288162,0.006681959870783023,0.006703332997132407,20000.0,-5000.0,72844.8677162129
3258.0,174.57822993911213,397.31793411069646,0.4497480717826363,-0.7633679605616521,-1.0383834014754258,0.003053388568305001,0.007333942137328022,0.006850991079079565,20000.0,-5000.0,72892.3007519376
3259.0,175.02996059168032,396.55706843964936,0.45371048125616653,-0.7583448397730876,-1.031634791052863,0.0036086669767639587,0.005539085891699548,0.006939164002738051,20000.0,-5000.0,72939.45887863326
3260.0,175.48565090162447,395.8012444311503,0.4576673624107741,-0.7532847583271121,-1.0248349146161475,0.004065855904439822,0.0050671385129726475,0.006882341874584003,20000.0,-5000.0,72986.34107006638
3261.0,175.94529531650187,395.05049892299513,0.4616186670329796,-0.748187962844753,-1.0179833960718583,0.002812456315738323,0.003768065404637376,0.006815014997265892,20000.0,-5000.0,73032.94632063973
3262.0,176.40888823569043,394.3048685054608,0.465564346977402,-0.7430547017366109,-1.011079872480933,0.004286634217390144,0.006759895612335726,0.00705809086780756,20000.0,-5000.0,73079.27364499532
3263.0,176.87642401045667,393.5643895195219,0.46950435416718506,-0.7378852251906096,-1.0041239947622014,0.005613779210974899,0.005266828993804169,0.007039691305118491,20000.0,-5000.0,73125.32207761073
3264.0,177.3478969440248,392.82909805507956,0.47343864059456564,-0.7326797851597462,-0.9971154284129545,0.003421246729053664,0.004922519904214005,0.0073563607657375135,20000.0,-5000.0,73171.09067238972
3265.0,177.8233012916458,392.0990299492024,0.47736715832152754,-0.7274386353497562,-0.9900538542461336,0.004336618157896708,0.005759371314860834,0.0071265004909153926,20000.0,-5000.0,73216.57850224673
3266.0,178.30263126066785,391.37422078438004,0.4812898594804551,-0.7221620312071764,-0.982938969144033,0.0010599374156102861,0.004684973523645457,0.007227787772902152,20000.0,-5000.0,73261.7846586856
3267.0,178.78588101060672,390.65470588678807,0.4852066962741901,-0.7168502299058161,-0.9757704868272566,0.0038733884507340843,0.005482042986124361,0.007231257456798117,20000.0,-5000.0,73306.70825137309
3268.0,179.27304465321623,389.9405203245684,0.48911762097733913,-0.7115034903353603,-0.9685481386388519,0.0035823331752621967,0.0038636931853095217,0.007237176146565593,20000.0,-5000.0,73351.34840770651
3269.0,179.7641162525614,389.23169890611734,0.4930225859367283,-0.7061220730888067,-0.9612716743428473,0.003050599127374446,0.006529361191611109,0.0072716995026971,20000.0,-5000.0,73395.70427237668
3270.0,180.2590898250897,388.5282761783908,0.4969215435715171,-0.7007062404485396,-0.9539408629356687,0.005020803419981831,0.005324304971699822,0.007394404073705537,20000.0,-5000.0,73439.77500692583
3271.0,180.75795933970443,387.83028642522027,0.500814446374136,-0.6952562563747051,-0.9465554934708302,0.0035505085514100556,0.006672256367314814,0.0074770635999177205,20000.0,-5000.0,73483.55978930029
3272.0,181.26071871783796,387.1377636656414,0.5047012469107415,-0.6897723864918248,-0.939115375894473,0.0036991221062049164,0.005291466889931329,0.007610042742596031,20000.0,-5000.0,73527.05781339925
3273.0,181.7673618335259,386.4507416522366,0.508581897821955,-0.684254898075892,-0.9316203418913797,0.0034852144172853572,0.005392494783682877,0.007560681379029409,20000.0,-5000.0,73570.26828861845
3274.0,182.27788251348187,385.7692538694896,0.5124563518233742,-0.6787040600417527,-0.9240702457406325,0.0018775514900684145,0.004306382803124771,0.007520561622530011,20000.0,-5000.0,73613.19043939028
3275.0,182.79227453717266,385.0933335321531,0.5163245617056873,-0.673120142929065,-0.9164649651785555,0.0026876259488008243,0.006390583544353758,0.007592583568297207,20000.0,-5000.0,73655.82350471932
3276.0,183.31053163689324,384.4230135836315,0.520186480336065,-0.6675034188900781,-0.9088044022682181,0.004858433083568214,0.004721983677327384,0.007524972286312072,20000.0,-5000.0,73698.16673771426
3277.0,183.8326474978448,383.75832669437295,0.5240420606584735,-0.6618541616763025,-0.90108848427416,0.0016577176450685497,0.005159432778984684,0.007948634937443893,20000.0,-5000.0,73740.21940511638
3278.0,184.3586157582102,383.09930526027887,0.5278912556937314,-0.6561726466244409,-0.8933171645401214,0.0030488942620195345,0.005698594749386148,0.007732242369228235,20000.0,-5000.0,73781.98078682431
3279.0,184.88843000923225,382.4459814011241,0.5317340185406465,-0.6504591506435702,-0.8854904233682539,0.0034237536024654056,0.005855438825942387,0.00797384295198158,20000.0,-5000.0,73823.45017541548
3280.0,185.42208379529148,381.7983869589917,0.5355703023763567,-0.6447139522013003,-0.8776082688980489,0.0056466532665785055,0.0039863089975756116,0.007943972778250994,20000.0,-5000.0,73864.62687566492
3281.0,185.95957061398497,381.1565534967215,0.5394000604569555,-0.6389373313105295,-0.8696707379831999,0.004625936851019913,0.005552118089195783,0.008002670499574713,20000.0,-5000.0,73905.51020406075
3282.0,186.5008839162054,380.52051229637067,0.5432232461181457,-0.6331295695158303,-0.8616778970638446,0.0032403339499205547,0.006650351262590949,0.008005952832214771,20000.0,-5000.0,73946.09948831704
3283.0,187.04601710622126,379.8902943576898,0.5470398127754095,-0.6272909498789545,-0.8536298430320387,0.005170126835478801,0.005460377095350382,0.00797837153632621,20000.0,-5000.0,73986.3940668847
3284.0,187.59496354175621,379.26593039661276,0.5508497139250323,-0.6214217569659866,-0.8455267040889155,0.003036295945386333,0.00565058127005864,0.008011070959685207,20000.0,-5000.0,74026.39328845931
3285.0,188.14771653407132,378.64745084375784,0.5546529031448415,-0.6155222768334738,-0.8373686405901212,0.004849427573738902,0.006083407004725343,0.0083987449219692,20000.0,-5000.0,74066.09651148747
3286.0,188.7042693480459,378.0348858429458,0.5584493340940924,-0.609592797013562,-0.8291558458774837,0.002379589382047174,0.005813317131840516,0.008254111073672967,20000.0,-5000.0,74105.50310367097
3287.0,189.2646152022595,377.4282652497307,0.5622389605144633,-0.6036336065006935,-0.8208885470945964,0.004902552678335067,0.004902007560476792,0.008433293082433166,20000.0,-5000.0,74144.6124414693
3288.0,189.82874726907482,376.8276186299444,0.5660217362305104,-0.5976449957374541,-0.812567005983195,0.003356886469496412,0.005965369445813078,0.008519429813145562,20000.0,-5000.0,74183.42390960065
3289.0,190.39665867472053,376.2329752582558,0.5697976151503212,-0.591627256600276,-0.8041915196574275,0.0027026064584859026,0.007066144177464315,0.008351588292075753,20000.0,-5000.0,74221.93690054158
3290.0,190.96834249937547,375.6443641167439,0.5735665512661683,-0.585580682385455,-0.7957624213537139,0.0035395793218961323,0.004967461316090945,0.00850798554517868,20000.0,-5000.0,74260.15081402555
3291.0,191.54379177725286,375.0618138934849,0.5773284986544525,-0.579505567794115,-0.7872800811527175,0.004046910293889405,0.00569971853190411,0.00851431227491771,20000.0,-5000.0,74298.06505654052
3292.0,192.12299949668437,374.48535298115564,0.5810834114770103,-0.5734022089188215,-0.7787449066709042,0.003236758942055831,0.00468022527306115,0.008418553010085003,20000.0,-5000.0,74335.67904082585
3293.0,192.70595860020688,373.91500947564725,0.5848312439817107,-0.5672709032289731,-0.770157343718035,0.004320465530081843,0.007124310289521209,0.008590624159238135,20000.0,-5000.0,74372.99218536846
3294.0,193.2926619846478,373.3508111746977,0.5885719505023133,-0.5611119495555954,-0.761517876917966,0.0031307183055784174,0.006076560973833279,0.00873766290876911,20000.0,-5000.0,74410.00391389888
3295.0,193.8831025012115,372.79278557653606,0.5923054854594056,-0.5549256480774147,-0.7528270302897095,0.004375208206341391,0.005315487514190499,0.008654667662036625,20000.0,-5000.0,74446.71365488684
3296.0,194.4772729555666,372.24095987854287,0.5960318033610577,-0.5487123003059935,-0.7440853677848522,0.004182664970141489,0.006322689779982789,0.008726678247201887,20000.0,-5000.0,74483.12084103709
3297.0,195.07516610793363,371.6953609759241,0.5997508588033043,-0.5424722090712066,-0.7352934937791783,0.003652032298945039,0.0050013833591191215,0.008795261339516122,20000.0,-5000.0,74519.2249087853
3298.0,195.6767746731732,371.15601546040045,0.6034626064707993,-0.536205678506434,-0.7264520535144958,0.0032489663360641464,0.005204604757318106,0.009126471191120113,20000.0,-5000.0,74555.02529779419
3299.0,196.28209132087522,370.6229496189112,0.6071670011367019,-0.529913014033184,-0.7175617334880213,0.0038583211050373734,0.004786816819549131,0.008688049621688653,20000.0,-5000.0,74590.52145045066
3300.0,196.89110867544662,370.0961894323341,0.6108639976641257,-0.5235945223470821,-0.7086232617860958,0.004265622635437852,0.005221638429815308,0.009024072077128093,20000.0,-5000.0,74625.71281136308
3301.0,197.50381931620348,369.57576057421704,0.6145535510066793,-0.5172505114027786,-0.6996374083590035,0.005830394418023071,0.007768453794258827,0.00897787283524126,20000.0,-5000.0,74660.59882685992
3302.0,198.12021577745998,369.06168840952853,0.6182356162081248,-0.510881290398288,-0.6906049852342859,0.004655439017844569,0.005619116097291563,0.00897621543682115,20000.0,-5000.0,74695.17894448948
3303.0,198.74029054861973,368.55399799342047,0.6219101484037424,-0.5044871697604947,-0.6815268466652371,0.004685921504433177,0.00689135977135879,0.00906625442109628,20000.0,-5000.0,74729.45261252053
3304.0,199.36403607426746,368.05271407000754,0.625577102820472,-0.49806846112971925,-0.6724038892121904,0.006875666272701182,0.0055609653562201,0.009227260636946392,20000.0,-5000.0,74763.41927944488
3305.0,199.99144475426067,367.557861071161,0.6292364347775674,-0.49162547734482587,-0.6632370517539588,0.004192173833528621,0.007244995129151478,0.009277702823929434,20000.0,-5000.0,74797.07839348135
3306.0,200.6225089438226,367.0694631153179,0.6328880996873067,-0.48515853242776075,-0.6540273154262297,0.004151912205476978,0.0054114863274035314,0.009253631142458767,20000.0,-5000.0,74830.42940208153
3307.0,201.25722095363528,366.5875440063055,0.636532053055447,-0.4786679415684034,-0.6447757034856785,0.004372358300929569,0.006543058679086739,0.009406876102236813,20000.0,-5000.0,74863.47175143768
3308.0,201.8955730499335,366.1121272321811,0.6401682504812243,-0.47215402110873583,-0.6354832810967953,0.0025828190120149967,0.006580399932063078,0.009468865235838606,20000.0,-5000.0,74896.20488599267
3309.0,202.53755745459773,365.64323596408803,0.6437966476587462,-0.46561708852809147,-0.6261511550398515,0.003162749636750191,0.00896955143235744,0.009452155622205185,20000.0,-5000.0,74928.62824795238
3310.0,203.18316634525098,365.1808930551249,0.647417200377447,-0.45905746242755185,-0.6167804733381413,0.0030901153008927856,0.007226551324997084,0.009321957642726739,20000.0,-5000.0,74960.7412768005
3311.0,203.83239185535263,364.72512103923293,0.6510298645218597,-0.4524754625139167,-0.6073724248031673,0.004282315020378423,0.005976315942937497,0.009487138140971015,20000.0,-5000.0,74992.54340881616
3312.0,204.4852260742947,364.27594213009706,0.6546345960728388,-0.4458714095845835,-0.5979282384963612,0.0034195752202145634,0.007327473761266146,0.009523228906394047,20000.0,-5000.0,75024.03407659422
3313.0,205.1416610474983,363.83337822006376,0.6582313511078439,-0.4392456255117736,-0.5884491831065572,0.0037365182793156365,0.008860515287851799,0.009395176266413964,20000.0,-5000.0,75055.21270856883
3314.0,205.8016887765104,363.3974508790735,0.6618200858015939,-0.43259843322690017,-0.5789365662424014,0.004715821091676419,0.004962664663817855,0.009335034920112912,20000.0,-5000.0,75086.07872853997
3315.0,206.4653012191015,362.96818135360996,0.6654007564266067,-0.42593015670479417,-0.5693917336393939,0.004474425008249734,0.005802346499169531,0.00931061133329204,20000.0,-5000.0,75116.63155520344
3316.0,207.1324902893636,362.54559056566393,0.6689733193531708,-0.41924112094758925,-0.5598160682815991,0.003400272837646782,0.00645284282491974,0.009598993205171442,20000.0,-5000.0,75146.87060168432
3317.0,207.80324785780783,362.1296991117148,0.6725377310508236,-0.41253165196951613,-0.5502109894382263,0.0028634174217953387,0.006285686801510282,0.009655840431923255,20000.0,-5000.0,75176.79527507426
3318.0,208.47756575146525,361.7205272617249,0.676093948088635,-0.4058020767809012,-0.5405779516157568,0.004732956673735907,0.006393346651459816,0.009500425305845635,20000.0,-5000.0,75206.4049759724
3319.0,209.1554357539851,361.318094958153,0.6796419271350658,-0.3990527233714829,-0.5309184434260916,0.004348803132702406,0.005402477842402473,0.00980107704348964,20000.0,-5000.0,75235.6990980305
3320.0,209.83684960573538,360.92242181498193,0.6831816249591043,-0.3922839206953199,-0.5212339863733917,0.001864783912010673,0.008238690487103907,0.009714940694937522,20000.0,-5000.0,75264.67702750198
3321.0,210.5217990039033,360.53352711676234,0.6867129984306075,-0.3854959986543349,-0.5115261335594603,0.003201461988811417,0.00531758669037257,0.009885299586805067,20000.0,-5000.0,75293.3381427956
3322.0,211.2102756025966,360.15142981767326,0.6902360045209548,-0.3786892880822279,-0.5017964683108183,0.0036909622261961776,0.006607687146995896,0.009785494511839394,20000.0,-5000.0,75321.68181403329
3323.0,211.90227101294522,359.7761485405979,0.6937506003035594,-0.37186412072856,-0.49204660272993295,0.004320470743773853,0.007922052523190682,0.009627546201581275,20000.0,-5000.0,75349.70740261288
3324.0,212.59777680320371,359.40770157621614,0.697256742953897,-0.36502082924209844,-0.4822781761724953,0.004448538893461862,0.006820789937794944,0.009833432587019809,20000.0,-5000.0,75377.4142607753
3325.0,213.29678449885301,359.0461068821137,0.7007543897506991,-0.35815974715535503,-0.4724928536549714,0.0037886830435082093,0.005851091084566328,0.009875626638363178,20000.0,-5000.0,75404.80173117715
3326.0,213.9992855827051,358.69138208190543,0.7042434980765222,-0.3512812088679311,-0.46269232419426476,0.0040935644035715365,0.005484270666848103,0.009739693188334179,20000.0,-5000.0,75431.86914646786
3327.0,214.70527149500606,358.3435444643778,0.7077240254176047,-0.3443855496299477,-0.45287829908462135,0.0035429276871077084,0.0066648174764478135,0.009641933417921097,20000.0,-5000.0,75458.61582887241
3328.0,215.41473363354032,358.00261098264554,0.7111959293647772,-0.3374731055261577,-0.4430525101154789,0.002766662709920216,0.006133242035684706,0.009843173555239438,20000.0,-5000.0,75485.04108977932
3329.0,216.1276633537356,357.6685982533255,0.7146591676140019,-0.33054421345926244,-0.4332167077337465,0.003187129541824893,0.007150418789785624,0.009716407825238242,20000.0,-5000.0,75511.14422933404
3330.0,216.84405196876833,357.341522555727,0.7181136979667713,-0.3235992111337396,-0.42337265915644723,0.0034699090850821073,0.005495165565010625,0.009985613222500416,20000.0,-5000.0,75536.92453603825
3331.0,217.56389074966916,357.02139983105803,0.7215594783309598,-0.31663843703933026,-0.41352214643729046,0.003405312674917641,0.007814171347508489,0.009802596267095063,20000.0,-5000.0,75562.38128635469
3332.0,218.28717092543025,356.70824568164835,0.7249964667204551,-0.3096622304340997,-0.40366696449301914,0.0014712884555459424,0.007103941958538334,0.01006945258314189,20000.0,-5000.0,75587.51374431817
3333.0,219.01388368311007,356.40207537018983,0.7284246212565506,-0.30267093132852096,-0.39380891909496046,0.003010273516179495,0.007196133746231969,0.009596420156200172,20000.0,-5000.0,75612.32116115239
3334.0,219.74402016794335,356.1029038189913,0.7318439001687409,-0.2956648804688484,-0.38394982483051543,0.0034732827084635823,0.008512195340223665,0.009875343612882804,20000.0,-5000.0,75636.8027748932
3335.0,220.47757148344755,355.81074560925214,0.7352542617939832,-0.28864441932000773,-0.37409150304085015,0.0031132145583439587,0.006572121211943811,0.010033428772061538,20000.0,-5000.0,75660.95781001817
3336.0,221.2145286915313,355.5256149803513,0.7386556645780331,-0.2816098900493955,-0.36423577974042765,0.0031401683005597954,0.006286431995216726,0.009743634262493125,20000.0,-5000.0,75684.78547708255
3337.0,221.9548828126036,355.24752582915335,0.7420480670759275,-0.27456163551008217,-0.3543844835239292,0.003895467037459841,0.006485187810792641,0.00982852060569884,20000.0,-5000.0,75708.28497236184
3338.0,222.69862482568317,354.9764917093311,0.745431427952326,-0.26749999922398615,-0.3445394434667724,0.0022565396454829363,0.006867898116857367,0.009791258235438617,20000.0,-5000.0,75731.45547750143
3339.0,223.44574566850827,354.7125258307054,0.7488057059821926,-0.2604253253653326,-0.33470248702533995,0.0016763041838316036,0.006986402894944518,0.009747616662364707,20000.0,-5000.0,75754.29615917233
3340.0,224.19623623764755,354.45564105860046,0.7521708600506258,-0.2533379587436855,-0.3248754379425439,0.0029984219747661244,0.006229488121590411,0.009851376145954162,20000.0,-5000.0,75776.806168735
3341.0,224.95008738860952,354.205849913218,0.7555268491543075,-0.2462382447872642,-0.31506011416445906,0.004146181537648728,0.005001397814787581,0.009648683680357668,20000.0,-5000.0,75798.98464190935
3342.0,225.70728993595617,353.96316456902593,0.7588736324019862,-0.2391265295262599,-0.305258325774673,0.005097472117626932,0.0065340910113259034,0.009780425570295874,20000.0,-5000.0,75820.83069845251
3343.0,226.4678346534135,353.7275968541655,0.7622111690139377,-0.23200315957555517,-0.29547187295135396,0.004146425453215676,0.0075032972010879865,0.00984157152173616,20000.0,-5000.0,75842.34344184383
3344.0,227.23171227398404,353.4991582498748,0.7655394183233284,-0.22486848211815413,-0.2857025439531338,0.001796367443642804,0.007281886735316565,0.009733334456635705,20000.0,-5000.0,75863.52195897738
3345.0,227.99891349006015,353.2778598899292,0.7688583397765001,-0.2177228448882147,-0.27595211313917006,0.003072539984855832,0.008398662331699207,0.00961666384634266,20000.0,-5000.0,75884.36531986207
3346.0,228.76942895353704,353.0637125600984,0.7721678929334246,-0.2105665961539387,-0.26622233902851566,0.003571787689614938,0.009195383934389746,0.009845714065385534,20000.0,-5000.0,75904.87257732957
3347.0,229.543249275927,352.8567266976213,0.775468037468471,-0.2034000847008599,-0.2565149624045427,0.003480141928311988,0.007961290944096805,0.009785440785327896,20000.0,-5000.0,75925.04276674999
3348.0,230.320365028474,352.6569123906967,0.7787587331699797,-0.19622365981462053,-0.24683170446870648,0.00384691011183205,0.008619238754614083,0.009541852213795506,20000.0,-5000.0,75944.87490575563
3349.0,231.10076674226696,352.46427937799206,0.7820399399419102,-0.18903767126397497,-0.23717426504812864,0.0023225717394656543,0.007988157314677224,0.009483981569258212,20000.0,-5000.0,75964.36799397266
3350.0,231.8844449083578,352.2788370481687,0.7853116178041546,-0.18184246928390735,-0.22754432086236892,0.003334444177491428,0.008978189009172676,0.009497890354781435,20000.0,-5000.0,75983.52101276137
3351.0,232.67138997787526,352.10059443942424,0.7885737268921673,-0.17463840455843638,-0.2179435238526638,0.0036945045882578707,0.00913349021846336,0.00965270466596158,20000.0,-5000.0,76002.33292496421
3352.0,233.46159236214214,351.92956023905185,0.7918262274582162,-0.16742582820356233,-0.20837349957731124,0.0041065000368761565,0.008206013051261144,0.009587848480319811,20000.0,-5000.0,76020.80267466267
3353.0,234.2550424327917,351.7657427830171,0.7950690798715243,-0.1602050917500435,-0.19883584567708082,0.0023999389702993343,0.007959383477799556,0.009618191387456341,20000.0,-5000.0,76038.92918694257
3354.0,235.0517305218852,351.60915005555177,0.7983022446189807,-0.1529765471263147,-0.1893321304136685,0.002869285505143584,0.007018799837077113,0.009445725884252193,20000.0,-5000.0,76056.71136766789
3355.0,235.85164692202966,351.4597896887645,0.8015256823055381,-0.14574054664151959,-0.17986389128418456,0.000406172319323972,0.007196555010938774,0.009335623740022852,20000.0,-5000.0,76074.14810326358
3356.0,236.65478188649627,351.3176689622687,0.8047393536548384,-0.13849744296808808,-0.1704326337132828,0.002562353502140874,0.006895076478716519,0.009525428711924395,20000.0,-5000.0,76091.23826050697
3357.0,237.46112562933934,351.1827948028283,0.807943219508843,-0.13124758912465495,-0.16103982982623374,0.0026534722263844538,0.007899248551120144,0.009304555233839516,20000.0,-5000.0,76107.98068632842
3358.0,238.27066832551395,351.0551737840194,0.8111372408294812,-0.1239913384588931,-0.15168691730351702,0.0021285564163855348,0.006510000574050438,0.009355288286239546,20000.0,-5000.0,76124.37420762064
3359.0,239.0834001109983,350.9348121259105,0.8143213786990486,-0.11672904463023315,-0.14237529831900467,0.0033514386052410604,0.007066358868101913,0.00909900785307033,20000.0,-5000.0,76140.41763105776
3360.0,239.89931108291205,350.82171569475895,0.8174955943195812,-0.10946106159258306,-0.13310633856275783,0.003111043387385974,0.004820915136203863,0.009176643734755626,20000.0,-5000.0,76156.10974292301
3361.0,240.71839129963746,350.71589000272536,0.8206598490142767,-0.10218774357724669,-0.12388136634881516,0.0008093284264776208,0.009068084188374575,0.009326906424242224,20000.0,-5000.0,76171.44930894641
3362.0,241.5406307809406,350.61734020760446,0.8238141042276936,-0.09490944507550125,-0.11470167180828177,0.003373397367502207,0.007051284232216454,0.009068032200132185,20000.0,-5000.0,76186.4350741513
3363.0,242.36601950809285,350.52607111257436,0.8269583215262344,-0.08762652082123168,-0.10556850616792333,0.0021735806989571947,0.007758932693823793,0.00920981604500201,20000.0,-5000.0,76201.06576271106
3364.0,243.19454742399307,350.442087165962,0.8300924625988415,-0.0803393257740197,-0.09648308111446617,0.0036342743567006454,0.008805473054066234,0.0087732898616468,20000.0,-5000.0,76215.34007781491
3365.0,244.02620443329053,350.3653924610263,0.8332164892565146,-0.07304821510138026,-0.08744656824259053,0.001785629884564634,0.007605241717980419,0.00894245482861436,20000.0,-5000.0,76229.25670154399
3366.0,244.8609804025061,350.29599073575923,0.8363303634340014,-0.06575354416173695,-0.07846009858721652,0.0031399903371150625,0.00879861074145628,0.008939755540178921,20000.0,-5000.0,76242.81429475683
3367.0,245.69886516015853,350.23388537270284,0.8394340471901671,-0.05845566848716999,-0.06952476223820235,0.0028040366467692777,0.006007703747527604,0.009124298125265743,20000.0,-5000.0,76256.01149698517
3368.0,246.53984849688644,350.1790793987849,0.8425275027073411,-0.05115494376579477,-0.06064160803572799,0.0034035946763165278,0.009795608122550396,0.00871228140407551,20000.0,-5000.0,76268.84692633947
3369.0,247.38392016557322,350.13157548517125,0.8456106922928086,-0.0438517258246236,-0.0518116433454263,0.0032077419968265866,0.008435046758108381,0.008885696636437089,20000.0,-5000.0,76281.31917942486
3370.0,248.23106988147205,350.09137594713565,0.8486835783788536,-0.03654637061220001,-0.04303583391085162,0.0028023060098483145,0.007523848276960376,0.008878709342576875,20000.0,-5000.0,76293.4268312669
3371.0,249.08128732233092,350.05848274394685,0.8517461235233128,-0.029239234181233087,-0.03431510378125631,0.0014593988235254054,0.008790148526483297,0.00860370779799785,20000.0,-5000.0,76305.16843524827
3372.0,249.93456212851868,350.0328974787732,0.8547982904102724,-0.021930672671231832,-0.025650335312422612,0.001510437891493628,0.00609353767189695,0.008590269405454432,20000.0,-5000.0,76316.5425230551
3373.0,250.79088390315147,350.0146213986044,0.8578400418495846,-0.014621042291196318,-0.017042369238181018,0.002429193837181441,0.0070097832524282505,0.008596644142002728,20000.0,-5000.0,76327.5476046343
3374.0,251.65024221221785,350.0036553941908,0.8608713407785018,-0.007310699302195189,-0.008492004809679446,0.0030174418658567904,0.008812761527819462,0.00833834950009346,20000.0,-5000.0,76338.18216816135
3375.0,252.51262658470847,350.0,0.8638921502620462,0.0,-8.881784197001252e-16,0.0023828758511949327,0.005368672347060191,0.008406300677704572,20000.0,-5000.0,76348.4446800187
3376.0,253.37802651274194,350.0036553941908,0.8669024334923421,0.007310699302195189,0.008432928228789691,0.003655317396189575,0.007893482593398548,0.00856054114453014,20000.0,-5000.0,76358.3335847847
3377.0,254.24643145169316,350.0146213986044,0.8699021537900649,0.014621042291196318,0.01680610359939832,0.00270398827273287,0.007863530945102422,0.008407483568991243,20000.0,-5000.0,76367.84730523375
3378.0,255.11783082032207,350.0328974787732,0.8728912746045694,0.021930672671231832,0.025118890136675738,0.0019800426498230534,0.009357390722095802,0.00826294885415134,20000.0,-5000.0,76376.984242347
3379.0,255.9922140009023,350.05848274394685,0.8758697595143303,0.029239234181233087,0.033370691731566524,0.0026838863107934946,0.005661334238214426,0.008234985405473471,20000.0,-5000.0,76385.74277533405
3380.0,256.86957033935073,350.09137594713565,0.8788375722277948,0.03654637061220001,0.04156095165500154,0.0031973871639697647,0.008980507279662544,0.008230921661613658,20000.0,-5000.0,76394.12126166599
3381.0,257.7498891453579,350.13157548517125,0.8817946765825013,0.0438517258246236,0.04968915202494957,0.0032896617495623945,0.006722351792411498,0.008192256561297363,20000.0,-5000.0,76402.11803711922
3382.0,258.63315969251573,350.1790793987849,0.8847410365470978,0.05115494376579477,0.05775481322940681,0.004894770207812999,0.00683701341013482,0.007965501671890628,20000.0,-5000.0,76409.73141583052
3383.0,259.5193712184521,350.23388537270284,0.8876766162216541,0.05845566848716999,0.06575749330883864,0.002234404051387843,0.006028229515286916,0.0081603921885269,20000.0,-5000.0,76416.9596903637
3384.0,260.40851292495904,350.29599073575923,0.8906013798367098,0.06575354416176538,0.0736967873012533,0.002842908767317849,0.006164741500269317,0.008069871648605568,20000.0,-5000.0,76423.80113178714
3385.0,261.3005739781255,350.3653924610264,0.8935152917550795,0.07304821510138026,0.0815723265525049,0.003351702123933889,0.007712615506887849,0.007927078024132447,20000.0,-5000.0,76430.25398976315
3386.0,262.1955435084692,350.442087165962,0.8964183164715678,0.08033932577399128,0.08938377799559409,0.0028731999842567957,0.006132158252217428,0.007675225868873846,20000.0,-5000.0,76436.31649264859
3387.0,263.09341061106863,350.52607111257436,0.8993104186137089,0.08762652082123168,0.09713084340167032,0.0023659041158131215,0.008055068108505387,0.007588830988478153,20000.0,-5000.0,76441.98684760707
3388.0,263.9941643456966,350.61734020760446,0.9021915629425052,0.09490944507550125,0.10481325860524442,0.0012641844422812247,0.006591025714580023,0.007609667362966161,20000.0,-5000.0,76447.26324073291
3389.0,264.89779373695364,350.71589000272536,0.9050617143516035,0.10218774357730354,0.11243079270734913,0.002333291718012475,0.006014068346483622,0.007592493554953335,20000.0,-5000.0,76452.14383718665
3390.0,265.8042877743998,350.82171569475906,0.9079208378690851,0.10946106159258306,0.1199832472587311,0.0017367781111111047,0.006721648625005241,0.0073015757390510775,20000.0,-5000.0,76456.62678134245
3391.0,266.7136354126918,350.9348121259105,0.9107688986578353,0.1167290446301763,0.12747045542632707,0.0010465781496879518,0.0076153651955645245,0.007515568712159336,20000.0,-5000.0,76460.71019694711
3392.0,267.6258255717155,351.0551737840194,0.9136058620150038,0.1239913384588931,0.13489228114512464,0.0020037701745872763,0.0069707826118883785,0.007547971530459328,20000.0,-5000.0,76464.39218729126
3393.0,268.5408471367218,351.1827948028283,0.9164316933731698,0.13124758912465495,0.1422486182580471,0.0017311132732551028,0.007288635988102147,0.007394698893194052,20000.0,-5000.0,76467.67083539236
3394.0,269.45868895846183,351.3176689622687,0.9192463583002564,0.13849744296805966,0.1495393896470603,0.0034162914857693042,0.007970640556247086,0.0071745300641680955,20000.0,-5000.0,76470.54420418959
3395.0,270.37933985332234,351.45978968876443,0.9220498225005258,0.14574054664149116,0.1567645463565429,0.003423073819023835,0.008365435249575393,0.007094298496334401,20000.0,-5000.0,76473.01033675112
3396.0,271.3027886034629,351.6091500555517,0.9248420518150624,0.15297654712634312,0.1639240667119694,0.0018464227314807194,0.006909726203560045,0.00716371034145736,20000.0,-5000.0,76475.06725649314
3397.0,272.22902395695246,351.7657427830171,0.9276230122207494,0.16020509175007192,0.17101795543590775,0.0025046315981907393,0.006138490599727775,0.007042168290501364,20000.0,-5000.0,76476.71296741151
3398.0,273.1580346279044,351.92956023905185,0.9303926698324858,0.16742582820359075,0.1780462427630406,0.0008311339487324062,0.0072958062520391475,0.007050191284522171,20000.0,-5000.0,76477.94545432512
3399.0,274.08980929661743,352.1005944394243,0.9331509909034708,0.17463840455849322,0.18500898355639636,0.0022384471559883474,0.0076978677931159615,0.007004267321108301,20000.0,-5000.0,76478.7626831322
3400.0,275.0243366097113,352.27883704816884,0.9358979418240665,0.18184246928393577,0.19190625642637527,0.0031562510546831487,0.005680256555288839,0.006999343587800089,20000.0,-5000.0,76479.16260107822
3401.0,275.96160518026556,352.46427937799217,0.9386334891236174,0.18903767126391813,0.19873816285415416,0.0035878898724445206,0.006264226990214721,0.006659565729041977,20000.0,-5000.0,76479.1431370369
3402.0,276.90160358795856,352.6569123906967,0.9413575994703365,0.19622365981453527,0.2055048263214748,0.0019766977067947143,0.006433142809198858,0.006761465047803435,20000.0,-5000.0,76478.70220180329
3403.0,277.84432037920624,352.85672669762124,0.9440702396717597,0.20340008470083148,0.21220639144741812,0.0038009778626163096,0.006955301440583927,0.006624240714926226,20000.0,-5000.0,76477.83768839929
3404.0,278.7897440673021,353.06371256009834,0.9467713766752013,0.2105665961539387,0.21884302313430207,0.0011188184989593816,0.006369788922884611,0.0065920842504981715,20000.0,-5000.0,76476.54747239199
3405.0,279.73786313255664,353.2778598899291,0.9494609775684921,0.21772284488827154,0.22541490572362585,0.0013860935179875896,0.007886373023742082,0.00664628916278737,20000.0,-5000.0,76474.82941222432
3406.0,280.68866602243907,353.4991582498749,0.9521390095791844,0.22486848211821098,0.23192224216303708,0.003410387680841397,0.005470574340527175,0.006595270518223699,20000.0,-5000.0,76472.68134955852
3407.0,281.642141151715,353.72759685416554,0.9548054400761998,0.23200315957555517,0.2383652531857366,0.004398834097457896,0.005485875656160383,0.006583553876239355,20000.0,-5000.0,76470.10110963209
3408.0,282.59827690259146,353.963164569026,0.9574602365705687,0.2391265295262599,0.24474417650250105,0.0031622077399665713,0.0067702473881596885,0.006399529957451432,20000.0,-5000.0,76467.08650162672
3409.0,283.55706162485615,354.20584991321806,0.9601033667140655,0.2462382447872642,0.2510592660083057,0.00259531863877783,0.00692300893916431,0.006269729702523923,20000.0,-5000.0,76463.63531904964
3410.0,284.5184836360196,354.4556410586005,0.9627347983009997,0.25333795874362863,0.25731079100324666,0.0003422408380968807,0.005580489108267572,0.006188676114808315,20000.0,-5000.0,76459.74534012789
3411.0,285.48253122145815,354.7125258307053,0.965354499268301,0.26042532536527574,0.26349903542888614,0.0005101667254767085,0.006449909031497609,0.005942661019838711,20000.0,-5000.0,76455.41432821553
3412.0,286.4491926345562,354.97649170933107,0.967962437695661,0.26749999922395773,0.2696242971208143,0.0027366468974534815,0.006651008420391327,0.0062592671012963634,20000.0,-5000.0,76450.64003221333
3413.0,287.41845609684947,355.24752582915323,0.9705585818064151,0.274561635510139,0.2756868870774437,0.0022177914236800214,0.006645855645687097,0.005991689229969106,20000.0,-5000.0,76445.4201870017
3414.0,288.390309798169,355.52561498035135,0.9731428999668879,0.2816098900494808,0.28168712874577634,0.001428152424525669,0.00719937178023695,0.006031669607343832,20000.0,-5000.0,76439.75251388625
3415.0,289.36474189678324,355.8107456092522,0.9757153606880138,0.28864441932003615,0.2876253573245563,0.0026346801945384066,0.006339352406551018,0.005991192449490107,20000.0,-5000.0,76433.63472105641
3416.0,290.34174051954506,356.1029038189914,0.9782759326256496,0.2956648804688484,0.293501919084796,0.002674366103416518,0.0085504308415941,0.005692218052294009,20000.0,-5000.0,76427.0645040568
3417.0,291.32129376203454,356.4020753701899,0.9808245845797217,0.30267093132852096,0.2993171707084656,0.003525012779809465,0.007506482165064977,0.005670826448511233,20000.0,-5000.0,76420.0395462717
3418.0,292.3033896887045,356.70824568164846,0.9833612854957323,0.3096622304340144,0.30507147864476675,0.002672797122456286,0.0061442318645525225,0.005914946897849629,20000.0,-5000.0,76412.5575194224
3419.0,293.288016333026,357.0213998310579,0.985886004464902,0.31663843703921657,0.3107652184847177,0.0037964298508019008,0.007066796697774963,0.005699491493547462,20000.0,-5000.0,76404.61608407754
3420.0,294.2751616976343,357.3415225557269,0.9883987107241978,0.323599211133768,0.3163987743542358,0.002514999604493239,0.007081883029860981,0.005532007860481233,20000.0,-5000.0,76396.21289017642
3421.0,295.2648137544744,357.66859825332546,0.9908993736573279,0.3305442134593477,0.32197253832468303,0.0023746600739771866,0.008200442540734234,0.0055284748279678985,20000.0,-5000.0,76387.34557756528
3422.0,296.25696044494896,358.0026109826456,0.9933879627940883,0.337473105526243,0.32748690984239526,0.0035895838534881967,0.0062961789165794,0.005618934631433714,20000.0,-5000.0,76378.01177654661
3423.0,297.2515896800626,358.34354446437794,0.9958644478117549,0.34438554962997614,0.3329422951758127,0.0014526903318074433,0.007702200787803558,0.005541405459831711,20000.0,-5000.0,76368.20910844127
3424.0,298.24868934057247,358.69138208190554,0.998328798535681,0.3512812088679311,0.33833910688089835,0.0053857225756849935,0.00693063379224787,0.005186799897449153,20000.0,-5000.0,76357.93518616387
3425.0,299.24824727713394,359.0461068821138,1.000780984938217,0.35815974715535503,0.34367776328445543,0.0028364142340648194,0.008421266540689617,0.0055114831021723125,20000.0,-5000.0,76347.1876148109
3426.0,300.2502513104489,359.40770157621625,1.0032209771402734,0.36502082924198476,0.34895868798495644,0.002830000662614914,0.008194910509557837,0.005371508671227453,20000.0,-5000.0,76335.96399226182
3427.0,301.2546892314145,359.7761485405978,1.0056487454113494,0.3718641207284463,0.35418230937120704,0.002967821303670001,0.007039117898295431,0.005176368595264502,20000.0,-5000.0,76324.26190979329
3428.0,302.2615488012716,360.15142981767315,1.008064260169789,0.3786892880822279,0.3593490601579183,0.004361881122198801,0.006543125089557054,0.004991459247449608,20000.0,-5000.0,76312.07895270611
3429.0,303.27081775175407,360.53352711676223,1.0104674919836611,0.3854959986544202,0.3644593769388513,0.0032214041128102245,0.007324263612477368,0.005212398604965514,20000.0,-5000.0,76299.4127009652
3430.0,304.2824837852389,360.922421814982,1.0128584115697095,0.3922839206954336,0.3695136997565383,0.0007152462258677298,0.006590666846466346,0.005085344919479308,20000.0,-5000.0,76286.26072985228
3431.0,305.2965345748935,361.3180949581531,1.0152369897953974,0.3990527233715113,0.3745124716882361,0.003832216013710246,0.00850685335608797,0.00479130746980239,20000.0,-5000.0,76272.62061063167
3432.0,306.3129577648297,361.720527261725,1.0176031976790796,0.4058020767809012,0.379456138448434,0.0020054239330530993,0.006821085131876825,0.004887696611723421,20000.0,-5000.0,76258.48991122871
3433.0,307.33174097025164,362.1296991117149,1.0199570063888643,0.41253165196951613,0.3843451480073124,0.00245905237892154,0.006297591963116001,0.00524771756666148,20000.0,-5000.0,76243.86619692102
3434.0,308.35287177760745,362.54559056566404,1.0222983872444047,0.41924112094747557,0.3891799502245756,0.0010045336930903286,0.006221182675305625,0.004809960783766202,20000.0,-5000.0,76228.74703104244
3435.0,309.37633774474045,362.96818135360985,1.0246273117167561,0.4259301567046805,0.39396099649837446,0.0028700123354020845,0.005416914376859949,0.0046628254775990365,20000.0,-5000.0,76213.12997569963
3436.0,310.40212640104096,363.3974508790734,1.0269437514286324,0.43259843322690017,0.3986887394294508,0.0016326547484831742,0.007236640664871081,0.0045768559881450505,20000.0,-5000.0,76197.01259250155
3437.0,311.4302252475977,363.83337822006365,1.029247678155258,0.4392456255118873,0.4033636324996515,0.002401847877527884,0.00578355163441324,0.004867395954736536,20000.0,-5000.0,76180.39244330111
3438.0,312.4606217573515,364.2759421300972,1.0315390638235158,0.4458714095846972,0.4079861297645791,0.0019895949431533756,0.007757159939349443,0.004701151423841102,20000.0,-5000.0,76163.26709094986
3439.0,313.49330337524475,364.72512103923304,1.0338178805134532,0.4524754625139167,0.4125566855600056,0.004274824825215519,0.00524817704174297,0.004718509095935201,20000.0,-5000.0,76145.63410006448
3440.0,314.5282575183784,365.180893055125,1.0360841004591066,0.45905746242755185,0.4170757542216873,0.004321760391737947,0.006703163493828555,0.004524181522670702,20000.0,-5000.0,76127.4910378062
3441.0,315.56547157616296,365.64323596408815,1.0383376960469661,0.46561708852809147,0.42154378981844726,0.002295650460580454,0.00774468723691479,0.004597508634251923,20000.0,-5000.0,76108.83547467232
3442.0,316.6049329104723,366.1121272321812,1.0405786398176247,0.47215402110862215,0.42596124589770323,0.002301150773619203,0.004286761769811176,0.0042876985961751105,20000.0,-5000.0,76089.66498529991
3443.0,317.6466288557982,366.5875440063054,1.0428069044660049,0.4786679415682613,0.43032857524328716,0.0018334739487236903,0.008601559221806816,0.0043625577820836856,20000.0,-5000.0,76069.97714928162
3444.0,318.6905467194043,367.0694631153177,1.0450224628413025,0.48515853242776075,0.4346462296454814,0.0033596067369055897,0.006036406509145478,0.004328468474002146,20000.0,-5000.0,76049.76955199373
3445.0,319.7366737814808,367.5578610711609,1.0472252879476969,0.4916254773448543,0.43891465968217974,0.001854318289645599,0.006601725038349669,0.004414654929901674,20000.0,-5000.0,76029.03978543577
3446.0,320.7849972952997,368.0527140700074,1.0494153529447203,0.49806846112983294,0.4431343145115882,0.0017454166610266033,0.007025240438336068,0.004234840505226369,20000.0,-5000.0,76007.78544908253
3447.0,321.83550448737026,368.5539979934206,1.0515926311465478,0.5044871697606084,0.44730564167579967,0.003188757164639071,0.007161699447400354,0.004070189661260829,20000.0,-5000.0,75986.00415074713
3448.0,322.8881825575928,369.06168840952864,1.0537570960237872,0.5108812903983164,0.4514290869143864,0.0015981319824802088,0.006666551831414325,0.004107633727693945,20000.0,-5000.0,75963.69350745626
3449.0,323.94301867941783,369.5757605742172,1.0559087212035934,0.5172505114027786,0.45550509398864747,0.002105921236346354,0.007394047850434585,0.0038456169222838427,20000.0,-5000.0,75940.8511463365
3450.0,325.0,370.0961894323342,1.058047480468872,0.5235945223470537,0.45953410451531596,0.00048750921992901197,0.006871163914859504,0.0037192932332048142,20000.0,-5000.0,75917.47470551236
3451.0,326.0591136403556,370.6229496189113,1.0601733477595303,0.5299130140330419,0.46351655780978185,0.0028518735641019878,0.00813716266040766,0.004061991788964608,20000.0,-5000.0,75893.56183501508
3452.0,327.12034669551906,371.1560154604003,1.0622862971724771,0.5362056785062919,0.46745289073829854,0.004125274826367773,0.006822897717993653,0.003867241461929091,20000.0,-5000.0,75869.11019770303
3453.0,328.18368623470053,371.6953609759239,1.0643863029621343,0.5424722090712351,0.47134353757912056,0.0028437054198504155,0.008296831069060859,0.0038357571752251243,20000.0,-5000.0,75844.11747019256
3454.0,329.24911930144333,372.24095987854275,1.0664733395408916,0.548712300306164,0.4751889298919365,0.003601033035078847,0.007163978737931764,0.003925529375506958,20000.0,-5000.0,75818.58134379995
3455.0,330.3166329137823,372.79278557653623,1.068547381478254,0.5549256480775284,0.4789894963954524,0.0011874568917071464,0.004321569464885004,0.003950776302765472,20000.0,-5000.0,75792.49952549365
3456.0,331.38621406439984,373.3508111746978,1.0706084035027175,0.5611119495555954,0.48274566285279275,0.002300312759079242,0.008888572051397309,0.0038001407681455468,20000.0,-5000.0,75765.86973885742
3457.0,332.45784972078775,373.9150094756474,1.0726563805019396,0.5672709032289731,0.4864578519642349,0.0010604120379301342,0.0055477243319627546,0.003928360259575727,20000.0,-5000.0,75738.68972506312
3458.0,333.5315268254037,374.48535298115576,1.0746912875216594,0.5734022089188215,0.4901264832674497,0.0017914487748732783,0.007672925840668106,0.0037090991227527723,20000.0,-5000.0,75710.95724385405
3459.0,334.60723229583107,375.06181389348507,1.0767130997672325,0.5795055677939729,0.4937519730443571,0.002818470090822973,0.006117105994914235,0.003641422679237112,20000.0,-5000.0,75682.67007453789
3460.0,335.6849530249382,375.6443641167437,1.0787217926034316,0.5855806823852845,0.49733473423475605,0.0021080298395332398,0.007164539882912482,0.0035912688614591647,20000.0,-5000.0,75653.82601698951
3461.0,336.76467588103793,376.23297525825564,1.0807173415549869,0.591627256600276,0.5008751763562738,0.0005196030327193129,0.005316033748465381,0.003360838200566646,20000.0,-5000.0,75624.42289266299
3462.0,337.84638770804816,376.82761862994425,1.082699722307126,0.5976449957376246,0.5043737054303383,0.0006079540163990342,0.006654044580605609,0.003595756831513227,20000.0,-5000.0,75594.45854561316
3463.0,338.9300753256522,377.4282652497309,1.0846689107045222,0.6036336065008641,0.5078307239140835,0.0005259593728987495,0.005710543907961106,0.0031346592910172404,20000.0,-5000.0,75563.93084352583
3464.0,340.0157255294572,378.034885842946,1.0866248827532843,0.6095927970135335,0.5112466306377157,0.0024605375036425817,0.0075867388961512894,0.0033231969495102084,20000.0,-5000.0,75532.83767875723
3465.0,341.10332509115875,378.64745084375795,1.0885676146210415,0.6155222768334738,0.5146218207473837,0.004082864604725846,0.006370761682744236,0.0033578574204396862,20000.0,-5000.0,75501.17696938154
3466.0,342.1928607586993,379.26593039661293,1.0904970826359204,0.621421756966015,0.517956685652856,0.0033399884196671555,0.00685785942056007,0.0032174288511101594,20000.0,-5000.0,75468.94666024706
3467.0,343.2843192564306,379.89029435769,1.092413263288023,0.627290949878784,0.5212516129802648,-6.258808295559609e-05,0.003602936723658619,0.0032193976971804494,20000.0,-5000.0,75436.14472404013
3468.0,344.37768728527533,380.5205122963705,1.0943161332292277,0.6331295695156598,0.5245069865295965,0.0033743384087395406,0.005734182095558009,0.003462790248005454,20000.0,-5000.0,75402.7691623571
3469.0,345.47295152288905,381.1565534967213,1.0962056692736724,0.638937331310558,0.5277231862362726,0.0028568566389025342,0.006219227573387003,0.0033330521616971275,20000.0,-5000.0,75368.81800678355
3470.0,346.5700986238227,381.7983869589916,1.0980818483982944,0.6447139522014425,0.5309005881371319,0.0002621419301933848,0.005993503227455959,0.003073548716026488,20000.0,-5000.0,75334.28931998086
3471.0,347.66911521968564,382.4459814011242,1.0999446477418644,0.6504591506436839,0.5340395643406352,0.0015407222429965944,0.006729097105110474,0.0030619966250710557,20000.0,-5000.0,75299.18119677964
3472.0,348.7699879193064,383.099305260279,1.10179404460672,0.6561726466244977,0.5371404830006035,0.0029821945227014963,0.005316909371471553,0.002924472558227523,20000.0,-5000.0,75263.49176527972
3473.0,349.8727033088991,383.7583266943732,1.1036300164591069,0.6618541616763309,0.5402037082934781,0.0024017828471212133,0.005716132152647118,0.0031315643901178004,20000.0,-5000.0,75227.21918795646
3474.0,350.9772479522246,384.42301358363164,1.10545254092807,0.6675034188900497,0.5432296003995416,0.00045413143449180146,0.006861646370801573,0.0029765820281263443,20000.0,-5000.0,75190.36166277324
3475.0,352.0836083907552,385.0933335321533,1.1072615958066763,0.6731201429288944,0.5462185154870565,0.00243757392458143,0.00323013695108017,0.002727914307395474,20000.0,-5000.0,75152.91742429919
3476.0,353.19177114383797,385.76925386948943,1.1090571590521279,0.6787040600415821,0.5491708056994435,-0.0004345196872797244,0.006180391857620774,0.002946589876555865,20000.0,-5000.0,75114.88474483263
3477.0,354.3017227088595,386.45074165223645,1.1108392087861034,0.684254898075892,0.552086819145696,0.0015435131212837257,0.0051868721530432295,0.0029522229801044416,20000.0,-5000.0,75076.26193552914
3478.0,355.4134495614102,387.1377636656412,1.1126077232951843,0.6897723864919669,0.554966899893421,0.0029453844813149355,0.004551729347206636,0.002981148926047025,20000.0,-5000.0,75037.04734753462
3479.0,356.52693815544984,387.8302864252204,1.114362681030002,0.6952562563749041,0.5578113879646367,0.0017673014416197028,0.005816984229709358,0.002817806754548173,20000.0,-5000.0,74997.23937312215
3480.0,357.6421749234702,388.528276178391,1.1161040606068866,0.700706240448568,0.5606206193339205,0.0012156088453390101,0.00670964465548276,0.0027457763613494795,20000.0,-5000.0,74956.83644683307
3481.0,358.7591462766636,389.2316989061175,1.1178318408083214,0.7061220730887783,0.5633949259290405,0.002646025545248076,0.0064794927974059485,0.003002139857203233,20000.0,-5000.0,74915.83704662134
3482.0,359.8778386050868,389.9405203245686,1.119546000581579,0.7115034903353887,0.566134635633904,0.002721229465460087,0.005223540277581946,0.002723386002185528,20000.0,-5000.0,74874.23969500107
3483.0,360.9982382778268,390.6547058867883,1.1212465190401133,0.7168502299056456,0.5688400722933803,0.0030563282503001006,0.006240174419898613,0.0027772636261141183,20000.0,-5000.0,74832.04296019673
3484.0,362.12033164316705,391.3742207843799,1.1229333754636457,0.7221620312069774,0.5715115557203235,0.002589464423494875,0.006197125549567527,0.002588078275647202,20000.0,-5000.0,74789.24545729562
3485.0,363.24410502875406,392.09902994920225,1.1246065492983632,0.7274386353497562,0.5741494017044534,0.002791116833953879,0.005167997547869343,0.0027063272573562024,20000.0,-5000.0,74745.84584940218
3486.0,364.3695447417638,392.8290980550794,1.1262660201574874,0.7326797851599167,0.5767539220228068,0.0024149457880453156,0.004502385585176181,0.0024083672289444175,20000.0,-5000.0,74701.84284879368
3487.0,365.49663706906904,393.5643895195221,1.127911767820251,0.7378852251907801,0.5793254244520445,0.0019150662752198612,0.004526718145162596,0.002498120045963515,20000.0,-5000.0,74657.23521807711
3488.0,366.6253682774043,394.30486850546095,1.1295437722338306,0.7430547017366109,0.5818642127822422,0.0017182258391530679,0.0060228639210538285,0.0023734639399517264,20000.0,-5000.0,74612.02177134634
3489.0,367.7557246135367,395.0504989229953,1.1311620135132898,0.7481879628447814,0.5843705868321125,0.0013645636091003711,0.005071189189719505,0.0024156530180375036,20000.0,-5000.0,74566.20137533946
3490.0,368.88769230443086,395.8012444311505,1.1327664719405561,0.7532847583271121,0.5868448424655269,0.0003365095489244038,0.003990249614382958,0.0026126671666427195,20000.0,-5000.0,74519.7729505958
3491.0,370.0212575574178,396.5570684396495,1.1343571279659272,0.7583448397730876,0.5892872716094857,0.0005900756633708758,0.003289087151233227,0.0023510906747386986,20000.0,-5000.0,74472.73547261198
3492.0,371.1564065603627,397.3179341106967,1.135933962207588,0.7633679605614532,0.5916981622731254,0.0012765757291458176,0.005869749453862588,0.0024839059203541434,20000.0,-5000.0,74425.08797299676
3493.0,372.293125481833,398.08380436077243,1.1374969554524057,0.76835387587235,0.5940777985676886,0.0018072102450418727,0.0043984582314106615,0.0025514001048688,20000.0,-5000.0,74376.82954062383
3494.0,373.4314004712675,398.8546418624414,1.1390460886558174,0.7733023426993384,0.5964264607278618,0.003040858293281026,0.005273275580832225,0.0023299098725795384,20000.0,-5000.0,74327.9593227826
3495.0,374.5712176591446,399.6304090461711,1.1405813429423972,0.7782131198612774,0.5987444251337415,0.0014848299915492709,0.006181296656900232,0.0024253959951099154,20000.0,-5000.0,74278.47652632574
3496.0,375.7125631571523,400.41106810216394,1.1421026996049477,0.7830859680134665,0.601031964333884,0.0025581667612538405,0.0034922840846797806,0.0023380040993278024,20000.0,-5000.0,74228.38041881376
3497.0,376.8554230583545,401.19658098219804,1.143610140106233,0.7879206496601512,0.6032893470689465,0.0026231259075355203,0.00476853082586595,0.0022568068603940282,20000.0,-5000.0,74177.67032965546
3498.0,377.9997834373648,401.98690940148424,1.1451036460792068,0.7927169291661755,0.6055168382962131,0.001245789689017722,0.004599413643588915,0.002305275082098142,20000.0,-5000.0,74126.34565124397
3499.0,379.14563035051293,402.7820148405304,1.146583199325562,0.7974745727674133,0.6077146992148089,0.00209113626466359,0.005133200136722552,0.0024102475405568926,20000.0,-5000.0,74074.40584008797
3500.0,380.2929498360159,403.58185854701907,1.1480487818174936,0.8021933485830459,0.6098831872913661,0.0012052819313769121,0.005988142061131781,0.002075281003073843,20000.0,-5000.0,74021.85041793727
3501.0,381.4417279141479,404.3864015376965,1.149500375697329,0.8068730266265902,0.6120225562864234,0.002819813431040611,0.003277182744496513,0.002006556236214388,20000.0,-5000.0,73968.67897290253
3502.0,382.59195058741057,405.19560460027225,1.1509379632778405,0.8115133788171249,0.6141330562812204,0.00209194958814401,0.005213252833123228,0.001970564399082312,20000.0,-5000.0,73914.8911605681
3503.0,383.7436038407036,406.00942829533074,1.1523615270427854,0.8161141789906878,0.6162149337049989,0.00017825875970932576,0.005653853881260851,0.0021904132923670242,20000.0,-5000.0,73860.48670509788
3504.0,384.89667364149614,406.8278329582536,1.1537710496458828,0.820675202910337,0.6182684313626228,0.0015705036745141763,0.004347164110615177,0.0021788064939020145,20000.0,-5000.0,73805.46540033328
3505.0,386.05114593999537,407.6507787011514,1.1551665139125475,0.8251962282781449,0.6202937884625971,0.003102714265023777,0.0043579501111328505,0.0019451270795328422,20000.0,-5000.0,73749.82711088307
3506.0,387.20700666932123,408.4782254148099,1.156547902840117,0.8296770347461973,0.6222912406454812,0.0011858349632072106,0.004895838900633099,0.0017200030484017048,20000.0,-5000.0,73693.571773204
3507.0,388.3642417456756,409.3101327706438,1.1579151995964594,0.8341174039260864,0.6242610200124271,0.0018259341622733306,0.004778704606324215,0.0018727832207256346,20000.0,-5000.0,73636.69939667208
3508.0,389.52283706851415,410.1464602226621,1.1592683875214789,0.8385171194004784,0.6262033551539998,0.0019139223978985168,0.004985016811906969,0.0019963381383426393,20000.0,-5000.0,73579.2100646437
3509.0,390.68277852071856,410.98716700944476,1.1606074501270314,0.842875966733402,0.6281184711791581,0.00025374608739538824,0.004922124274783281,0.0018933827648047635,20000.0,-5000.0,73521.10393550617
3510.0,391.8440519687682,411.8322121561289,1.161932371097123,0.8471937334808217,0.6300065897444853,0.001849056132370664,0.003275720474441586,0.001896986283484348,20000.0,-5000.0,73462.3812437166
3511.0,393.0066432629128,412.6815544764064,1.1632431342882512,0.8514702092011817,0.631867929083516,-0.00014612453376575758,0.005285753974327231,0.0017834694238485457,20000.0,-5000.0,73403.04230082921
3512.0,394.1705382373447,413.53515257453125,1.1645397237285238,0.855705185464501,0.63370270403589,0.00063875030784338,0.005427755529790167,0.0019467506986545673,20000.0,-5000.0,73343.0874965098
3513.0,395.33572271036985,414.3929648473354,1.165822123619563,0.8598984558640836,0.6355111260769393,0.002394213030552149,0.004365869832128912,0.0018377041278785844,20000.0,-5000.0,73282.51729953733
3514.0,396.50218248458384,415.2549494862594,1.167090318336193,0.864049816026295,0.6372934033471732,0.0016321652815267634,0.002576154788042115,0.0018416847621871182,20000.0,-5000.0,73221.33225879131
3515.0,397.66990334704224,416.121064479388,1.1683442924255587,0.8681590636194869,0.6390497406815792,0.0009301528418675158,0.003968738158353027,0.001763098985074897,20000.0,-5000.0,73159.53300422516
3516.0,398.83887106943496,416.9912676134984,1.169584030608462,0.872225998364712,0.640780339639036,0.0016970001381527995,0.004247890934343126,0.0017825429908362174,20000.0,-5000.0,73097.12024782425
3517.0,400.00907140825916,417.8655164761174,1.1708095177790767,0.8762504220452456,0.6424853985317283,0.001155849108200618,0.002812511497530756,0.001748980305775935,20000.0,-5000.0,73034.09478454843
3518.0,401.1804901049931,418.7437684575889,1.172020739005177,0.8802321385164475,0.6441651124545134,0.0012171644330725238,0.0035856673972218343,0.0015526005319035868,20000.0,-5000.0,72970.457493258
3519.0,402.3531128862695,419.6259807531503,1.173217679528733,0.8841709537152838,0.6458196733139067,0.0018729841859256233,0.002451309755884219,0.0016881196919407673,20000.0,-5000.0,72906.2093376231
3520.0,403.5269254640506,420.51211036501945,1.1744003247648607,0.8880666756689948,0.6474492698572116,0.0004189171535380023,0.004505756804210306,0.0017148899202667053,20000.0,-5000.0,72841.35136701506
3521.0,404.70191353579924,421.4021141044883,1.1755686603032984,0.8919191145055834,0.6490540877015204,0.0012031295773234309,0.004003322200713748,0.0017350797056361058,20000.0,-5000.0,72775.88471737987
3522.0,405.8780627846572,422.2959485940306,1.176722671908891,0.8957280824629947,0.6506343093622996,0.000822036125257492,0.0020752745396229104,0.0016193664944934942,20000.0,-5000.0,72709.81061209278
3523.0,407.055358879617,423.1935702694143,1.177862345520083,0.8994933938974157,0.6521901142821988,-0.0005167713379357053,0.0041089684016446726,0.0014245598856573749,20000.0,-5000.0,72643.13036279302
3524.0,408.23378747569734,424.09493538182545,1.1789876672503112,0.9032148652928242,0.65372167885921,0.00016072475523446037,0.003640682774234858,0.0014194036541210812,20000.0,-5000.0,72575.84537019889
3525.0,409.41333421411764,424.99999999999994,1.18009862338792,0.9068923152699142,0.6552291764749407,0.0027349401272668355,0.004192499158843241,0.0014418462210078835,20000.0,-5000.0,72507.9571249017
3526.0,410.5939847224732,425.9087200123653,1.1811952003961892,0.910525564594991,0.6567127775226574,0.0014895516063943124,0.0032038070950861975,0.0014951188678801383,20000.0,-5000.0,72439.46720813858
3527.0,411.77572461491,426.8210511291899,1.1822773849139878,0.9141144361888394,0.6581726494348756,-0.0003017517464569551,0.002732934621762545,0.0014330040194242277,20000.0,-5000.0,72370.37729254315
3528.0,412.95853949230116,427.73694888474296,1.183345163754666,0.9176587551344824,0.6596089567108907,-0.0005416336613593333,0.002720160432149377,0.0012859221428440826,20000.0,-5000.0,72300.68914287342
3529.0,414.14241494241935,428.6563686394589,1.184398523907646,0.921158348686788,0.6610218609439779,0.0009294768525325281,0.0029173665807480996,0.0012618594613369868,20000.0,-5000.0,72230.40461671665
3530.0,415.32733654011645,429.57926558211653,1.1854374525387357,0.9246130462809674,0.6624115208483066,0.002655578315145514,0.0034517463940909984,0.001119129932263869,20000.0,-5000.0,72159.52566517012
3531.0,416.5132898474968,430.5055947320208,1.186461936988536,0.92802267953968,0.6637780922856771,0.0008229992128142031,0.003540917339856479,0.0009701186685650023,20000.0,-5000.0,72088.05433349752
3532.0,417.7002604140935,431.4353109411959,1.1874719647740335,0.9313870822822707,0.6651217282918402,0.0023622719011360096,0.003143327775420798,0.0013159797635971652,20000.0,-5000.0,72015.9927617601
3533.0,418.8882337770449,432.36836889658537,1.1884675235884288,0.934706090532444,0.6664425791024695,0.0013543798668209917,0.0028559133164362456,0.0015958794976869044,20000.0,-5000.0,71943.34318542233
3534.0,420.0771954612704,433.3047231222608,1.1894486013010805,0.9379795425264206,0.6677407921790852,0.0014640034359513954,0.0028850811742818496,0.0015087132629062543,20000.0,-5000.0,71870.10793593091
3535.0,421.26713097964705,434.2443279816382,1.1904151859581873,0.9412072787210661,0.6690165122343995,-0.00043002052945416967,0.005813215358925805,0.001143817659961551,20000.0,-5000.0,71796.28944126706
3536.0,422.45802583318675,435.1871376797029,1.1913672657816505,0.9443891418005421,0.670269881257369,0.0019199882364989971,0.0023571774374687472,0.0012607632296902345,20000.0,-5000.0,71721.89022647146
3537.0,423.64986551121035,436.1331062652393,1.1923048291706664,0.9475249766853437,0.6715010385380938,0.0005819191287301738,0.002532368497485638,0.0010393709586228018,20000.0,-5000.0,71646.91291414086
3538.0,424.8426354915281,437.0821876330736,1.1932278647018677,0.9506146305397749,0.6727101206922134,0.0018135135858048457,0.006492597997349884,0.0010361796554356829,20000.0,-5000.0,71571.36022489611
3539.0,426.0363212406141,438.03433552631884,1.194136361128102,0.953657952778201,0.6738972616849455,5.436055353374948e-05,0.0034580002248120975,0.0010284518987837398,20000.0,-5000.0,71495.23497782112
3540.0,427.2309082137843,438.98950353863,1.195030307379625,0.9566547950734332,0.6750625928549433,0.001070824005271237,0.001538139218953101,0.0011266610636195553,20000.0,-5000.0,71418.54009087197
3541.0,428.42638185537334,439.9476451164657,1.195909692563987,0.9596050113636068,0.6762062429376114,0.0012382359779961512,0.003803354432553308,0.0011103546530289376,20000.0,-5000.0,71341.27858125586
3542.0,429.62272759891226,440.9087135613572,1.1967745059661468,0.962508457859343,0.6773283380881742,0.0006973041326810273,0.0019334117931787682,0.0011425662965388996,20000.0,-5000.0,71263.45356577898
3543.0,430.81993086730563,441.8726620321844,1.197624737048642,0.9653649930507413,0.6784290019043261,0.001263723358939304,0.0037785723524590706,0.0011718584796919964,20000.0,-5000.0,71185.06826116347
3544.0,432.01797707300955,442.8394435474587,1.1984603754519867,0.9681744777145127,0.6795083554485513,0.0005512434400116311,0.0025664580329222498,0.0010271820577180029,20000.0,-5000.0,71106.12598433216
3545.0,433.2168516182096,443.8090109876134,1.1992814109935352,0.9709367749198918,0.6805665172701367,0.000138608108874927,0.00228118149334274,0.0010520917978751939,20000.0,-5000.0,71026.63015266114
3546.0,434.4165398949966,444.7813170972985,1.2000878336692153,0.9736517500364243,0.6816036034266469,0.0024690585751348305,0.004365024565552473,0.0008916139807019902,20000.0,-5000.0,70946.58428419978
3547.0,435.61702728554803,445.75631448768627,1.2008796336537273,0.976319270740504,0.6826197275050695,0.0018755545590962096,0.003232872166005135,0.000839769638921676,20000.0,-5000.0,70865.99199785687
3548.0,436.8182991623041,446.7339556387795,1.2016568012988955,0.9789392070207157,0.6836150006427946,-2.1568479454209537e-05,0.0036081374306737336,0.0007999087253008797,20000.0,-5000.0,70784.85701355369
3549.0,438.0203408881458,447.7141929017277,1.202419327135118,0.981511431185055,0.6845895315479507,0.0013464689422760271,0.003000688131287064,0.0010443388266017065,20000.0,-5000.0,70703.1831523424
3550.0,439.2231378165743,448.6969785011496,1.2031672018713095,0.9840358178669533,0.6855434265194275,-3.195449449455918e-05,0.00203811642623619,0.0009019265978599484,20000.0,-5000.0,70620.97433649044
3551.0,440.42667529188844,449.6822645374616,1.2039004163948164,0.9865122440313598,0.6864767894666117,-0.0005063725152457176,0.003088287267866243,0.0006922263631709875,20000.0,-5000.0,70538.23458952924
3552.0,441.63093864936394,450.6700029892123,1.204618961772013,0.988940588980995,0.6873897219285997,0.0017865257019437763,0.003662013345733418,0.000894980790181603,20000.0,-5000.0,70454.9680362681
3553.0,442.83591321543247,451.6601457154236,1.2053228292470237,0.9913207343612385,0.6882823230931674,-0.0010759989218789598,0.0024961356799593714,0.0007283626381226017,20000.0,-5000.0,70371.178902772
3554.0,444.041584307858,452.6526444579348,1.2060120102434269,0.9936525641672063,0.6891546898152783,0.0016459048757683776,0.004181597905973656,0.001067209791146551,20000.0,-5000.0,70286.87151630373
3555.0,445.2479372359193,453.647450843758,1.2066864963643695,0.9959359647492931,0.6900069166351441,0.0004042648773299631,0.00314376655193244,0.0007707686250350009,20000.0,-5000.0,70202.05030522887
3556.0,446.4549573005867,454.6445163874334,1.2073462793911744,0.9981708248174925,0.6908390957959635,0.0004323867727882495,0.0024310294875707133,0.0009063072941176128,20000.0,-5000.0,70116.71979888469
3557.0,447.6626297947017,455.643792493393,1.2079913512845621,1.0003570354479052,0.6916513172613433,0.0010639160732155298,0.00242341693061803,0.0009366791140668197,20000.0,-5000.0,70030.88462741156
3558.0,448.87094000315585,456.6452304583292,1.2086217041845373,1.002494490087713,0.6924436687321719,0.0012275248482999496,0.0022557720725884444,0.0006646082195548616,20000.0,-5000.0,69944.54952154741
3559.0,450.07987320307075,457.6487814735684,1.2092373304105024,1.0045830845603803,0.6932162356631768,-0.0002512636235603423,0.0007626345817486799,0.0007721015079684445,20000.0,-5000.0,69857.719312384
3560.0,451.28941466397686,458.65439662744996,1.2098382224615136,1.0066227170709965,0.6939691012791599,0.001340065250369186,0.0019214130226387514,0.0008113608275616046,20000.0,-5000.0,69770.39893108586
3561.0,452.4995496479938,459.6620269077104,1.2104243730152575,1.008613288210256,0.6947023465907503,0.0006966988608063763,0.002196059577870206,0.0007377345130305337,20000.0,-5000.0,69682.59340857095
3562.0,453.71026341000737,460.67162320387047,1.2109957749296996,1.0105547009605687,0.6954160504097782,-0.0007424641770428101,0.0014839943462749458,0.0007485360645965363,20000.0,-5000.0,69594.30787515323
3563.0,454.9215411978532,461.68313630963155,1.2115524212431126,1.0124468607006918,0.6961102893642492,0.0003725697853928013,0.0022187226544341404,0.0005204496475367038,20000.0,-5000.0,69505.54756014627
3564.0,456.1333682524936,462.69651692527185,1.2120943051725988,1.0142896752091417,0.6967851379130026,0.001971239991338535,0.001840260019807153,0.0007335649997167109,20000.0,-5000.0,69416.31779142887
3565.0,457.34572980819837,463.71171566004983,1.2126214201155108,1.0160830546697923,0.697440668359922,0.0022636411861422356,0.002573375639052981,0.0005859072939398563,20000.0,-5000.0,69326.62399497157
3566.0,458.5586110927246,464.72868303461144,1.2131337596490823,1.0178269116758258,0.6980769508677397,0.0012511003609198253,0.0024087911553764036,0.0006698195246101143,20000.0,-5000.0,69236.47169432449
3567.0,459.77199732749654,465.7473694834015,1.213631317530627,1.0195211612341382,0.6986940534714952,-0.0007479745013688366,0.0018432694246804777,0.0007210845770557479,20000.0,-5000.0,69145.86651006601
3568.0,460.9858737277859,466.7677253570797,1.2141140876978795,1.021165720769659,0.6992920420915625,0.0009856792701970732,0.00019756480354665967,0.0006710034792616092,20000.0,-5000.0,69054.81415921272
3569.0,462.2002255028923,467.7897009249408,1.2145820642678302,1.0227605101283075,0.699870980546299,0.0013456018526088569,0.0034324897948027886,0.0006124809285917682,20000.0,-5000.0,68963.32045459002
3570.0,463.41503785632153,468.8132463773363,1.2150352415383168,1.0243054515823076,0.7004309305643807,0.0012006216934570585,0.001372391603272863,0.0006297328710557486,20000.0,-5000.0,68871.39130416406
3571.0,464.6302959859689,469.8383118281054,1.2154736139881095,1.0258004698339676,0.7009719517966757,0.0012474393831647984,0.0013858859863782413,0.0006165447906851362,20000.0,-5000.0,68779.03271033402
3572.0,465.84598508429775,470.86484731700426,1.215897176275547,1.0272454920179541,0.701494101827653,0.0007940035557825425,0.0010637150848430438,0.0006973071003411369,20000.0,-5000.0,68686.25076918596
3573.0,467.06209033852,471.8928028121413,1.2163059232395597,1.0286404477058397,0.7019974361865853,0.00032601695078782395,0.000861865934782232,0.0004897509521997857,20000.0,-5000.0,68593.05166970735
3574.0,468.27859693077687,472.92212821241594,1.2166998498997543,1.0299852689095133,0.7024820083582568,-0.0002462807462441127,0.0029257767305422232,0.0004954512958210752,20000.0,-5000.0,68499.44169296273
3575.0,469.49549003831953,473.95277334996035,1.2170789514562443,1.031279890084278,0.7029478697932965,-0.0016024553136120595,0.0027111868093675972,0.0005715603277878986,20000.0,-5000.0,68405.42721123084
3576.0,470.71275483368936,474.9846879925845,1.217443223290104,1.0325242481323471,0.7033950699181202,0.0007101339202875139,0.0016814329844695602,0.00037737276606989844,20000.0,-5000.0,68311.01468710255
3577.0,471.93037648489974,476.01782184622505,1.217792660962175,1.0337182824050046,0.7038236561445753,0.0005355417569065203,0.001057026753488316,0.0002545120617812876,20000.0,-5000.0,68216.21067254087
3578.0,473.1483401556137,477.0521245573945,1.2181272602146862,1.0348619347066688,0.7042336738790294,0.0009071418039952996,0.001762410447075204,0.0004616264135436686,20000.0,-5000.0,68121.02180790246
3579.0,474.3666310053291,478.0875457156384,1.2184470169712824,1.0359551492978767,0.7046251665312605,-0.0010789155983981678,0.0011447291958534655,0.000356824735460359,20000.0,-5000.0,68025.4548209206
3580.0,475.5852341895563,479.12403485599026,1.2187519273354326,1.0369978728966487,0.7049981755229077,0.0009684009080310016,0.0008195918846758573,0.00021476180052448833,20000.0,-5000.0,67929.51652565083
3581.0,476.80413486,480.1615414614317,1.219041987591993,1.0379900546820409,0.7053527402953624,0.0024196732563589894,0.001318568354328305,0.0004071349861927574,20000.0,-5000.0,67833.2138213788
3582.0,478.02331816474026,481.20001496535434,1.219317194206667,1.0389316462965326,0.7056888983176335,0.0003493782015902507,0.0004574023347494706,0.0005035934117467376,20000.0,-5000.0,67736.55369149055
3583.0,479.2427692484133,482.23940475402475,1.219577543826091,1.0398226018483285,0.7060066850935943,0.00018877821162617022,0.0011280090647462458,0.00010748583244955717,20000.0,-5000.0,67639.54320230601
3584.0,480.46247325239244,483.279660169051,1.2198230332780327,1.0406628779134905,0.7063061341687825,0.0005594673864114059,0.0010273367120370112,0.00041646464056953986,20000.0,-5000.0,67542.18950187574
3585.0,481.6824153149694,484.3207305098517,1.2200536595715903,1.04145243353841,0.706587277137039,0.0023371333545656094,0.0013913214573146422,-4.1103427141157205e-05,20000.0,-5000.0,67444.49981874114
3586.0,482.9025805715356,485.3625650361278,1.220269419895999,1.042191230240718,0.7068501436466481,-0.000856423555895989,6.940250213936111e-05,0.00020434139452960977,20000.0,-5000.0,67346.4814606589
3587.0,484.1229541547614,486.40511297033316,1.2204703116223072,1.0428792320124671,0.7070947614060763,0.0004048223643160754,0.0014012375066434967,0.00046265062540893254,20000.0,-5000.0,67248.14181329022
3588.0,485.34352119478024,487.44832350015275,1.2206563323033492,1.0435164053220376,0.7073211561894709,-0.0006531814879481334,-0.0003309584397009486,0.00017677562572057128,20000.0,-5000.0,67149.48833885381
3589.0,486.5642668193681,488.49214578097724,1.2208274796722094,1.0441027191142211,0.707529351841591,-0.00040525855247513956,-3.468677840096535e-05,0.0002102066510786127,20000.0,-5000.0,67050.52857474571
3590.0,487.78517615412466,489.5365289383812,1.2209837516434447,1.0446381448128363,0.7077193702825015,9.725184724336502e-05,-4.019401678275901e-05,0.0002750877581144724,20000.0,-5000.0,66951.27013212368
3591.0,489.00623432265496,490.5814220706029,1.2211251463130282,1.045122656322036,0.707891231511847,0.0015353765358458605,-0.0006560545173385339,-4.90441928861501e-05,20000.0,-5000.0,66851.72069445888
3592.0,490.2274264467507,491.62677425102527,1.2212516619580924,1.0455562300274437,0.7080449536128082,0.001992379890987342,0.0014645377053019099,0.00015355808744054383,20000.0,-5000.0,66751.88801605371
3593.0,491.44873764657115,492.6725345306578,1.2213632970373283,1.0459388447975186,0.7081805527555847,0.0005703302016639344,-0.0006508361909761179,0.00013446954836119108,20000.0,-5000.0,66651.77992052762
3594.0,492.67015304082537,493.7186519406203,1.2214600501899042,1.046270481983612,0.7082980432005404,-0.00030240427026950305,-0.00042083912864309184,0.0003382776637643654,20000.0,-5000.0,66551.4042992706
3595.0,493.89165774695095,494.765075494625,1.221541920236973,1.0465511254222406,0.7083974373010344,0.0026672560795888618,0.001560954952802893,-6.215584329711369e-05,20000.0,-5000.0,66450.76910986556
3596.0,495.1132368812993,495.8117541914648,1.2216089061815296,1.0467807614357412,0.7084787455058364,-0.00038517829522535476,-0.0003893662091415416,2.5182460068883445e-05,20000.0,-5000.0,66349.88237447971
3597.0,496.334875559314,496.8586370174965,1.221661007207075,1.0469593788317013,0.7085419763611329,-0.0005494100905103577,-4.259331363966074e-05,-6.0376055232172154e-05,20000.0,-5000.0,66248.75217822602
3598.0,497.55655889571347,497.9056729491282,1.221698222678782,1.0470869689045799,0.7085871365122383,-0.0018201602277294197,-0.0009633506275293405,-9.604878682198498e-05,20000.0,-5000.0,66147.38666749524
3599.0,498.7782720046716,498.95281095530567,1.221713108958113,1.0471380061774767,0.7086051993738028,0.0014670341463646056,0.0009174333934225421,0.0001571994821342614,20000.0,-5000.0,66045.79404825927
